Date,Session Date,Exercise Name,sets,total_reps,total_volume,max_weight,avg_weight,best_1rm,best_reps,previous_weight,previous_volume,previous_reps,previous_1rm,previous_sets,weight_2_sessions_ago,volume_2_sessions_ago,one_rm_2_sessions_ago,weight_3_sessions_ago,volume_3_sessions_ago,one_rm_3_sessions_ago,weight_change,volume_change,reps_change,one_rm_change,weight_change_2,volume_change_2,one_rm_change_2,days_since_previous,previous_session_count,rolling_avg_weight_3,rolling_avg_volume_3,rolling_avg_1rm_3,rolling_avg_reps_3,recent_best_weight_3,recent_best_1rm_3,weight_trend,volume_trend,one_rm_trend,target_weight
2015-10-30 13:07:09,2015-10-30,Incline Bench Press (Barbell),8,53,10685.0,235.0,195.625,291.3333333333333,8,230.0,9650.0,52.0,291.3333333333333,7.0,0.0,0.0,0.0,0.0,0.0,0.0,5.0,1035.0,1.0,0.0,0.0,0.0,0.0,6.833703703703704,1,230.0,9650.0,291.3333333333333,52.0,230.0,291.3333333333333,0.0,0.0,0.0,235.0
2015-10-30 17:47:44,2015-10-30,Rear delt fly,4,40,4450.0,115.0,111.25,153.33333333333331,10,120.0,4080.0,34.0,168.0,3.0,0.0,0.0,0.0,0.0,0.0,0.0,-5.0,370.0,6.0,-14.666666666666686,0.0,0.0,0.0,6.311018518518519,1,120.0,4080.0,168.0,34.0,120.0,168.0,0.0,0.0,0.0,115.0
2015-10-30 17:47:44,2015-10-30,Seated Cable Row (close Grip),4,38,6515.0,175.0,171.25,233.3333333333333,10,130.0,4160.0,32.0,164.66666666666666,4.0,0.0,0.0,0.0,0.0,0.0,0.0,45.0,2355.0,6.0,68.66666666666663,0.0,0.0,0.0,6.311018518518519,1,130.0,4160.0,164.66666666666666,32.0,130.0,164.66666666666666,0.0,0.0,0.0,175.0
2015-11-01 11:23:25,2015-11-01,Squat (Barbell),9,71,16705.0,295.0,236.11111111111111,373.6666666666666,8,315.0,10940.0,44.0,399.0,7.0,0.0,0.0,0.0,0.0,0.0,0.0,-20.0,5765.0,27.0,-25.333333333333428,0.0,0.0,0.0,8.556840277777777,1,315.0,10940.0,399.0,44.0,315.0,399.0,0.0,0.0,0.0,295.0
2015-11-04 19:21:19,2015-11-04,Incline Bench Press (Barbell),6,44,9205.0,240.0,208.33333333333334,296.0,8,235.0,10685.0,53.0,291.3333333333333,8.0,230.0,9650.0,291.3333333333333,0.0,0.0,0.0,5.0,-1480.0,-9.0,4.666666666666686,10.0,-445.0,4.666666666666686,5.259837962962963,2,232.5,10167.5,291.3333333333333,52.5,235.0,291.3333333333333,0.0,0.0,0.0,240.0
2015-11-06 16:48:14,2015-11-06,Lat Pulldown,3,36,5520.0,155.0,153.33333333333334,217.0,12,150.0,3000.0,20.0,200.0,2.0,0.0,0.0,0.0,0.0,0.0,0.0,5.0,2520.0,16.0,17.0,0.0,0.0,0.0,13.269699074074074,1,150.0,3000.0,200.0,20.0,150.0,200.0,0.0,0.0,0.0,155.0
2015-11-06 16:48:14,2015-11-06,Rear delt fly,4,52,5980.0,115.0,115.0,172.5,15,115.0,4450.0,40.0,153.33333333333331,4.0,120.0,4080.0,168.0,0.0,0.0,0.0,0.0,1530.0,12.0,19.166666666666686,-5.0,1900.0,4.5,6.9586805555555555,2,117.5,4265.0,160.66666666666666,37.0,120.0,168.0,0.0,0.0,0.0,115.0
2015-11-06 16:48:14,2015-11-06,Seated Cable Row (close Grip),3,28,4315.0,160.0,155.0,208.0,11,175.0,6515.0,38.0,233.3333333333333,4.0,130.0,4160.0,164.66666666666666,0.0,0.0,0.0,-15.0,-2200.0,-10.0,-25.333333333333286,30.0,155.0,43.33333333333334,6.9586805555555555,2,152.5,5337.5,198.99999999999997,35.0,175.0,233.3333333333333,0.0,0.0,0.0,160.0
2015-11-08 12:37:21,2015-11-08,Incline Bench Press (Barbell),5,39,7935.0,235.0,203.0,297.66666666666663,8,240.0,9205.0,44.0,296.0,6.0,235.0,10685.0,291.3333333333333,230.0,9650.0,291.3333333333333,-5.0,-1270.0,-5.0,1.6666666666666288,0.0,-2750.0,6.333333333333314,3.7194675925925926,3,235.0,9846.666666666666,292.88888888888886,49.666666666666664,240.0,296.0,10.0,-445.0,4.666666666666686,235.0
2015-11-08 12:37:21,2015-11-08,Seated Military Press,3,30,4950.0,165.0,165.0,220.0,10,165.0,5150.0,34.0,209.0,4.0,0.0,0.0,0.0,0.0,0.0,0.0,0.0,-200.0,-4.0,11.0,0.0,0.0,0.0,3.7194675925925926,1,165.0,5150.0,209.0,34.0,165.0,209.0,0.0,0.0,0.0,165.0
2015-11-08 12:37:21,2015-11-08,Seated Shoulder Press (Barbell),3,30,4950.0,165.0,165.0,220.0,10,165.0,5150.0,34.0,209.0,4.0,0.0,0.0,0.0,0.0,0.0,0.0,0.0,-200.0,-4.0,11.0,0.0,0.0,0.0,3.7194675925925926,1,165.0,5150.0,209.0,34.0,165.0,209.0,0.0,0.0,0.0,165.0
2015-11-08 17:45:26,2015-11-08,Glute extension.,2,20,2600.0,130.0,130.0,173.33333333333331,10,175.0,3500.0,20.0,233.3333333333333,2.0,0.0,0.0,0.0,0.0,0.0,0.0,-45.0,-900.0,0.0,-59.99999999999997,0.0,0.0,0.0,7.265289351851852,1,175.0,3500.0,233.3333333333333,20.0,175.0,233.3333333333333,0.0,0.0,0.0,130.0
2015-11-08 17:45:26,2015-11-08,Leg press (hinge ),3,30,10800.0,360.0,360.0,480.0,10,430.0,12900.0,30.0,573.3333333333333,3.0,0.0,0.0,0.0,0.0,0.0,0.0,-70.0,-2100.0,0.0,-93.33333333333326,0.0,0.0,0.0,15.822129629629629,1,430.0,12900.0,573.3333333333333,30.0,430.0,573.3333333333333,0.0,0.0,0.0,360.0
2015-11-08 17:45:26,2015-11-08,Squat (Barbell),6,48,12320.0,295.0,256.6666666666667,373.6666666666666,8,295.0,16705.0,71.0,373.6666666666666,9.0,315.0,10940.0,399.0,0.0,0.0,0.0,0.0,-4385.0,-23.0,0.0,-20.0,1380.0,-25.333333333333428,7.265289351851852,2,305.0,13822.5,386.33333333333326,57.5,315.0,399.0,0.0,0.0,0.0,295.0
2015-11-10 17:10:12,2015-11-10,Hammer Curl (Dumbbell ),2,30,2400.0,80.0,80.0,120.0,15,80.0,1340.0,18.0,101.33333333333331,2.0,0.0,0.0,0.0,0.0,0.0,0.0,0.0,1060.0,12.0,18.666666666666686,0.0,0.0,0.0,10.973935185185185,1,80.0,1340.0,101.33333333333331,18.0,80.0,101.33333333333331,0.0,0.0,0.0,80.0
2015-11-10 17:10:12,2015-11-10,Rear delt fly,3,36,4380.0,125.0,121.66666666666667,176.0,14,115.0,5980.0,52.0,172.5,4.0,115.0,4450.0,153.33333333333331,120.0,4080.0,168.0,10.0,-1600.0,-16.0,3.5,10.0,-70.0,22.666666666666686,4.01525462962963,3,116.66666666666667,4836.666666666667,164.61111111111111,42.0,120.0,172.5,-5.0,1900.0,4.5,125.0
2015-11-10 17:10:12,2015-11-10,Seated Cable Row (close Grip),4,44,7460.0,190.0,171.25,253.3333333333333,12,160.0,4315.0,28.0,208.0,3.0,175.0,6515.0,233.3333333333333,130.0,4160.0,164.66666666666666,30.0,3145.0,16.0,45.333333333333286,15.0,945.0,20.0,4.01525462962963,3,155.0,4996.666666666667,202.0,32.666666666666664,175.0,233.3333333333333,30.0,155.0,43.33333333333334,190.0
2015-11-15 11:30:55,2015-11-15,Leg press (hinge ),3,36,16200.0,450.0,450.0,630.0,12,360.0,10800.0,30.0,480.0,3.0,430.0,12900.0,573.3333333333333,0.0,0.0,0.0,90.0,5400.0,6.0,150.0,20.0,3300.0,56.66666666666674,6.739918981481481,2,395.0,11850.0,526.6666666666666,30.0,430.0,573.3333333333333,0.0,0.0,0.0,450.0
2015-11-15 11:30:55,2015-11-15,Squat (Barbell),8,62,15870.0,315.0,253.75,399.0,8,295.0,12320.0,48.0,373.6666666666666,6.0,295.0,16705.0,373.6666666666666,315.0,10940.0,399.0,20.0,3550.0,14.0,25.333333333333428,20.0,-835.0,25.333333333333428,6.739918981481481,3,301.6666666666667,13321.666666666666,382.11111111111103,54.333333333333336,315.0,399.0,-20.0,1380.0,-25.333333333333428,315.0
2015-11-16 18:10:32,2015-11-16,Seated Cable Row (close Grip),3,28,3640.0,130.0,130.0,173.33333333333331,10,190.0,7460.0,44.0,253.3333333333333,4.0,160.0,4315.0,208.0,175.0,6515.0,233.3333333333333,-60.0,-3820.0,-16.0,-79.99999999999997,-30.0,-675.0,-34.666666666666686,6.041898148148148,4,175.0,6096.666666666667,231.55555555555554,36.666666666666664,190.0,253.3333333333333,15.0,945.0,20.0,130.0
2015-11-18 17:33:57,2015-11-18,Incline Bench Press (Barbell),5,40,8760.0,235.0,219.0,297.66666666666663,8,235.0,7935.0,39.0,297.66666666666663,5.0,240.0,9205.0,296.0,235.0,10685.0,291.3333333333333,0.0,825.0,1.0,0.0,-5.0,-445.0,1.6666666666666288,10.205972222222222,4,236.66666666666666,9275.0,294.99999999999994,45.333333333333336,240.0,297.66666666666663,0.0,-2750.0,6.333333333333314,235.0
2015-11-18 17:33:57,2015-11-18,Lateral Raise (Dumbbells),3,36,1800.0,50.0,50.0,70.0,12,40.0,1080.0,27.0,60.0,2.0,0.0,0.0,0.0,0.0,0.0,0.0,10.0,720.0,9.0,10.0,0.0,0.0,0.0,5.9652314814814815,1,40.0,1080.0,60.0,27.0,40.0,60.0,0.0,0.0,0.0,50.0
2015-11-21 18:32:29,2015-11-21,Bicep Curl (Barbell),3,37,2960.0,80.0,80.0,114.66666666666669,13,70.0,1960.0,28.0,105.0,2.0,0.0,0.0,0.0,0.0,0.0,0.0,10.0,1000.0,9.0,9.666666666666686,0.0,0.0,0.0,5.015243055555556,1,70.0,1960.0,105.0,28.0,70.0,105.0,0.0,0.0,0.0,80.0
2015-11-21 18:32:29,2015-11-21,Rear delt fly,3,45,5175.0,115.0,115.0,172.5,15,125.0,4380.0,36.0,176.0,3.0,115.0,5980.0,172.5,115.0,4450.0,153.33333333333331,-10.0,795.0,9.0,-3.5,0.0,-805.0,0.0,11.057141203703704,4,118.33333333333333,4936.666666666667,167.27777777777777,42.666666666666664,125.0,176.0,10.0,-70.0,22.666666666666686,115.0
2015-11-21 18:32:29,2015-11-21,Seated Cable Row (close Grip),4,62,9440.0,160.0,152.5,277.33333333333337,22,130.0,3640.0,28.0,173.33333333333331,3.0,190.0,7460.0,253.3333333333333,160.0,4315.0,208.0,30.0,5800.0,34.0,104.00000000000006,-30.0,1980.0,24.000000000000085,5.015243055555556,5,160.0,5138.333333333333,211.55555555555554,33.333333333333336,190.0,253.3333333333333,-30.0,-675.0,-34.666666666666686,160.0
2015-11-24 16:45:06,2015-11-24,Incline Bench Press (Barbell),1,10,1380.0,138.0,138.0,184.0,10,235.0,8760.0,40.0,297.66666666666663,5.0,235.0,7935.0,297.66666666666663,240.0,9205.0,296.0,-97.0,-7380.0,-30.0,-113.66666666666663,-97.0,-6555.0,-113.66666666666663,5.966076388888889,5,236.66666666666666,8633.333333333334,297.1111111111111,41.0,240.0,297.66666666666663,-5.0,-445.0,1.6666666666666288,138.0
2015-11-24 16:45:06,2015-11-24,Seated Military Press,2,22,2970.0,135.0,135.0,189.0,12,165.0,4950.0,30.0,220.0,3.0,165.0,5150.0,209.0,0.0,0.0,0.0,-30.0,-1980.0,-8.0,-31.0,-30.0,-2180.0,-20.0,16.172048611111112,2,165.0,5050.0,214.5,32.0,165.0,220.0,0.0,0.0,0.0,135.0
2015-11-24 16:45:06,2015-11-24,Seated Military Press (Dumbbell),4,44,7020.0,180.0,157.5,252.0,12,180.0,8000.0,60.0,240.0,6.0,0.0,0.0,0.0,0.0,0.0,0.0,0.0,-980.0,-16.0,12.0,0.0,0.0,0.0,11.93130787037037,1,180.0,8000.0,240.0,60.0,180.0,240.0,0.0,0.0,0.0,180.0
2015-11-24 16:45:06,2015-11-24,Seated Shoulder Press (Barbell),2,22,2970.0,135.0,135.0,189.0,12,165.0,4950.0,30.0,220.0,3.0,165.0,5150.0,209.0,0.0,0.0,0.0,-30.0,-1980.0,-8.0,-31.0,-30.0,-2180.0,-20.0,16.172048611111112,2,165.0,5050.0,214.5,32.0,165.0,220.0,0.0,0.0,0.0,135.0
2015-11-24 16:45:06,2015-11-24,Seated Shoulder Press (Dumbbell),4,44,7020.0,180.0,157.5,252.0,12,180.0,8000.0,60.0,240.0,6.0,0.0,0.0,0.0,0.0,0.0,0.0,0.0,-980.0,-16.0,12.0,0.0,0.0,0.0,11.93130787037037,1,180.0,8000.0,240.0,60.0,180.0,240.0,0.0,0.0,0.0,180.0
2015-11-25 18:53:35,2015-11-25,Squat (Barbell),8,65,14565.0,250.0,223.75,318.5,9,315.0,15870.0,62.0,399.0,8.0,295.0,12320.0,373.6666666666666,295.0,16705.0,373.6666666666666,-65.0,-1305.0,3.0,-80.5,-45.0,2245.0,-55.16666666666657,10.307407407407407,4,301.6666666666667,14965.0,382.11111111111103,60.333333333333336,315.0,399.0,20.0,-835.0,25.333333333333428,250.0
2015-11-26 11:43:16,2015-11-26,Lat Pulldown,2,20,2850.0,150.0,142.5,200.0,10,155.0,5520.0,36.0,217.0,3.0,150.0,3000.0,200.0,0.0,0.0,0.0,-5.0,-2670.0,-16.0,-17.0,0.0,-150.0,0.0,19.78821759259259,2,152.5,4260.0,208.5,28.0,155.0,217.0,0.0,0.0,0.0,150.0
2015-11-26 11:43:16,2015-11-26,Rear delt fly,2,20,2400.0,120.0,120.0,160.0,10,115.0,5175.0,45.0,172.5,3.0,125.0,4380.0,176.0,115.0,5980.0,172.5,5.0,-2775.0,-25.0,-12.5,-5.0,-1980.0,-16.0,4.715821759259259,5,118.33333333333333,5178.333333333333,173.66666666666666,44.333333333333336,125.0,176.0,0.0,-805.0,0.0,120.0
2015-11-26 11:43:16,2015-11-26,Seated Cable Row (close Grip),5,50,9250.0,185.0,185.0,246.66666666666663,10,160.0,9440.0,62.0,277.33333333333337,4.0,130.0,3640.0,173.33333333333331,190.0,7460.0,253.3333333333333,25.0,-190.0,-12.0,-30.666666666666742,55.0,5610.0,73.33333333333331,4.715821759259259,6,160.0,6846.666666666667,234.66666666666666,44.666666666666664,190.0,277.33333333333337,-30.0,1980.0,24.000000000000085,185.0
2015-11-28 16:28:30,2015-11-28,Incline Bench Press (Barbell),7,55,10555.0,235.0,191.78571428571428,297.66666666666663,8,138.0,1380.0,10.0,184.0,1.0,235.0,8760.0,297.66666666666663,235.0,7935.0,297.66666666666663,97.0,9175.0,45.0,113.66666666666663,0.0,1795.0,0.0,3.988472222222222,6,202.66666666666666,6025.0,259.77777777777777,29.666666666666668,235.0,297.66666666666663,-97.0,-6555.0,-113.66666666666663,235.0
2015-11-28 16:28:30,2015-11-28,Lateral Raise (Dumbbells),3,36,1800.0,50.0,50.0,70.0,12,50.0,1800.0,36.0,70.0,3.0,40.0,1080.0,60.0,0.0,0.0,0.0,0.0,0.0,0.0,0.0,10.0,720.0,10.0,9.954548611111111,2,45.0,1440.0,65.0,31.5,50.0,70.0,0.0,0.0,0.0,50.0
2015-11-30 14:23:13,2015-11-30,Bicep Curl (Barbell),2,24,1920.0,80.0,80.0,112.0,12,80.0,2960.0,37.0,114.66666666666669,3.0,70.0,1960.0,105.0,0.0,0.0,0.0,0.0,-1040.0,-13.0,-2.6666666666666856,10.0,-40.0,7.0,8.826898148148148,2,75.0,2460.0,109.83333333333334,32.5,80.0,114.66666666666669,0.0,0.0,0.0,80.0
2015-11-30 14:23:13,2015-11-30,Rear delt fly,3,39,4875.0,125.0,125.0,183.33333333333331,14,120.0,2400.0,20.0,160.0,2.0,115.0,5175.0,172.5,125.0,4380.0,176.0,5.0,2475.0,19.0,23.333333333333314,10.0,-300.0,10.833333333333314,4.111076388888889,6,120.0,3985.0,169.5,33.666666666666664,125.0,176.0,-5.0,-1980.0,-16.0,125.0
2015-11-30 14:23:13,2015-11-30,Seated Cable Row (close Grip),4,40,6600.0,175.0,165.0,233.3333333333333,10,185.0,9250.0,50.0,246.66666666666663,5.0,160.0,9440.0,277.33333333333337,130.0,3640.0,173.33333333333331,-10.0,-2650.0,-10.0,-13.333333333333343,15.0,-2840.0,-44.000000000000085,4.111076388888889,7,158.33333333333334,7443.333333333333,232.44444444444446,46.666666666666664,185.0,277.33333333333337,55.0,5610.0,73.33333333333331,175.0
2015-12-02 17:13:03,2015-12-02,Incline Bench Press (Barbell),7,48,9280.0,235.0,187.85714285714286,297.66666666666663,8,235.0,10555.0,55.0,297.66666666666663,7.0,138.0,1380.0,184.0,235.0,8760.0,297.66666666666663,0.0,-1275.0,-7.0,0.0,97.0,7900.0,113.66666666666663,4.0309375,7,202.66666666666666,6898.333333333333,259.77777777777777,35.0,235.0,297.66666666666663,0.0,1795.0,0.0,235.0
2015-12-02 17:13:03,2015-12-02,Lateral Raise (Dumbbells),2,20,1000.0,50.0,50.0,66.66666666666666,10,50.0,1800.0,36.0,70.0,3.0,50.0,1800.0,70.0,40.0,1080.0,60.0,0.0,-800.0,-16.0,-3.333333333333343,0.0,-800.0,-3.333333333333343,4.0309375,3,46.666666666666664,1560.0,66.66666666666667,33.0,50.0,70.0,10.0,720.0,10.0,50.0
2015-12-02 17:35:51,2015-12-02,Squat (Barbell),8,58,14450.0,315.0,250.625,378.0,8,250.0,14565.0,65.0,318.5,8.0,315.0,15870.0,399.0,295.0,12320.0,373.6666666666666,65.0,-115.0,-7.0,59.5,0.0,-1420.0,-21.0,6.946018518518518,5,286.6666666666667,14251.666666666666,363.7222222222222,58.333333333333336,315.0,399.0,-45.0,2245.0,-55.16666666666657,315.0
2015-12-04 14:01:58,2015-12-04,Bicep Curl (Barbell),3,38,3040.0,80.0,80.0,117.33333333333334,14,80.0,1920.0,24.0,112.0,2.0,80.0,2960.0,114.66666666666669,70.0,1960.0,105.0,0.0,1120.0,14.0,5.333333333333343,0.0,80.0,2.666666666666657,3.9852430555555554,3,76.66666666666667,2280.0,110.55555555555556,29.666666666666668,80.0,114.66666666666669,10.0,-40.0,7.0,80.0
2015-12-04 14:01:58,2015-12-04,Lat Pulldown,1,9,1305.0,145.0,145.0,188.5,9,150.0,2850.0,20.0,200.0,2.0,155.0,5520.0,217.0,150.0,3000.0,200.0,-5.0,-1545.0,-11.0,-11.5,-10.0,-4215.0,-28.5,8.096319444444445,3,151.66666666666666,3790.0,205.66666666666666,25.333333333333332,155.0,217.0,0.0,-150.0,0.0,145.0
2015-12-04 14:01:58,2015-12-04,Rear delt fly,3,41,4715.0,115.0,115.0,172.5,15,125.0,4875.0,39.0,183.33333333333331,3.0,120.0,2400.0,160.0,115.0,5175.0,172.5,-10.0,-160.0,2.0,-10.833333333333314,-5.0,2315.0,12.5,3.9852430555555554,7,120.0,4150.0,171.94444444444443,34.666666666666664,125.0,183.33333333333331,10.0,-300.0,10.833333333333314,115.0
2015-12-06 10:53:19,2015-12-06,Incline Bench Press (Barbell),8,55,10395.0,250.0,196.875,300.0,12,235.0,9280.0,48.0,297.66666666666663,7.0,235.0,10555.0,297.66666666666663,138.0,1380.0,184.0,15.0,1115.0,7.0,2.3333333333333712,15.0,-160.0,2.3333333333333712,3.7362962962962962,8,202.66666666666666,7071.666666666667,259.77777777777777,37.666666666666664,235.0,297.66666666666663,97.0,7900.0,113.66666666666663,250.0
2015-12-06 10:53:19,2015-12-06,Seated Military Press,3,32,4720.0,155.0,148.33333333333334,206.66666666666663,12,135.0,2970.0,22.0,189.0,2.0,165.0,4950.0,220.0,165.0,5150.0,209.0,20.0,1750.0,10.0,17.66666666666663,-10.0,-230.0,-13.333333333333371,11.755706018518518,3,155.0,4356.666666666667,206.0,28.666666666666668,165.0,220.0,-30.0,-2180.0,-20.0,155.0
2015-12-06 10:53:19,2015-12-06,Seated Shoulder Press (Barbell),3,32,4720.0,155.0,148.33333333333334,206.66666666666663,12,135.0,2970.0,22.0,189.0,2.0,165.0,4950.0,220.0,165.0,5150.0,209.0,20.0,1750.0,10.0,17.66666666666663,-10.0,-230.0,-13.333333333333371,11.755706018518518,3,155.0,4356.666666666667,206.0,28.666666666666668,165.0,220.0,-30.0,-2180.0,-20.0,155.0
2015-12-07 19:37:54,2015-12-07,Good Morning (Barbell),3,30,2850.0,95.0,95.0,126.66666666666666,10,115.0,1840.0,16.0,145.66666666666666,2.0,0.0,0.0,0.0,0.0,0.0,0.0,-20.0,1010.0,14.0,-19.0,0.0,0.0,0.0,44.900231481481484,1,115.0,1840.0,145.66666666666666,16.0,115.0,145.66666666666666,0.0,0.0,0.0,95.0
2015-12-07 19:37:54,2015-12-07,Leg press (hinge ),3,30,15000.300000000001,500.01,500.01,666.68,10,450.0,16200.0,36.0,630.0,3.0,360.0,10800.0,480.0,430.0,12900.0,573.3333333333333,50.00999999999999,-1199.699999999999,-6.0,36.67999999999995,140.01,4200.300000000001,186.67999999999995,22.33818287037037,3,413.3333333333333,13300.0,561.1111111111111,32.0,450.0,630.0,20.0,3300.0,56.66666666666674,500.01
2015-12-07 19:37:54,2015-12-07,Squat (Barbell),8,48,13440.0,315.0,280.0,378.0,6,315.0,14450.0,58.0,378.0,8.0,250.0,14565.0,318.5,315.0,15870.0,399.0,0.0,-1010.0,-10.0,0.0,65.0,-1125.0,59.5,5.084756944444444,6,293.3333333333333,14961.666666666666,365.1666666666667,61.666666666666664,315.0,399.0,0.0,-1420.0,-21.0,315.0
2015-12-09 12:44:47,2015-12-09,Bicep Curl (Barbell),2,24,1920.0,80.0,80.0,112.0,12,80.0,3040.0,38.0,117.33333333333334,3.0,80.0,1920.0,112.0,80.0,2960.0,114.66666666666669,0.0,-1120.0,-14.0,-5.333333333333343,0.0,0.0,0.0,4.946400462962963,4,80.0,2640.0,114.66666666666667,33.0,80.0,117.33333333333334,0.0,80.0,2.666666666666657,80.0
2015-12-09 12:44:47,2015-12-09,Lat Pulldown,3,30,4500.0,150.0,150.0,200.0,10,145.0,1305.0,9.0,188.5,1.0,150.0,2850.0,200.0,155.0,5520.0,217.0,5.0,3195.0,21.0,11.5,0.0,1650.0,0.0,4.946400462962963,4,150.0,3225.0,201.83333333333334,21.666666666666668,155.0,217.0,-10.0,-4215.0,-28.5,150.0
2015-12-09 12:44:47,2015-12-09,Rear delt fly,3,36,4500.0,125.0,125.0,175.0,12,115.0,4715.0,41.0,172.5,3.0,125.0,4875.0,183.33333333333331,120.0,2400.0,160.0,10.0,-215.0,-5.0,2.5,0.0,-375.0,-8.333333333333314,4.946400462962963,8,120.0,3996.6666666666665,171.94444444444443,33.333333333333336,125.0,183.33333333333331,-5.0,2315.0,12.5,125.0
2015-12-09 12:44:47,2015-12-09,Seated Cable Row (close Grip),2,20,3500.0,175.0,175.0,233.3333333333333,10,175.0,6600.0,40.0,233.3333333333333,4.0,185.0,9250.0,246.66666666666663,160.0,9440.0,277.33333333333337,0.0,-3100.0,-20.0,0.0,-10.0,-5750.0,-13.333333333333343,8.931643518518518,8,173.33333333333334,8430.0,252.44444444444443,50.666666666666664,185.0,277.33333333333337,15.0,-2840.0,-44.000000000000085,175.0
2015-12-11 16:21:05,2015-12-11,Incline Bench Press (Barbell),8,60,11760.0,237.5,192.1875,300.8333333333333,10,250.0,10395.0,55.0,300.0,8.0,235.0,9280.0,297.66666666666663,235.0,10555.0,297.66666666666663,-12.5,1365.0,5.0,0.8333333333333144,2.5,2480.0,3.1666666666666856,5.227615740740741,9,240.0,10076.666666666666,298.4444444444444,52.666666666666664,250.0,300.0,15.0,-160.0,2.3333333333333712,237.5
2015-12-11 16:21:05,2015-12-11,Seated Military Press (Dumbbell),3,28,2960.0,120.0,106.66666666666667,160.0,10,180.0,7020.0,44.0,252.0,4.0,180.0,8000.0,240.0,0.0,0.0,0.0,-60.0,-4060.0,-16.0,-92.0,-60.0,-5040.0,-80.0,16.98332175925926,2,180.0,7510.0,246.0,52.0,180.0,252.0,0.0,0.0,0.0,120.0
2015-12-11 16:21:05,2015-12-11,Seated Shoulder Press (Dumbbell),3,28,2960.0,120.0,106.66666666666667,160.0,10,180.0,7020.0,44.0,252.0,4.0,180.0,8000.0,240.0,0.0,0.0,0.0,-60.0,-4060.0,-16.0,-92.0,-60.0,-5040.0,-80.0,16.98332175925926,2,180.0,7510.0,246.0,52.0,180.0,252.0,0.0,0.0,0.0,120.0
2015-12-11 16:21:05,2015-12-11,Tricep Extension,2,20,1600.0,80.0,80.0,106.66666666666666,10,75.0,1500.0,20.0,100.0,2.0,0.0,0.0,0.0,0.0,0.0,0.0,5.0,100.0,0.0,6.666666666666657,0.0,0.0,0.0,12.994849537037037,1,75.0,1500.0,100.0,20.0,75.0,100.0,0.0,0.0,0.0,80.0
2015-12-12 15:29:38,2015-12-12,Squat (Barbell),8,50,13350.0,315.0,268.75,378.0,8,315.0,13440.0,48.0,378.0,8.0,315.0,14450.0,378.0,250.0,14565.0,318.5,0.0,-90.0,2.0,0.0,0.0,-1100.0,0.0,4.827592592592593,7,293.3333333333333,14151.666666666666,358.1666666666667,57.0,315.0,378.0,65.0,-1125.0,59.5,315.0
2015-12-15 18:28:20,2015-12-15,Bicep Curl (Barbell),3,36,3240.0,90.0,90.0,126.0,12,80.0,1920.0,24.0,112.0,2.0,80.0,3040.0,117.33333333333334,80.0,1920.0,112.0,10.0,1320.0,12.0,14.0,10.0,200.0,8.666666666666657,6.238576388888889,5,80.0,2293.3333333333335,113.77777777777779,28.666666666666668,80.0,117.33333333333334,0.0,0.0,0.0,90.0
2015-12-15 18:28:20,2015-12-15,Rear delt fly,3,44,5500.0,125.0,125.0,187.5,15,125.0,4500.0,36.0,175.0,3.0,115.0,4715.0,172.5,125.0,4875.0,183.33333333333331,0.0,1000.0,8.0,12.5,10.0,785.0,15.0,6.238576388888889,9,121.66666666666667,4696.666666666667,176.94444444444443,38.666666666666664,125.0,183.33333333333331,0.0,-375.0,-8.333333333333314,125.0
2015-12-15 18:28:20,2015-12-15,Seated Cable Row (close Grip),4,39,6810.0,190.0,175.0,253.3333333333333,10,175.0,3500.0,20.0,233.3333333333333,2.0,175.0,6600.0,233.3333333333333,185.0,9250.0,246.66666666666663,15.0,3310.0,19.0,20.0,15.0,210.0,20.0,6.238576388888889,9,178.33333333333334,6450.0,237.77777777777774,36.666666666666664,185.0,246.66666666666663,-10.0,-5750.0,-13.333333333333343,190.0
2015-12-16 18:08:00,2015-12-16,Lateral Raise (Dumbbells),2,24,1200.0,50.0,50.0,70.0,12,50.0,1000.0,20.0,66.66666666666666,2.0,50.0,1800.0,70.0,50.0,1800.0,70.0,0.0,200.0,4.0,3.333333333333343,0.0,-600.0,0.0,14.038159722222222,4,50.0,1533.3333333333333,68.88888888888889,30.666666666666668,50.0,70.0,0.0,-800.0,-3.333333333333343,50.0
2015-12-16 18:08:00,2015-12-16,Seated Military Press (Dumbbell),6,65,9340.0,180.0,138.33333333333334,258.0,13,120.0,2960.0,28.0,160.0,3.0,180.0,7020.0,252.0,180.0,8000.0,240.0,60.0,6380.0,37.0,98.0,0.0,2320.0,6.0,5.074247685185185,3,160.0,5993.333333333333,217.33333333333334,44.0,180.0,252.0,-60.0,-5040.0,-80.0,180.0
2015-12-16 18:08:00,2015-12-16,Seated Shoulder Press (Dumbbell),6,65,9340.0,180.0,138.33333333333334,258.0,13,120.0,2960.0,28.0,160.0,3.0,180.0,7020.0,252.0,180.0,8000.0,240.0,60.0,6380.0,37.0,98.0,0.0,2320.0,6.0,5.074247685185185,3,160.0,5993.333333333333,217.33333333333334,44.0,180.0,252.0,-60.0,-5040.0,-80.0,180.0
2015-12-18 17:40:08,2015-12-18,Leg curl,3,36,4680.0,130.0,130.0,182.0,12,125.0,4010.0,34.0,166.66666666666666,3.0,0.0,0.0,0.0,0.0,0.0,0.0,5.0,670.0,2.0,15.333333333333343,0.0,0.0,0.0,6.090625,1,125.0,4010.0,166.66666666666666,34.0,125.0,166.66666666666666,0.0,0.0,0.0,130.0
2015-12-18 17:40:08,2015-12-18,Squat (Barbell),8,60,15260.0,295.0,250.0,373.6666666666666,8,315.0,13350.0,50.0,378.0,8.0,315.0,13440.0,378.0,315.0,14450.0,378.0,-20.0,1910.0,10.0,-4.333333333333428,-20.0,1820.0,-4.333333333333428,6.090625,8,315.0,13746.666666666666,378.0,52.0,315.0,378.0,0.0,-1100.0,0.0,295.0
2015-12-20 13:46:49,2015-12-20,Incline Bench Press (Barbell),6,48,9840.0,237.5,202.91666666666666,300.8333333333333,12,237.5,11760.0,60.0,300.8333333333333,8.0,250.0,10395.0,300.0,235.0,9280.0,297.66666666666663,0.0,-1920.0,-12.0,0.0,-12.5,-555.0,0.8333333333333144,8.892870370370371,10,240.83333333333334,10478.333333333334,299.5,54.333333333333336,250.0,300.8333333333333,2.5,2480.0,3.1666666666666856,237.5
2015-12-20 13:46:49,2015-12-20,Incline Press (Dumbbell),2,20,2400.0,150.0,120.0,200.0,10,120.0,1320.0,11.0,164.0,1.0,0.0,0.0,0.0,0.0,0.0,0.0,30.0,1080.0,9.0,36.0,0.0,0.0,0.0,31.84226851851852,1,120.0,1320.0,164.0,11.0,120.0,164.0,0.0,0.0,0.0,150.0
2015-12-20 13:46:49,2015-12-20,Lateral Raise (Dumbbells),4,45,1750.0,60.0,40.0,80.0,15,50.0,1200.0,24.0,70.0,2.0,50.0,1000.0,66.66666666666666,50.0,1800.0,70.0,10.0,550.0,21.0,10.0,10.0,750.0,13.333333333333343,3.818622685185185,5,50.0,1333.3333333333333,68.88888888888889,26.666666666666668,50.0,70.0,0.0,-600.0,0.0,60.0
2015-12-20 13:46:49,2015-12-20,Tricep pushdown,6,48,3390.0,80.0,67.5,106.66666666666666,10,70.0,2100.0,30.0,105.0,2.0,0.0,0.0,0.0,0.0,0.0,0.0,10.0,1290.0,18.0,1.6666666666666572,0.0,0.0,0.0,31.84226851851852,1,70.0,2100.0,105.0,30.0,70.0,105.0,0.0,0.0,0.0,80.0
2015-12-22 17:22:42,2015-12-22,Bent Over Row (Dumbbell),3,30,5400.0,180.0,180.0,240.0,10,150.0,5400.0,36.0,210.0,3.0,0.0,0.0,0.0,0.0,0.0,0.0,30.0,0.0,-6.0,30.0,0.0,0.0,0.0,18.13939814814815,1,150.0,5400.0,210.0,36.0,150.0,210.0,0.0,0.0,0.0,180.0
2015-12-22 17:22:42,2015-12-22,Bicep Curl (Barbell),4,40,3100.0,95.0,77.5,126.66666666666666,10,90.0,3240.0,36.0,126.0,3.0,80.0,1920.0,112.0,80.0,3040.0,117.33333333333334,5.0,-140.0,4.0,0.6666666666666572,15.0,1180.0,14.666666666666657,6.954421296296296,6,83.33333333333333,2733.3333333333335,118.44444444444446,32.666666666666664,90.0,126.0,10.0,200.0,8.666666666666657,95.0
2015-12-22 17:22:42,2015-12-22,Rear delt fly,3,36,4776.0,138.0,132.66666666666666,193.2,12,125.0,5500.0,44.0,187.5,3.0,125.0,4500.0,175.0,115.0,4715.0,172.5,13.0,-724.0,-8.0,5.699999999999989,13.0,276.0,18.19999999999999,6.954421296296296,10,121.66666666666667,4905.0,178.33333333333334,40.333333333333336,125.0,187.5,10.0,785.0,15.0,138.0
2015-12-22 17:22:42,2015-12-22,Seated Cable Row (close Grip),3,34,5020.0,190.0,150.0,253.3333333333333,12,190.0,6810.0,39.0,253.3333333333333,4.0,175.0,3500.0,233.3333333333333,175.0,6600.0,233.3333333333333,0.0,-1790.0,-5.0,0.0,15.0,1520.0,20.0,6.954421296296296,10,180.0,5636.666666666667,239.99999999999997,33.0,190.0,253.3333333333333,15.0,210.0,20.0,190.0
2015-12-23 17:53:46,2015-12-23,Leg curl,3,30,3950.0,135.0,131.66666666666666,180.0,10,130.0,4680.0,36.0,182.0,3.0,125.0,4010.0,166.66666666666666,0.0,0.0,0.0,5.0,-730.0,-6.0,-2.0,10.0,-60.0,13.333333333333343,5.009467592592593,2,127.5,4345.0,174.33333333333331,35.0,130.0,182.0,0.0,0.0,0.0,135.0
2015-12-23 17:53:46,2015-12-23,Leg press (hinge ),3,36,16296.0,458.0,452.6666666666667,641.1999999999999,12,500.01,15000.300000000001,30.0,666.68,3.0,450.0,16200.0,630.0,360.0,10800.0,480.0,-42.00999999999999,1295.699999999999,6.0,-25.480000000000018,8.0,96.0,11.199999999999932,15.927685185185185,4,436.67,14000.1,592.2266666666666,32.0,500.01,666.68,140.01,4200.300000000001,186.67999999999995,458.0
2015-12-23 17:53:46,2015-12-23,Squat (Barbell),10,69,17905.0,315.0,262.0,388.5,9,295.0,15260.0,60.0,373.6666666666666,8.0,315.0,13350.0,378.0,315.0,13440.0,378.0,20.0,2645.0,9.0,14.833333333333428,0.0,4555.0,10.5,5.009467592592593,9,308.3333333333333,14016.666666666666,376.5555555555555,52.666666666666664,315.0,378.0,-20.0,1820.0,-4.333333333333428,315.0
2015-12-24 11:40:14,2015-12-24,Incline Bench Press (Barbell),6,45,9495.0,235.0,206.66666666666666,297.66666666666663,9,237.5,9840.0,48.0,300.8333333333333,6.0,237.5,11760.0,300.8333333333333,250.0,10395.0,300.0,-2.5,-345.0,-3.0,-3.1666666666666856,-2.5,-2265.0,-3.1666666666666856,3.9120949074074076,11,241.66666666666666,10665.0,300.55555555555554,54.333333333333336,250.0,300.8333333333333,-12.5,-555.0,0.8333333333333144,235.0
2015-12-24 11:40:14,2015-12-24,Lateral Raise (Dumbbells),2,24,960.0,40.0,40.0,56.0,12,60.0,1750.0,45.0,80.0,4.0,50.0,1200.0,70.0,50.0,1000.0,66.66666666666666,-20.0,-790.0,-21.0,-24.0,-10.0,-240.0,-14.0,3.9120949074074076,6,53.333333333333336,1316.6666666666667,72.22222222222221,29.666666666666668,60.0,80.0,10.0,750.0,13.333333333333343,40.0
2015-12-26 14:34:33,2015-12-26,Hammer Curl (Dumbbell ),2,20,1360.0,80.0,70.0,101.33333333333331,12,80.0,2400.0,30.0,120.0,2.0,80.0,1340.0,101.33333333333331,0.0,0.0,0.0,0.0,-1040.0,-10.0,-18.666666666666686,0.0,20.0,0.0,45.89190972222222,2,80.0,1870.0,110.66666666666666,24.0,80.0,120.0,0.0,0.0,0.0,80.0
2015-12-26 14:34:33,2015-12-26,Lat Pulldown,3,36,5400.0,150.0,150.0,220.00000000000003,14,150.0,4500.0,30.0,200.0,3.0,145.0,1305.0,188.5,150.0,2850.0,200.0,0.0,900.0,6.0,20.00000000000003,5.0,4095.0,31.50000000000003,17.076226851851853,5,148.33333333333334,2885.0,196.16666666666666,19.666666666666668,150.0,200.0,0.0,1650.0,0.0,150.0
2015-12-26 14:34:33,2015-12-26,Rear delt fly,3,36,4680.0,130.0,130.0,182.0,12,138.0,4776.0,36.0,193.2,3.0,125.0,5500.0,187.5,125.0,4500.0,175.0,-8.0,-96.0,0.0,-11.199999999999989,5.0,-820.0,-5.5,3.8832291666666667,11,129.33333333333334,4925.333333333333,185.23333333333335,38.666666666666664,138.0,193.2,13.0,276.0,18.19999999999999,130.0
2015-12-26 14:34:33,2015-12-26,Seated Cable Row (close Grip),3,30,4800.0,160.0,160.0,213.3333333333333,10,190.0,5020.0,34.0,253.3333333333333,3.0,190.0,6810.0,253.3333333333333,175.0,3500.0,233.3333333333333,-30.0,-220.0,-4.0,-40.0,-30.0,-2010.0,-40.0,3.8832291666666667,11,185.0,5110.0,246.66666666666663,31.0,190.0,253.3333333333333,15.0,1520.0,20.0,160.0
2015-12-27 15:07:20,2015-12-27,Cycling,1,0,0.0,0.0,0.0,0.0,0,0.0,0.0,0.0,0.0,1.0,0.0,0.0,0.0,0.0,0.0,0.0,0.0,0.0,0.0,0.0,0.0,0.0,0.0,3.8844212962962965,1,0.0,0.0,0.0,0.0,0.0,0.0,0.0,0.0,0.0,0.0
2015-12-27 15:07:20,2015-12-27,Squat (Barbell),9,52,13560.0,335.0,262.22222222222223,402.0,6,315.0,17905.0,69.0,388.5,10.0,295.0,15260.0,373.6666666666666,315.0,13350.0,378.0,20.0,-4345.0,-17.0,13.5,40.0,-1700.0,28.333333333333428,3.8844212962962965,10,308.3333333333333,15505.0,380.0555555555555,59.666666666666664,315.0,388.5,0.0,4555.0,10.5,335.0
2015-12-28 19:05:32,2015-12-28,Lateral Raise (Dumbbells),1,12,240.0,20.0,20.0,28.0,12,40.0,960.0,24.0,56.0,2.0,60.0,1750.0,80.0,50.0,1200.0,70.0,-20.0,-720.0,-12.0,-28.0,-40.0,-1510.0,-52.0,4.309236111111111,7,50.0,1303.3333333333333,68.66666666666667,31.0,60.0,80.0,-10.0,-240.0,-14.0,20.0
2015-12-28 19:05:32,2015-12-28,Military Press (Standing),3,29,2900.0,100.0,100.0,133.33333333333331,10,80.0,2000.0,30.0,106.66666666666666,3.0,0.0,0.0,0.0,0.0,0.0,0.0,20.0,900.0,-1.0,26.666666666666657,0.0,0.0,0.0,4.309236111111111,1,80.0,2000.0,106.66666666666666,30.0,80.0,106.66666666666666,0.0,0.0,0.0,100.0
2015-12-28 19:05:32,2015-12-28,Seated Military Press (Dumbbell),5,57,8460.0,180.0,144.0,258.0,13,180.0,9340.0,65.0,258.0,6.0,120.0,2960.0,160.0,180.0,7020.0,252.0,0.0,-880.0,-8.0,0.0,60.0,5500.0,98.0,12.039953703703704,4,160.0,6440.0,223.33333333333334,45.666666666666664,180.0,258.0,0.0,2320.0,6.0,180.0
2015-12-28 19:05:32,2015-12-28,Seated Shoulder Press (Dumbbell),5,57,8460.0,180.0,144.0,258.0,13,180.0,9340.0,65.0,258.0,6.0,120.0,2960.0,160.0,180.0,7020.0,252.0,0.0,-880.0,-8.0,0.0,60.0,5500.0,98.0,12.039953703703704,4,160.0,6440.0,223.33333333333334,45.666666666666664,180.0,258.0,0.0,2320.0,6.0,180.0
2015-12-28 19:05:32,2015-12-28,Shoulder Press (Standing),3,29,2900.0,100.0,100.0,133.33333333333331,10,80.0,2000.0,30.0,106.66666666666666,3.0,0.0,0.0,0.0,0.0,0.0,0.0,20.0,900.0,-1.0,26.666666666666657,0.0,0.0,0.0,4.309236111111111,1,80.0,2000.0,106.66666666666666,30.0,80.0,106.66666666666666,0.0,0.0,0.0,100.0
2015-12-31 17:38:40,2015-12-31,Bicep Curl (Barbell),3,30,2700.0,90.0,90.0,120.0,10,95.0,3100.0,40.0,126.66666666666666,4.0,90.0,3240.0,126.0,80.0,1920.0,112.0,-5.0,-400.0,-10.0,-6.666666666666657,0.0,-540.0,-6.0,9.011087962962963,7,88.33333333333333,2753.3333333333335,121.55555555555554,33.333333333333336,95.0,126.66666666666666,15.0,1180.0,14.666666666666657,90.0
2015-12-31 17:38:40,2015-12-31,Hammer Curl (Dumbbell ),2,20,1200.0,60.0,60.0,80.0,10,80.0,1360.0,20.0,101.33333333333331,2.0,80.0,2400.0,120.0,80.0,1340.0,101.33333333333331,-20.0,-160.0,0.0,-21.333333333333314,-20.0,-1200.0,-40.0,5.127858796296296,3,80.0,1700.0,107.55555555555554,22.666666666666668,80.0,120.0,0.0,20.0,0.0,60.0
2015-12-31 17:38:40,2015-12-31,Lat Pulldown,3,36,5400.0,150.0,150.0,210.0,12,150.0,5400.0,36.0,220.00000000000003,3.0,150.0,4500.0,200.0,145.0,1305.0,188.5,0.0,0.0,0.0,-10.000000000000028,0.0,900.0,10.0,5.127858796296296,6,148.33333333333334,3735.0,202.83333333333334,25.0,150.0,220.00000000000003,5.0,4095.0,31.50000000000003,150.0
2015-12-31 17:38:40,2015-12-31,Rear delt fly,3,36,4680.0,130.0,130.0,182.0,12,130.0,4680.0,36.0,182.0,3.0,138.0,4776.0,193.2,125.0,5500.0,187.5,0.0,0.0,0.0,0.0,-8.0,-96.0,-11.199999999999989,5.127858796296296,12,131.0,4985.333333333333,187.5666666666667,38.666666666666664,138.0,193.2,5.0,-820.0,-5.5,130.0
2015-12-31 17:38:40,2015-12-31,Seated Cable Row (close Grip),3,30,5250.0,175.0,175.0,233.3333333333333,10,160.0,4800.0,30.0,213.3333333333333,3.0,190.0,5020.0,253.3333333333333,190.0,6810.0,253.3333333333333,15.0,450.0,0.0,20.0,-15.0,230.0,-20.0,5.127858796296296,12,180.0,5543.333333333333,239.99999999999997,34.333333333333336,190.0,253.3333333333333,-30.0,-2010.0,-40.0,175.0
2016-01-01 08:59:41,2016-01-01,Squat (Barbell),10,69,17235.0,340.0,253.5,408.0,9,335.0,13560.0,52.0,402.0,9.0,315.0,17905.0,388.5,295.0,15260.0,373.6666666666666,5.0,3675.0,17.0,6.0,25.0,-670.0,19.5,4.7446875,11,315.0,15575.0,388.0555555555555,60.333333333333336,335.0,402.0,40.0,-1700.0,28.333333333333428,340.0
2016-01-02 13:58:40,2016-01-02,Incline Bench Press (Barbell),9,62,12310.0,240.0,196.66666666666666,304.0,9,235.0,9495.0,45.0,297.66666666666663,6.0,237.5,9840.0,300.8333333333333,237.5,11760.0,300.8333333333333,5.0,2815.0,17.0,6.333333333333371,2.5,2470.0,3.1666666666666856,9.096134259259259,12,236.66666666666666,10365.0,299.77777777777777,51.0,237.5,300.8333333333333,-2.5,-2265.0,-3.1666666666666856,240.0
2016-01-02 13:58:40,2016-01-02,Lateral Raise (Dumbbells),2,24,1200.0,50.0,50.0,70.0,12,20.0,240.0,12.0,28.0,1.0,40.0,960.0,56.0,60.0,1750.0,80.0,30.0,960.0,12.0,42.0,10.0,240.0,14.0,4.786898148148148,8,40.0,983.3333333333334,54.666666666666664,27.0,60.0,80.0,-40.0,-1510.0,-52.0,50.0
2016-01-06 18:08:52,2016-01-06,Incline Bench Press (Barbell),6,39,8155.0,245.0,198.33333333333334,310.3333333333333,8,240.0,12310.0,62.0,304.0,9.0,235.0,9495.0,297.66666666666663,237.5,9840.0,300.8333333333333,5.0,-4155.0,-23.0,6.333333333333314,10.0,-1340.0,12.666666666666686,4.17375,13,237.5,10548.333333333334,300.8333333333333,51.666666666666664,240.0,304.0,2.5,2470.0,3.1666666666666856,245.0
2016-01-06 18:32:40,2016-01-06,Hammer Curl (Dumbbell ),2,24,1560.0,65.0,65.0,91.0,12,60.0,1200.0,20.0,80.0,2.0,80.0,1360.0,101.33333333333331,80.0,2400.0,120.0,5.0,360.0,4.0,11.0,-15.0,200.0,-10.333333333333314,6.0375,4,73.33333333333333,1653.3333333333333,100.44444444444444,23.333333333333332,80.0,120.0,-20.0,-1200.0,-40.0,65.0
2016-01-06 18:32:40,2016-01-06,Lat Pulldown,4,32,4160.0,145.0,130.0,183.66666666666663,8,150.0,5400.0,36.0,210.0,3.0,150.0,5400.0,220.00000000000003,150.0,4500.0,200.0,-5.0,-1240.0,-4.0,-26.33333333333337,-5.0,-1240.0,-36.3333333333334,6.0375,7,150.0,5100.0,210.0,34.0,150.0,220.00000000000003,0.0,900.0,10.0,145.0
2016-01-08 17:50:44,2016-01-08,Squat (Barbell),7,49,13345.0,330.0,262.85714285714283,418.0,8,340.0,17235.0,69.0,408.0,10.0,335.0,13560.0,402.0,315.0,17905.0,388.5,-10.0,-3890.0,-20.0,10.0,-5.0,-215.0,16.0,7.368784722222222,12,330.0,16233.333333333334,399.5,63.333333333333336,340.0,408.0,25.0,-670.0,19.5,330.0
2016-01-10 08:03:39,2016-01-10,Lateral Raise (Dumbbells),3,28,1360.0,60.0,46.666666666666664,80.0,10,50.0,1200.0,24.0,70.0,2.0,20.0,240.0,28.0,40.0,960.0,56.0,10.0,160.0,4.0,10.0,40.0,1120.0,52.0,7.753460648148148,9,36.666666666666664,800.0,51.333333333333336,20.0,50.0,70.0,10.0,240.0,14.0,60.0
2016-01-10 08:03:39,2016-01-10,Seated Military Press,9,74,13890.0,220.0,187.77777777777777,278.66666666666663,10,155.0,4720.0,32.0,206.66666666666663,3.0,135.0,2970.0,189.0,165.0,4950.0,220.0,65.0,9170.0,42.0,72.0,85.0,10920.0,89.66666666666663,34.88217592592593,4,151.66666666666666,4213.333333333333,205.2222222222222,28.0,165.0,220.0,-10.0,-230.0,-13.333333333333371,220.0
2016-01-10 08:03:39,2016-01-10,Seated Shoulder Press (Barbell),9,74,13890.0,220.0,187.77777777777777,278.66666666666663,10,155.0,4720.0,32.0,206.66666666666663,3.0,135.0,2970.0,189.0,165.0,4950.0,220.0,65.0,9170.0,42.0,72.0,85.0,10920.0,89.66666666666663,34.88217592592593,4,151.66666666666666,4213.333333333333,205.2222222222222,28.0,165.0,220.0,-10.0,-230.0,-13.333333333333371,220.0
2016-01-12 19:52:07,2016-01-12,Hammer back row wide 45 angle,3,24,5040.0,210.0,210.0,266.0,8,180.0,7200.0,40.0,240.0,4.0,0.0,0.0,0.0,0.0,0.0,0.0,30.0,-2160.0,-16.0,26.0,0.0,0.0,0.0,6.055173611111111,1,180.0,7200.0,240.0,40.0,180.0,240.0,0.0,0.0,0.0,210.0
2016-01-13 21:01:52,2016-01-13,Squat (Barbell),7,51,14105.0,315.0,277.85714285714283,399.0,8,330.0,13345.0,49.0,418.0,7.0,340.0,17235.0,408.0,335.0,13560.0,402.0,-15.0,760.0,2.0,-19.0,-25.0,-3130.0,-9.0,5.132731481481481,13,335.0,14713.333333333334,409.3333333333333,56.666666666666664,340.0,418.0,-5.0,-215.0,16.0,315.0
2016-01-15 20:06:48,2016-01-15,Incline Bench Press (Barbell),6,45,8935.0,240.0,196.66666666666666,305.5,9,245.0,8155.0,39.0,310.3333333333333,6.0,240.0,12310.0,304.0,235.0,9495.0,297.66666666666663,-5.0,780.0,6.0,-4.833333333333314,0.0,-3375.0,1.5,9.081898148148149,14,240.0,9986.666666666666,304.0,48.666666666666664,245.0,310.3333333333333,10.0,-1340.0,12.666666666666686,240.0
2016-01-15 20:06:48,2016-01-15,Seated Military Press,3,30,4950.0,165.0,165.0,220.0,10,220.0,13890.0,74.0,278.66666666666663,9.0,155.0,4720.0,206.66666666666663,135.0,2970.0,189.0,-55.0,-8940.0,-44.0,-58.66666666666663,10.0,230.0,13.333333333333371,5.5021875,5,170.0,7193.333333333333,224.77777777777774,42.666666666666664,220.0,278.66666666666663,85.0,10920.0,89.66666666666663,165.0
2016-01-15 20:06:48,2016-01-15,Seated Shoulder Press (Barbell),3,30,4950.0,165.0,165.0,220.0,10,220.0,13890.0,74.0,278.66666666666663,9.0,155.0,4720.0,206.66666666666663,135.0,2970.0,189.0,-55.0,-8940.0,-44.0,-58.66666666666663,10.0,230.0,13.333333333333371,5.5021875,5,170.0,7193.333333333333,224.77777777777774,42.666666666666664,220.0,278.66666666666663,85.0,10920.0,89.66666666666663,165.0
2016-01-23 14:20:50,2016-01-23,Incline Bench Press (Barbell),7,50,10800.0,235.0,210.71428571428572,297.66666666666663,9,240.0,8935.0,45.0,305.5,6.0,245.0,8155.0,310.3333333333333,240.0,12310.0,304.0,-5.0,1865.0,5.0,-7.833333333333371,-10.0,2645.0,-12.666666666666686,7.7597453703703705,15,241.66666666666666,9800.0,306.6111111111111,48.666666666666664,245.0,310.3333333333333,0.0,-3375.0,1.5,235.0
2016-01-23 14:20:50,2016-01-23,Lateral Raise (Dumbbells),3,30,1500.0,50.0,50.0,66.66666666666666,10,60.0,1360.0,28.0,80.0,3.0,50.0,1200.0,70.0,20.0,240.0,28.0,-10.0,140.0,2.0,-13.333333333333343,0.0,300.0,-3.333333333333343,13.261932870370371,10,43.333333333333336,933.3333333333334,59.333333333333336,21.333333333333332,60.0,80.0,40.0,1120.0,52.0,50.0
2016-01-24 12:18:25,2016-01-24,Bicep Curl (Barbell),1,12,1080.0,90.0,90.0,126.0,12,90.0,2700.0,30.0,120.0,3.0,95.0,3100.0,126.66666666666666,90.0,3240.0,126.0,0.0,-1620.0,-18.0,6.0,-5.0,-2020.0,-0.6666666666666572,23.777604166666666,8,91.66666666666667,3013.3333333333335,124.22222222222221,35.333333333333336,95.0,126.66666666666666,0.0,-540.0,-6.0,90.0
2016-01-24 12:18:25,2016-01-24,Rear delt fly,3,45,5175.0,115.0,115.0,172.5,15,130.0,4680.0,36.0,182.0,3.0,130.0,4680.0,182.0,138.0,4776.0,193.2,-15.0,495.0,9.0,-9.5,-15.0,495.0,-9.5,23.777604166666666,13,132.66666666666666,4712.0,185.73333333333335,36.0,138.0,193.2,-8.0,-96.0,-11.199999999999989,115.0
2016-01-24 12:18:25,2016-01-24,Seated Cable Row (close Grip),3,30,5700.0,190.0,190.0,253.3333333333333,10,175.0,5250.0,30.0,233.3333333333333,3.0,160.0,4800.0,213.3333333333333,190.0,5020.0,253.3333333333333,15.0,450.0,0.0,20.0,30.0,900.0,40.0,23.777604166666666,13,175.0,5023.333333333333,233.3333333333333,31.333333333333332,190.0,253.3333333333333,-15.0,230.0,-20.0,190.0
2016-01-25 20:01:01,2016-01-25,Leg curl,1,10,1250.0,125.0,125.0,166.66666666666666,10,135.0,3950.0,30.0,180.0,3.0,130.0,4680.0,182.0,125.0,4010.0,166.66666666666666,-10.0,-2700.0,-20.0,-13.333333333333343,-5.0,-3430.0,-15.333333333333343,33.088368055555556,3,130.0,4213.333333333333,176.2222222222222,33.333333333333336,135.0,182.0,10.0,-60.0,13.333333333333343,125.0
2016-01-25 20:01:01,2016-01-25,Squat (Barbell),8,46,12950.0,345.0,275.0,413.1666666666667,8,315.0,14105.0,51.0,399.0,7.0,330.0,13345.0,418.0,340.0,17235.0,408.0,30.0,-1155.0,-5.0,14.166666666666686,15.0,-395.0,-4.833333333333314,11.957743055555556,14,328.3333333333333,14895.0,408.3333333333333,56.333333333333336,340.0,418.0,-25.0,-3130.0,-9.0,345.0
2016-01-28 20:17:28,2016-01-28,Seated Military Press (Dumbbell),5,52,7760.0,180.0,148.0,246.0,11,180.0,8460.0,57.0,258.0,5.0,180.0,9340.0,258.0,120.0,2960.0,160.0,0.0,-700.0,-5.0,-12.0,0.0,-1580.0,-12.0,31.049953703703704,5,160.0,6920.0,225.33333333333334,50.0,180.0,258.0,60.0,5500.0,98.0,180.0
2016-01-28 20:17:28,2016-01-28,Seated Shoulder Press (Dumbbell),5,52,7760.0,180.0,148.0,246.0,11,180.0,8460.0,57.0,258.0,5.0,180.0,9340.0,258.0,120.0,2960.0,160.0,0.0,-700.0,-5.0,-12.0,0.0,-1580.0,-12.0,31.049953703703704,5,160.0,6920.0,225.33333333333334,50.0,180.0,258.0,60.0,5500.0,98.0,180.0
2016-01-30 15:01:17,2016-01-30,Rear delt fly,2,30,3750.0,125.0,125.0,187.5,15,115.0,5175.0,45.0,172.5,3.0,130.0,4680.0,182.0,130.0,4680.0,182.0,10.0,-1425.0,-15.0,15.0,-5.0,-930.0,5.5,6.113101851851852,14,125.0,4845.0,178.83333333333334,39.0,130.0,182.0,-15.0,495.0,-9.5,125.0
2016-01-30 15:01:17,2016-01-30,Seated Cable Row (close Grip),4,32,5120.0,190.0,160.0,240.66666666666663,8,190.0,5700.0,30.0,253.3333333333333,3.0,175.0,5250.0,233.3333333333333,160.0,4800.0,213.3333333333333,0.0,-580.0,2.0,-12.666666666666657,15.0,-130.0,7.333333333333343,6.113101851851852,14,175.0,5250.0,233.3333333333333,30.0,190.0,253.3333333333333,30.0,900.0,40.0,190.0
2016-01-31 15:20:03,2016-01-31,Deadlift,5,25,7575.0,345.0,303.0,402.5,5,325.0,6625.0,25.0,379.1666666666667,5.0,0.0,0.0,0.0,0.0,0.0,0.0,20.0,950.0,0.0,23.333333333333314,0.0,0.0,0.0,35.00883101851852,1,325.0,6625.0,379.1666666666667,25.0,325.0,379.1666666666667,0.0,0.0,0.0,345.0
2016-01-31 15:20:03,2016-01-31,Deadlift (Barbell),5,25,7575.0,345.0,303.0,402.5,5,325.0,6625.0,25.0,379.1666666666667,5.0,0.0,0.0,0.0,0.0,0.0,0.0,20.0,950.0,0.0,23.333333333333314,0.0,0.0,0.0,35.00883101851852,1,325.0,6625.0,379.1666666666667,25.0,325.0,379.1666666666667,0.0,0.0,0.0,345.0
2016-01-31 15:20:03,2016-01-31,Squat (Barbell),6,36,8040.0,275.0,223.33333333333334,330.0,6,345.0,12950.0,46.0,413.1666666666667,8.0,315.0,14105.0,399.0,330.0,13345.0,418.0,-70.0,-4910.0,-10.0,-83.16666666666669,-40.0,-6065.0,-69.0,5.804884259259259,15,330.0,13466.666666666666,410.0555555555556,48.666666666666664,345.0,418.0,15.0,-395.0,-4.833333333333314,275.0
2016-02-01 18:09:30,2016-02-01,Incline Bench Press (Barbell),6,44,8790.0,240.0,202.5,304.0,10,235.0,10800.0,50.0,297.66666666666663,7.0,240.0,8935.0,305.5,245.0,8155.0,310.3333333333333,5.0,-2010.0,-6.0,6.333333333333371,0.0,-145.0,-1.5,9.158796296296297,16,240.0,9296.666666666666,304.5,44.666666666666664,245.0,310.3333333333333,-10.0,2645.0,-12.666666666666686,240.0
2016-02-01 18:09:30,2016-02-01,Lateral Raise (Dumbbells),1,8,400.0,50.0,50.0,63.33333333333333,8,50.0,1500.0,30.0,66.66666666666666,3.0,60.0,1360.0,80.0,50.0,1200.0,70.0,0.0,-1100.0,-22.0,-3.3333333333333286,-10.0,-960.0,-16.66666666666667,9.158796296296297,11,53.333333333333336,1353.3333333333333,72.22222222222221,27.333333333333332,60.0,80.0,0.0,300.0,-3.333333333333343,50.0
2016-02-04 18:37:10,2016-02-04,T-bar Row,5,60,6300.0,115.0,105.0,161.0,12,100.0,4160.0,44.0,133.33333333333331,4.0,0.0,0.0,0.0,0.0,0.0,0.0,15.0,2140.0,16.0,27.666666666666686,0.0,0.0,0.0,80.01849537037037,1,100.0,4160.0,133.33333333333331,44.0,100.0,133.33333333333331,0.0,0.0,0.0,115.0
2016-02-05 20:09:54,2016-02-05,Incline Bench Press (Barbell),4,32,7680.0,240.0,240.0,304.0,8,240.0,8790.0,44.0,304.0,6.0,235.0,10800.0,297.66666666666663,240.0,8935.0,305.5,0.0,-1110.0,-12.0,0.0,5.0,-3120.0,6.333333333333371,4.083611111111111,17,238.33333333333334,9508.333333333334,302.3888888888889,46.333333333333336,240.0,305.5,0.0,-145.0,-1.5,240.0
2016-02-11 13:33:03,2016-02-11,Bicep Curl (Barbell),2,20,1400.0,70.0,70.0,93.33333333333331,10,90.0,1080.0,12.0,126.0,1.0,90.0,2700.0,120.0,95.0,3100.0,126.66666666666666,-20.0,320.0,8.0,-32.666666666666686,-20.0,-1300.0,-26.666666666666686,18.051828703703702,9,91.66666666666667,2293.3333333333335,124.22222222222221,27.333333333333332,95.0,126.66666666666666,-5.0,-2020.0,-0.6666666666666572,70.0
2016-02-11 13:33:03,2016-02-11,Hammer back row wide 45 angle,2,20,3600.0,180.0,180.0,240.0,10,210.0,5040.0,24.0,266.0,3.0,180.0,7200.0,240.0,0.0,0.0,0.0,-30.0,-1440.0,-4.0,-26.0,0.0,-3600.0,0.0,29.73675925925926,2,195.0,6120.0,253.0,32.0,210.0,266.0,0.0,0.0,0.0,180.0
2016-02-11 13:33:03,2016-02-11,Lat Pulldown,3,30,4350.0,145.0,145.0,193.3333333333333,10,145.0,4160.0,32.0,183.66666666666663,4.0,150.0,5400.0,210.0,150.0,5400.0,220.00000000000003,0.0,190.0,-2.0,9.666666666666657,-5.0,-1050.0,-16.666666666666714,35.79193287037037,8,148.33333333333334,4986.666666666667,204.55555555555554,34.666666666666664,150.0,220.00000000000003,-5.0,-1240.0,-36.3333333333334,145.0
2016-02-11 13:33:03,2016-02-11,Rear delt fly,2,20,2300.0,115.0,115.0,153.33333333333331,10,125.0,3750.0,30.0,187.5,2.0,115.0,5175.0,172.5,130.0,4680.0,182.0,-10.0,-1450.0,-10.0,-34.166666666666686,0.0,-2875.0,-19.166666666666686,11.938726851851852,15,123.33333333333333,4535.0,180.66666666666666,37.0,130.0,187.5,-5.0,-930.0,5.5,115.0
2016-02-11 17:29:56,2016-02-11,Incline Bench Press (Barbell),7,53,10405.0,240.0,195.71428571428572,304.0,8,240.0,7680.0,32.0,304.0,4.0,240.0,8790.0,304.0,235.0,10800.0,297.66666666666663,0.0,2725.0,21.0,0.0,0.0,1615.0,0.0,5.888912037037037,18,238.33333333333334,9090.0,301.8888888888889,42.0,240.0,304.0,5.0,-3120.0,6.333333333333371,240.0
2016-02-11 17:29:56,2016-02-11,Seated Military Press,4,32,5120.0,185.0,160.0,234.3333333333333,8,165.0,4950.0,30.0,220.0,3.0,220.0,13890.0,278.66666666666663,155.0,4720.0,206.66666666666663,20.0,170.0,2.0,14.333333333333286,-35.0,-8770.0,-44.33333333333334,26.891064814814815,6,180.0,7853.333333333333,235.1111111111111,45.333333333333336,220.0,278.66666666666663,10.0,230.0,13.333333333333371,185.0
2016-02-11 17:29:56,2016-02-11,Seated Shoulder Press (Barbell),4,32,5120.0,185.0,160.0,234.3333333333333,8,165.0,4950.0,30.0,220.0,3.0,220.0,13890.0,278.66666666666663,155.0,4720.0,206.66666666666663,20.0,170.0,2.0,14.333333333333286,-35.0,-8770.0,-44.33333333333334,26.891064814814815,6,180.0,7853.333333333333,235.1111111111111,45.333333333333336,220.0,278.66666666666663,10.0,230.0,13.333333333333371,185.0
2016-02-15 15:25:09,2016-02-15,Bicep Curl (Barbell),3,30,2850.0,95.0,95.0,126.66666666666666,10,70.0,1400.0,20.0,93.33333333333331,2.0,90.0,1080.0,126.0,90.0,2700.0,120.0,25.0,1450.0,10.0,33.33333333333334,5.0,1770.0,0.6666666666666572,4.077847222222222,10,83.33333333333333,1726.6666666666667,113.1111111111111,20.666666666666668,90.0,126.0,-20.0,-1300.0,-26.666666666666686,95.0
2016-02-15 15:25:09,2016-02-15,Rear delt fly,3,45,5175.0,115.0,115.0,172.5,15,115.0,2300.0,20.0,153.33333333333331,2.0,125.0,3750.0,187.5,115.0,5175.0,172.5,0.0,2875.0,25.0,19.166666666666686,-10.0,1425.0,-15.0,4.077847222222222,16,118.33333333333333,3741.6666666666665,171.1111111111111,31.666666666666668,125.0,187.5,0.0,-2875.0,-19.166666666666686,115.0
2016-02-15 15:25:09,2016-02-15,Seated Cable Row (close Grip),3,30,5700.0,190.0,190.0,253.3333333333333,10,190.0,5120.0,32.0,240.66666666666663,4.0,190.0,5700.0,253.3333333333333,175.0,5250.0,233.3333333333333,0.0,580.0,-2.0,12.666666666666657,0.0,0.0,0.0,16.016574074074075,15,185.0,5356.666666666667,242.44444444444443,30.666666666666668,190.0,253.3333333333333,15.0,-130.0,7.333333333333343,190.0
2016-02-15 18:39:10,2016-02-15,Squat (Barbell),8,55,13495.0,275.0,240.0,348.3333333333333,8,275.0,8040.0,36.0,330.0,6.0,345.0,12950.0,413.1666666666667,315.0,14105.0,399.0,0.0,5455.0,19.0,18.333333333333314,-70.0,545.0,-64.83333333333337,15.138275462962962,16,311.6666666666667,11698.333333333334,380.72222222222223,44.333333333333336,345.0,413.1666666666667,-40.0,-6065.0,-69.0,275.0
2016-02-16 18:39:10,2016-02-16,Incline Bench Press (Barbell),5,36,7860.0,235.0,215.0,297.66666666666663,8,240.0,10405.0,53.0,304.0,7.0,240.0,7680.0,304.0,240.0,8790.0,304.0,-5.0,-2545.0,-17.0,-6.333333333333371,-5.0,180.0,-6.333333333333371,5.048078703703704,19,240.0,8958.333333333334,304.0,43.0,240.0,304.0,0.0,1615.0,0.0,235.0
2016-02-23 13:32:12,2016-02-23,Lateral Raise (Dumbbells),2,24,1200.0,50.0,50.0,70.0,12,50.0,400.0,8.0,63.33333333333333,1.0,50.0,1500.0,66.66666666666666,60.0,1360.0,80.0,0.0,800.0,16.0,6.666666666666671,0.0,-300.0,3.333333333333343,21.807430555555555,12,53.333333333333336,1086.6666666666667,70.0,22.0,60.0,80.0,-10.0,-960.0,-16.66666666666667,50.0
2016-02-23 13:32:12,2016-02-23,Seated Military Press,6,48,8920.0,205.0,185.83333333333334,259.66666666666663,8,185.0,5120.0,32.0,234.3333333333333,4.0,165.0,4950.0,220.0,220.0,13890.0,278.66666666666663,20.0,3800.0,16.0,25.333333333333343,40.0,3970.0,39.66666666666663,11.834907407407407,7,190.0,7986.666666666667,244.3333333333333,45.333333333333336,220.0,278.66666666666663,-35.0,-8770.0,-44.33333333333334,205.0
2016-02-23 13:32:12,2016-02-23,Seated Shoulder Press (Barbell),6,48,8920.0,205.0,185.83333333333334,259.66666666666663,8,185.0,5120.0,32.0,234.3333333333333,4.0,165.0,4950.0,220.0,220.0,13890.0,278.66666666666663,20.0,3800.0,16.0,25.333333333333343,40.0,3970.0,39.66666666666663,11.834907407407407,7,190.0,7986.666666666667,244.3333333333333,45.333333333333336,220.0,278.66666666666663,-35.0,-8770.0,-44.33333333333334,205.0
2016-02-23 21:04:09,2016-02-23,Squat (Barbell),7,50,14030.0,315.0,277.85714285714283,399.0,8,275.0,13495.0,55.0,348.3333333333333,8.0,275.0,8040.0,330.0,345.0,12950.0,413.1666666666667,40.0,535.0,-5.0,50.666666666666686,40.0,5990.0,69.0,8.10068287037037,17,298.3333333333333,11495.0,363.8333333333333,45.666666666666664,345.0,413.1666666666667,-70.0,545.0,-64.83333333333337,315.0
2016-02-28 14:04:22,2016-02-28,Incline Bench Press (Barbell),6,48,9280.0,235.0,193.33333333333334,297.66666666666663,8,235.0,7860.0,36.0,297.66666666666663,5.0,240.0,10405.0,304.0,240.0,7680.0,304.0,0.0,1420.0,12.0,0.0,-5.0,-1125.0,-6.333333333333371,11.809166666666666,20,238.33333333333334,8648.333333333334,301.88888888888886,40.333333333333336,240.0,304.0,-5.0,180.0,-6.333333333333371,235.0
2016-02-28 14:04:22,2016-02-28,Lateral Raise (Dumbbells),3,30,1500.0,50.0,50.0,66.66666666666666,10,50.0,1200.0,24.0,70.0,2.0,50.0,400.0,63.33333333333333,50.0,1500.0,66.66666666666666,0.0,300.0,6.0,-3.333333333333343,0.0,1100.0,3.3333333333333286,5.022337962962963,13,50.0,1033.3333333333333,66.66666666666667,20.666666666666668,50.0,70.0,0.0,-300.0,3.333333333333343,50.0
2016-02-28 14:04:22,2016-02-28,Seated Military Press,4,38,6330.0,175.0,165.0,233.3333333333333,10,205.0,8920.0,48.0,259.66666666666663,6.0,185.0,5120.0,234.3333333333333,165.0,4950.0,220.0,-30.0,-2590.0,-10.0,-26.333333333333343,-10.0,1210.0,-1.0,5.022337962962963,8,185.0,6330.0,237.99999999999997,36.666666666666664,205.0,259.66666666666663,40.0,3970.0,39.66666666666663,175.0
2016-02-28 14:04:22,2016-02-28,Seated Shoulder Press (Barbell),4,38,6330.0,175.0,165.0,233.3333333333333,10,205.0,8920.0,48.0,259.66666666666663,6.0,185.0,5120.0,234.3333333333333,165.0,4950.0,220.0,-30.0,-2590.0,-10.0,-26.333333333333343,-10.0,1210.0,-1.0,5.022337962962963,8,185.0,6330.0,237.99999999999997,36.666666666666664,205.0,259.66666666666663,40.0,3970.0,39.66666666666663,175.0
2016-02-28 19:32:44,2016-02-28,Bicep Curl (Barbell),3,30,2850.0,95.0,95.0,126.66666666666666,10,95.0,2850.0,30.0,126.66666666666666,3.0,70.0,1400.0,93.33333333333331,90.0,1080.0,126.0,0.0,0.0,0.0,0.0,25.0,1450.0,33.33333333333334,13.17193287037037,11,85.0,1776.6666666666667,115.33333333333333,20.666666666666668,95.0,126.66666666666666,5.0,1770.0,0.6666666666666572,95.0
2016-02-28 19:32:44,2016-02-28,Rear delt fly,3,36,4680.0,130.0,130.0,182.0,12,115.0,5175.0,45.0,172.5,3.0,115.0,2300.0,153.33333333333331,125.0,3750.0,187.5,15.0,-495.0,-9.0,9.5,15.0,2380.0,28.666666666666686,13.17193287037037,17,118.33333333333333,3741.6666666666665,171.1111111111111,31.666666666666668,125.0,187.5,-10.0,1425.0,-15.0,130.0
2016-02-28 19:32:44,2016-02-28,Seated Cable Row (close Grip),4,48,7200.0,150.0,150.0,210.0,12,190.0,5700.0,30.0,253.3333333333333,3.0,190.0,5120.0,240.66666666666663,190.0,5700.0,253.3333333333333,-40.0,1500.0,18.0,-43.333333333333286,-40.0,2080.0,-30.66666666666663,13.17193287037037,16,190.0,5506.666666666667,249.1111111111111,30.666666666666668,190.0,253.3333333333333,0.0,0.0,0.0,150.0
2016-02-29 19:08:37,2016-02-29,Cycling,1,0,0.0,0.0,0.0,0.0,0,0.0,0.0,0.0,0.0,1.0,0.0,0.0,0.0,0.0,0.0,0.0,0.0,0.0,0.0,0.0,0.0,0.0,0.0,64.16755787037037,2,0.0,0.0,0.0,0.0,0.0,0.0,0.0,0.0,0.0,0.0
2016-02-29 19:08:37,2016-02-29,Leg outward fly,3,36,3960.0,110.0,110.0,154.0,12,100.0,4500.0,45.0,150.0,3.0,0.0,0.0,0.0,0.0,0.0,0.0,10.0,-540.0,-9.0,4.0,0.0,0.0,0.0,113.05776620370371,1,100.0,4500.0,150.0,45.0,100.0,150.0,0.0,0.0,0.0,110.0
2016-02-29 19:08:37,2016-02-29,Squat (Barbell),7,48,12480.0,315.0,252.14285714285714,399.0,8,315.0,14030.0,50.0,399.0,7.0,275.0,13495.0,348.3333333333333,275.0,8040.0,330.0,0.0,-1550.0,-2.0,0.0,40.0,-1015.0,50.666666666666686,5.919768518518518,18,288.3333333333333,11855.0,359.1111111111111,47.0,315.0,399.0,40.0,5990.0,69.0,315.0
2016-03-03 12:52:05,2016-03-03,Seated Military Press,6,43,8425.0,210.0,191.66666666666666,266.0,8,175.0,6330.0,38.0,233.3333333333333,4.0,205.0,8920.0,259.66666666666663,185.0,5120.0,234.3333333333333,35.0,2095.0,5.0,32.666666666666714,5.0,-495.0,6.333333333333371,3.949803240740741,9,188.33333333333334,6790.0,242.44444444444437,39.333333333333336,205.0,259.66666666666663,-10.0,1210.0,-1.0,210.0
2016-03-03 12:52:05,2016-03-03,Seated Shoulder Press (Barbell),6,43,8425.0,210.0,191.66666666666666,266.0,8,175.0,6330.0,38.0,233.3333333333333,4.0,205.0,8920.0,259.66666666666663,185.0,5120.0,234.3333333333333,35.0,2095.0,5.0,32.666666666666714,5.0,-495.0,6.333333333333371,3.949803240740741,9,188.33333333333334,6790.0,242.44444444444437,39.333333333333336,205.0,259.66666666666663,-10.0,1210.0,-1.0,210.0
2016-03-03 17:39:01,2016-03-03,Squat (Barbell),7,43,10675.0,320.0,247.85714285714286,384.0,8,315.0,12480.0,48.0,399.0,7.0,315.0,14030.0,399.0,275.0,13495.0,348.3333333333333,5.0,-1805.0,-5.0,-15.0,5.0,-3355.0,-15.0,2.937777777777778,19,301.6666666666667,13335.0,382.1111111111111,51.0,315.0,399.0,40.0,-1015.0,50.666666666666686,320.0
2016-03-05 11:37:57,2016-03-05,Bicep Curl (Barbell),2,24,2280.0,95.0,95.0,133.0,12,95.0,2850.0,30.0,126.66666666666666,3.0,95.0,2850.0,126.66666666666666,70.0,1400.0,93.33333333333331,0.0,-570.0,-6.0,6.333333333333343,0.0,-570.0,6.333333333333343,5.670289351851852,12,86.66666666666667,2366.6666666666665,115.55555555555554,26.666666666666668,95.0,126.66666666666666,25.0,1450.0,33.33333333333334,95.0
2016-03-05 11:37:57,2016-03-05,Rear delt fly,4,46,5590.0,130.0,121.25,182.0,12,130.0,4680.0,36.0,182.0,3.0,115.0,5175.0,172.5,115.0,2300.0,153.33333333333331,0.0,910.0,10.0,0.0,15.0,415.0,9.5,5.670289351851852,18,120.0,4051.6666666666665,169.27777777777777,33.666666666666664,130.0,182.0,15.0,2380.0,28.666666666666686,130.0
2016-03-05 11:37:57,2016-03-05,Seated Cable Row (close Grip),3,32,5090.0,190.0,160.0,253.3333333333333,12,150.0,7200.0,48.0,210.0,4.0,190.0,5700.0,253.3333333333333,190.0,5120.0,240.66666666666663,40.0,-2110.0,-16.0,43.333333333333286,0.0,-610.0,0.0,5.670289351851852,17,176.66666666666666,6006.666666666667,234.66666666666666,36.666666666666664,190.0,253.3333333333333,-40.0,2080.0,-30.66666666666663,190.0
2016-03-06 12:25:22,2016-03-06,Incline Bench Press (Barbell),8,52,10400.0,245.0,201.25,302.1666666666667,8,235.0,9280.0,48.0,297.66666666666663,6.0,235.0,7860.0,297.66666666666663,240.0,10405.0,304.0,10.0,1120.0,4.0,4.500000000000057,10.0,2540.0,4.500000000000057,6.93125,21,236.66666666666666,9181.666666666666,299.77777777777777,45.666666666666664,240.0,304.0,-5.0,-1125.0,-6.333333333333371,245.0
2016-03-06 12:25:22,2016-03-06,Seated Military Press (Dumbbell),4,38,4370.0,140.0,116.25,186.66666666666663,10,180.0,7760.0,52.0,246.0,5.0,180.0,8460.0,258.0,180.0,9340.0,258.0,-40.0,-3390.0,-14.0,-59.33333333333337,-40.0,-4090.0,-71.33333333333337,37.672152777777775,6,180.0,8520.0,254.0,58.0,180.0,258.0,0.0,-1580.0,-12.0,140.0
2016-03-06 12:25:22,2016-03-06,Seated Shoulder Press (Dumbbell),4,38,4370.0,140.0,116.25,186.66666666666663,10,180.0,7760.0,52.0,246.0,5.0,180.0,8460.0,258.0,180.0,9340.0,258.0,-40.0,-3390.0,-14.0,-59.33333333333337,-40.0,-4090.0,-71.33333333333337,37.672152777777775,6,180.0,8520.0,254.0,58.0,180.0,258.0,0.0,-1580.0,-12.0,140.0
2016-03-06 12:25:22,2016-03-06,Tricep Extension,2,20,1800.0,90.0,90.0,120.0,10,80.0,1600.0,20.0,106.66666666666666,2.0,75.0,1500.0,100.0,0.0,0.0,0.0,10.0,200.0,0.0,13.333333333333343,15.0,300.0,20.0,85.83630787037038,2,77.5,1550.0,103.33333333333333,20.0,80.0,106.66666666666666,0.0,0.0,0.0,90.0
2016-03-08 18:32:16,2016-03-08,Leg curl,3,36,4740.0,135.0,131.66666666666666,189.0,12,125.0,1250.0,10.0,166.66666666666666,1.0,135.0,3950.0,180.0,130.0,4680.0,182.0,10.0,3490.0,26.0,22.333333333333343,0.0,790.0,9.0,42.93836805555556,4,130.0,3293.3333333333335,176.22222222222226,25.333333333333332,135.0,182.0,-5.0,-3430.0,-15.333333333333343,135.0
2016-03-08 18:32:16,2016-03-08,Leg press (hinge ),3,36,12960.0,360.0,360.0,504.0,12,458.0,16296.0,36.0,641.1999999999999,3.0,500.01,15000.300000000001,666.68,450.0,16200.0,630.0,-98.0,-3336.0,0.0,-137.19999999999993,-140.01,-2040.300000000001,-162.67999999999995,76.0267361111111,5,469.33666666666664,15832.1,645.9599999999999,34.0,500.01,666.68,8.0,96.0,11.199999999999932,360.0
2016-03-08 18:32:16,2016-03-08,Squat (Barbell),8,47,12335.0,330.0,263.125,396.0,6,320.0,10675.0,43.0,384.0,7.0,315.0,12480.0,399.0,315.0,14030.0,399.0,10.0,1660.0,4.0,12.0,15.0,-145.0,-3.0,5.036979166666667,20,316.6666666666667,12395.0,394.0,47.0,320.0,399.0,5.0,-3355.0,-15.0,330.0
2016-03-10 16:35:14,2016-03-10,Rear delt fly,1,12,1560.0,130.0,130.0,182.0,12,130.0,5590.0,46.0,182.0,4.0,130.0,4680.0,182.0,115.0,5175.0,172.5,0.0,-4030.0,-34.0,0.0,0.0,-3120.0,0.0,5.20644675925926,19,125.0,5148.333333333333,178.83333333333334,42.333333333333336,130.0,182.0,15.0,415.0,9.5,130.0
2016-03-10 16:35:14,2016-03-10,T-bar Row,4,40,4600.0,115.0,115.0,153.33333333333331,10,115.0,6300.0,60.0,161.0,5.0,100.0,4160.0,133.33333333333331,0.0,0.0,0.0,0.0,-1700.0,-20.0,-7.666666666666686,15.0,440.0,20.0,34.91532407407407,2,107.5,5230.0,147.16666666666666,52.0,115.0,161.0,0.0,0.0,0.0,115.0
2016-03-11 18:08:23,2016-03-11,Cycling,1,0,0.0,0.0,0.0,0.0,0,0.0,0.0,0.0,0.0,1.0,0.0,0.0,0.0,0.0,0.0,0.0,0.0,0.0,0.0,0.0,0.0,0.0,0.0,10.958171296296296,3,0.0,0.0,0.0,0.0,0.0,0.0,0.0,0.0,0.0,0.0
2016-03-11 18:08:23,2016-03-11,Lateral Raise (Dumbbells),2,24,1440.0,70.0,60.0,98.0,12,50.0,1500.0,30.0,66.66666666666666,3.0,50.0,1200.0,70.0,50.0,400.0,63.33333333333333,20.0,-60.0,-6.0,31.333333333333343,20.0,240.0,28.0,12.169456018518519,14,50.0,1033.3333333333333,66.66666666666667,20.666666666666668,50.0,70.0,0.0,1100.0,3.3333333333333286,70.0
2016-03-11 18:08:23,2016-03-11,Seated Military Press,8,62,10890.0,210.0,175.0,266.0,8,210.0,8425.0,43.0,266.0,6.0,175.0,6330.0,233.3333333333333,205.0,8920.0,259.66666666666663,0.0,2465.0,19.0,0.0,35.0,4560.0,32.666666666666714,8.219652777777778,10,196.66666666666666,7891.666666666667,252.99999999999997,43.0,210.0,266.0,5.0,-495.0,6.333333333333371,210.0
2016-03-11 18:08:23,2016-03-11,Seated Shoulder Press (Barbell),8,62,10890.0,210.0,175.0,266.0,8,210.0,8425.0,43.0,266.0,6.0,175.0,6330.0,233.3333333333333,205.0,8920.0,259.66666666666663,0.0,2465.0,19.0,0.0,35.0,4560.0,32.666666666666714,8.219652777777778,10,196.66666666666666,7891.666666666667,252.99999999999997,43.0,210.0,266.0,5.0,-495.0,6.333333333333371,210.0
2016-03-14 17:35:39,2016-03-14,Bent Over Row (Dumbbell),3,36,3060.0,85.0,85.0,119.0,12,180.0,5400.0,30.0,240.0,3.0,150.0,5400.0,210.0,0.0,0.0,0.0,-95.0,-2340.0,6.0,-121.0,-65.0,-2340.0,-91.0,83.00899305555555,2,165.0,5400.0,225.0,33.0,180.0,240.0,0.0,0.0,0.0,85.0
2016-03-14 17:35:39,2016-03-14,Bicep Curl (Barbell),4,36,2640.0,90.0,75.0,114.0,10,95.0,2280.0,24.0,133.0,2.0,95.0,2850.0,126.66666666666666,95.0,2850.0,126.66666666666666,-5.0,360.0,12.0,-19.0,-5.0,-210.0,-12.666666666666657,9.248402777777779,13,95.0,2660.0,128.77777777777777,28.0,95.0,133.0,0.0,-570.0,6.333333333333343,90.0
2016-03-14 17:35:39,2016-03-14,Hammer back row wide 45 angle,3,24,3360.0,140.0,140.0,177.33333333333331,8,180.0,3600.0,20.0,240.0,2.0,210.0,5040.0,266.0,180.0,7200.0,240.0,-40.0,-240.0,4.0,-62.666666666666686,-70.0,-1680.0,-88.66666666666669,32.16847222222222,3,190.0,5280.0,248.66666666666666,28.0,210.0,266.0,0.0,-3600.0,0.0,140.0
2016-03-14 17:35:39,2016-03-14,Rear delt fly,2,24,2760.0,115.0,115.0,161.0,12,130.0,1560.0,12.0,182.0,1.0,130.0,5590.0,182.0,130.0,4680.0,182.0,-15.0,1200.0,12.0,-21.0,-15.0,-2830.0,-21.0,4.041956018518518,20,130.0,3943.3333333333335,182.0,31.333333333333332,130.0,182.0,0.0,-3120.0,0.0,115.0
2016-03-15 19:03:46,2016-03-15,Incline Bench Press (Barbell),6,44,8720.0,240.0,195.0,304.0,8,245.0,10400.0,52.0,302.1666666666667,8.0,235.0,9280.0,297.66666666666663,235.0,7860.0,297.66666666666663,-5.0,-1680.0,-8.0,1.8333333333333144,5.0,-560.0,6.333333333333371,9.276666666666667,22,238.33333333333334,9180.0,299.16666666666663,45.333333333333336,245.0,302.1666666666667,10.0,2540.0,4.500000000000057,240.0
2016-03-15 19:03:46,2016-03-15,Seated Military Press,4,32,5520.0,185.0,172.5,234.3333333333333,8,210.0,10890.0,62.0,266.0,8.0,210.0,8425.0,266.0,175.0,6330.0,233.3333333333333,-25.0,-5370.0,-30.0,-31.666666666666714,-25.0,-2905.0,-31.666666666666714,4.038460648148148,11,198.33333333333334,8548.333333333334,255.1111111111111,47.666666666666664,210.0,266.0,35.0,4560.0,32.666666666666714,185.0
2016-03-15 19:03:46,2016-03-15,Seated Shoulder Press (Barbell),4,32,5520.0,185.0,172.5,234.3333333333333,8,210.0,10890.0,62.0,266.0,8.0,210.0,8425.0,266.0,175.0,6330.0,233.3333333333333,-25.0,-5370.0,-30.0,-31.666666666666714,-25.0,-2905.0,-31.666666666666714,4.038460648148148,11,198.33333333333334,8548.333333333334,255.1111111111111,47.666666666666664,210.0,266.0,35.0,4560.0,32.666666666666714,185.0
2016-03-17 19:45:00,2016-03-17,Squat (Barbell),10,62,13330.0,275.0,213.0,348.3333333333333,8,330.0,12335.0,47.0,396.0,8.0,320.0,10675.0,384.0,315.0,12480.0,399.0,-55.0,995.0,15.0,-47.666666666666686,-45.0,2655.0,-35.666666666666686,9.05050925925926,21,321.6666666666667,11830.0,393.0,46.0,330.0,399.0,15.0,-145.0,-3.0,275.0
2016-03-18 19:45:00,2016-03-18,Cycling,1,0,0.0,0.0,0.0,0.0,0,0.0,0.0,0.0,0.0,1.0,0.0,0.0,0.0,0.0,0.0,0.0,0.0,0.0,0.0,0.0,0.0,0.0,0.0,7.067094907407407,4,0.0,0.0,0.0,0.0,0.0,0.0,0.0,0.0,0.0,0.0
2016-03-18 19:45:00,2016-03-18,Leg curl,3,36,3420.0,95.0,95.0,133.0,12,135.0,4740.0,36.0,189.0,3.0,125.0,1250.0,166.66666666666666,135.0,3950.0,180.0,-40.0,-1320.0,0.0,-56.0,-30.0,2170.0,-33.66666666666666,10.05050925925926,5,131.66666666666666,3313.3333333333335,178.55555555555557,25.333333333333332,135.0,189.0,0.0,790.0,9.0,95.0
2016-03-19 15:58:41,2016-03-19,Bicep Curl (Barbell),2,20,1900.0,95.0,95.0,126.66666666666666,10,90.0,2640.0,36.0,114.0,4.0,95.0,2280.0,133.0,95.0,2850.0,126.66666666666666,5.0,-740.0,-16.0,12.666666666666657,0.0,-380.0,-6.333333333333343,4.932662037037037,14,93.33333333333333,2590.0,124.55555555555554,30.0,95.0,133.0,-5.0,-210.0,-12.666666666666657,95.0
2016-03-19 15:58:41,2016-03-19,Hammer Curl (Dumbbell ),2,20,1200.0,60.0,60.0,80.0,10,65.0,1560.0,24.0,91.0,2.0,60.0,1200.0,80.0,80.0,1360.0,101.33333333333331,-5.0,-360.0,-4.0,-11.0,0.0,0.0,0.0,72.89306712962963,5,68.33333333333333,1373.3333333333333,90.77777777777777,21.333333333333332,80.0,101.33333333333331,-15.0,200.0,-10.333333333333314,60.0
2016-03-19 15:58:41,2016-03-19,Rear delt fly,3,39,4770.0,130.0,123.33333333333333,182.0,15,115.0,2760.0,24.0,161.0,2.0,130.0,1560.0,182.0,130.0,5590.0,182.0,15.0,2010.0,15.0,21.0,0.0,3210.0,0.0,4.932662037037037,21,125.0,3303.3333333333335,175.0,27.333333333333332,130.0,182.0,-15.0,-2830.0,-21.0,130.0
2016-03-19 15:58:41,2016-03-19,Seated Cable Row (close Grip),2,24,3120.0,130.0,130.0,182.0,12,190.0,5090.0,32.0,253.3333333333333,3.0,150.0,7200.0,210.0,190.0,5700.0,253.3333333333333,-60.0,-1970.0,-8.0,-71.33333333333329,-20.0,-4080.0,-28.0,14.181064814814814,18,176.66666666666666,5996.666666666667,238.88888888888889,36.666666666666664,190.0,253.3333333333333,0.0,-610.0,0.0,130.0
2016-03-19 15:58:41,2016-03-19,T-bar Row,3,31,3617.5,117.5,116.66666666666667,160.58333333333334,11,115.0,4600.0,40.0,153.33333333333331,4.0,115.0,6300.0,161.0,100.0,4160.0,133.33333333333331,2.5,-982.5,-9.0,7.250000000000028,2.5,-2682.5,-0.4166666666666572,8.974618055555556,3,110.0,5020.0,149.2222222222222,48.0,115.0,161.0,15.0,440.0,20.0,117.5
2016-03-20 10:09:05,2016-03-20,Cycling,1,0,0.0,0.0,0.0,0.0,0,0.0,0.0,0.0,0.0,1.0,0.0,0.0,0.0,0.0,0.0,0.0,0.0,0.0,0.0,0.0,0.0,0.0,0.0,1.6000578703703703,5,0.0,0.0,0.0,0.0,0.0,0.0,0.0,0.0,0.0,0.0
2016-03-20 10:09:05,2016-03-20,Military Press (Standing),2,20,900.0,45.0,45.0,60.0,10,100.0,2900.0,29.0,133.33333333333331,3.0,80.0,2000.0,106.66666666666666,0.0,0.0,0.0,-55.0,-2000.0,-9.0,-73.33333333333331,-35.0,-1100.0,-46.66666666666666,82.62746527777777,2,90.0,2450.0,119.99999999999999,29.5,100.0,133.33333333333331,0.0,0.0,0.0,45.0
2016-03-20 10:09:05,2016-03-20,Seated Military Press,7,52,9760.0,215.0,185.71428571428572,272.3333333333333,8,185.0,5520.0,32.0,234.3333333333333,4.0,210.0,10890.0,266.0,210.0,8425.0,266.0,30.0,4240.0,20.0,38.00000000000003,5.0,-1130.0,6.333333333333314,4.62869212962963,12,201.66666666666666,8278.333333333334,255.44444444444443,45.666666666666664,210.0,266.0,-25.0,-2905.0,-31.666666666666714,215.0
2016-03-20 10:09:05,2016-03-20,Seated Shoulder Press (Barbell),7,52,9760.0,215.0,185.71428571428572,272.3333333333333,8,185.0,5520.0,32.0,234.3333333333333,4.0,210.0,10890.0,266.0,210.0,8425.0,266.0,30.0,4240.0,20.0,38.00000000000003,5.0,-1130.0,6.333333333333314,4.62869212962963,12,201.66666666666666,8278.333333333334,255.44444444444443,45.666666666666664,210.0,266.0,-25.0,-2905.0,-31.666666666666714,215.0
2016-03-20 10:09:05,2016-03-20,Shoulder Press (Standing),2,20,900.0,45.0,45.0,60.0,10,100.0,2900.0,29.0,133.33333333333331,3.0,80.0,2000.0,106.66666666666666,0.0,0.0,0.0,-55.0,-2000.0,-9.0,-73.33333333333331,-35.0,-1100.0,-46.66666666666666,82.62746527777777,2,90.0,2450.0,119.99999999999999,29.5,100.0,133.33333333333331,0.0,0.0,0.0,45.0
2016-03-21 11:33:11,2016-03-21,Good Morning (Barbell),2,23,1955.0,85.0,85.0,119.0,12,95.0,2850.0,30.0,126.66666666666666,3.0,115.0,1840.0,145.66666666666666,0.0,0.0,0.0,-10.0,-895.0,-7.0,-7.666666666666657,-30.0,115.0,-26.666666666666657,104.66339120370371,2,105.0,2345.0,136.16666666666666,23.0,115.0,145.66666666666666,0.0,0.0,0.0,85.0
2016-03-21 11:33:11,2016-03-21,Leg press (hinge ),3,36,12960.0,360.0,360.0,504.0,12,360.0,12960.0,36.0,504.0,3.0,458.0,16296.0,641.1999999999999,500.01,15000.300000000001,666.68,0.0,0.0,0.0,0.0,-98.0,-3336.0,-137.19999999999993,12.708969907407408,6,439.33666666666664,14752.1,603.9599999999999,34.0,500.01,666.68,-140.01,-2040.300000000001,-162.67999999999995,360.0
2016-03-21 11:33:11,2016-03-21,Squat (Barbell),9,54,13890.0,320.0,257.22222222222223,384.0,6,275.0,13330.0,62.0,348.3333333333333,10.0,330.0,12335.0,396.0,320.0,10675.0,384.0,45.0,560.0,-8.0,35.666666666666686,-10.0,1555.0,-12.0,3.6584606481481483,22,308.3333333333333,12113.333333333334,376.11111111111114,50.666666666666664,330.0,396.0,-45.0,2655.0,-35.666666666666686,320.0
2016-03-25 16:22:01,2016-03-25,Incline Bench Press (Barbell),5,32,7500.0,245.0,234.0,304.0,8,240.0,8720.0,44.0,304.0,6.0,245.0,10400.0,302.1666666666667,235.0,9280.0,297.66666666666663,5.0,-1220.0,-12.0,0.0,0.0,-2900.0,1.8333333333333144,9.887673611111111,23,240.0,9466.666666666666,301.27777777777777,48.0,245.0,304.0,5.0,-560.0,6.333333333333371,245.0
2016-03-28 15:20:15,2016-03-28,Squat (Barbell),9,62,14980.0,305.0,236.11111111111111,386.3333333333333,8,320.0,13890.0,54.0,384.0,9.0,275.0,13330.0,348.3333333333333,330.0,12335.0,396.0,-15.0,1090.0,8.0,2.3333333333333144,30.0,1650.0,38.0,7.157685185185185,23,308.3333333333333,13185.0,376.11111111111114,54.333333333333336,330.0,396.0,-10.0,1555.0,-12.0,305.0
2016-03-30 20:18:42,2016-03-30,T-bar Row,3,24,2160.0,90.0,90.0,114.0,8,117.5,3617.5,31.0,160.58333333333334,3.0,115.0,4600.0,153.33333333333331,115.0,6300.0,161.0,-27.5,-1457.5,-7.0,-46.58333333333334,-25.0,-2440.0,-39.333333333333314,11.18056712962963,4,115.83333333333333,4839.166666666667,158.30555555555554,43.666666666666664,117.5,161.0,2.5,-2682.5,-0.4166666666666572,90.0
2016-04-03 13:08:05,2016-04-03,Military Press (Standing),2,18,1530.0,85.0,85.0,113.33333333333331,10,45.0,900.0,20.0,60.0,2.0,100.0,2900.0,133.33333333333331,80.0,2000.0,106.66666666666666,40.0,630.0,-2.0,53.333333333333314,-15.0,-1370.0,-20.0,14.124305555555555,3,75.0,1933.3333333333333,100.0,26.333333333333332,100.0,133.33333333333331,-35.0,-1100.0,-46.66666666666666,85.0
2016-04-03 13:08:05,2016-04-03,Seated Military Press,7,57,10065.0,220.0,176.42857142857142,278.66666666666663,9,215.0,9760.0,52.0,272.3333333333333,7.0,185.0,5520.0,234.3333333333333,210.0,10890.0,266.0,5.0,305.0,5.0,6.333333333333314,35.0,4545.0,44.33333333333334,14.124305555555555,13,203.33333333333334,8723.333333333334,257.55555555555554,48.666666666666664,215.0,272.3333333333333,5.0,-1130.0,6.333333333333314,220.0
2016-04-03 13:08:05,2016-04-03,Seated Shoulder Press (Barbell),7,57,10065.0,220.0,176.42857142857142,278.66666666666663,9,215.0,9760.0,52.0,272.3333333333333,7.0,185.0,5520.0,234.3333333333333,210.0,10890.0,266.0,5.0,305.0,5.0,6.333333333333314,35.0,4545.0,44.33333333333334,14.124305555555555,13,203.33333333333334,8723.333333333334,257.55555555555554,48.666666666666664,215.0,272.3333333333333,5.0,-1130.0,6.333333333333314,220.0
2016-04-03 13:08:05,2016-04-03,Shoulder Press (Standing),2,18,1530.0,85.0,85.0,113.33333333333331,10,45.0,900.0,20.0,60.0,2.0,100.0,2900.0,133.33333333333331,80.0,2000.0,106.66666666666666,40.0,630.0,-2.0,53.333333333333314,-15.0,-1370.0,-20.0,14.124305555555555,3,75.0,1933.3333333333333,100.0,26.333333333333332,100.0,133.33333333333331,-35.0,-1100.0,-46.66666666666666,85.0
2016-04-03 17:02:40,2016-04-03,Bicep Curl (Barbell),3,29,2755.0,95.0,95.0,126.66666666666666,10,95.0,1900.0,20.0,126.66666666666666,2.0,90.0,2640.0,114.0,95.0,2280.0,133.0,0.0,855.0,9.0,0.0,5.0,115.0,12.666666666666657,15.04443287037037,15,93.33333333333333,2273.3333333333335,124.55555555555554,26.666666666666668,95.0,133.0,0.0,-380.0,-6.333333333333343,95.0
2016-04-03 17:02:40,2016-04-03,Rear delt fly,3,42,5040.0,120.0,120.0,180.0,15,130.0,4770.0,39.0,182.0,3.0,115.0,2760.0,161.0,130.0,1560.0,182.0,-10.0,270.0,3.0,-2.0,5.0,2280.0,19.0,15.04443287037037,22,125.0,3030.0,175.0,25.0,130.0,182.0,0.0,3210.0,0.0,120.0
2016-04-03 17:02:40,2016-04-03,Seated Cable Row (close Grip),2,24,3300.0,145.0,137.5,203.0,12,130.0,3120.0,24.0,182.0,2.0,190.0,5090.0,253.3333333333333,150.0,7200.0,210.0,15.0,180.0,0.0,21.0,-45.0,-1790.0,-50.333333333333286,15.04443287037037,19,156.66666666666666,5136.666666666667,215.1111111111111,34.666666666666664,190.0,253.3333333333333,-20.0,-4080.0,-28.0,145.0
2016-04-03 17:02:40,2016-04-03,T-bar Row,3,30,3500.0,125.0,116.66666666666667,166.66666666666666,10,90.0,2160.0,24.0,114.0,3.0,117.5,3617.5,160.58333333333334,115.0,4600.0,153.33333333333331,35.0,1340.0,6.0,52.66666666666666,7.5,-117.5,6.083333333333314,3.863865740740741,5,107.5,3459.1666666666665,142.63888888888889,31.666666666666668,117.5,160.58333333333334,-25.0,-2440.0,-39.333333333333314,125.0
2016-04-05 18:38:00,2016-04-05,Good Morning (Barbell),3,32,3410.0,110.0,106.66666666666667,147.0,12,85.0,1955.0,23.0,119.0,2.0,95.0,2850.0,126.66666666666666,115.0,1840.0,145.66666666666666,25.0,1455.0,9.0,28.0,15.0,560.0,20.333333333333343,15.295011574074074,3,98.33333333333333,2215.0,130.44444444444443,23.0,115.0,145.66666666666666,-30.0,115.0,-26.666666666666657,110.0
2016-04-05 18:38:00,2016-04-05,Leg outward fly,4,46,5110.0,115.0,111.25,154.0,12,110.0,3960.0,36.0,154.0,3.0,100.0,4500.0,150.0,0.0,0.0,0.0,5.0,1150.0,10.0,0.0,15.0,610.0,4.0,35.978738425925926,2,105.0,4230.0,152.0,40.5,110.0,154.0,0.0,0.0,0.0,115.0
2016-04-05 18:38:00,2016-04-05,Squat (Barbell),11,73,17945.0,315.0,246.8181818181818,378.0,8,305.0,14980.0,62.0,386.3333333333333,9.0,320.0,13890.0,384.0,275.0,13330.0,348.3333333333333,10.0,2965.0,11.0,-8.333333333333314,-5.0,4055.0,-6.0,8.137326388888889,24,300.0,14066.666666666666,372.8888888888889,59.333333333333336,320.0,386.3333333333333,30.0,1650.0,38.0,315.0
2016-04-07 19:04:52,2016-04-07,Incline Bench Press (Barbell),7,49,9595.0,245.0,197.14285714285714,304.0,8,245.0,7500.0,32.0,304.0,5.0,240.0,8720.0,304.0,245.0,10400.0,302.1666666666667,0.0,2095.0,17.0,0.0,5.0,875.0,0.0,13.113090277777777,24,243.33333333333334,8873.333333333334,303.3888888888889,42.666666666666664,245.0,304.0,0.0,-2900.0,1.8333333333333144,245.0
2016-04-07 19:04:52,2016-04-07,Lateral Raise (Dumbbells),2,27,1620.0,60.0,60.0,88.0,14,70.0,1440.0,24.0,98.0,2.0,50.0,1500.0,66.66666666666666,50.0,1200.0,70.0,-10.0,180.0,3.0,-10.0,10.0,120.0,21.333333333333343,27.039224537037036,15,56.666666666666664,1380.0,78.22222222222223,26.0,70.0,98.0,20.0,240.0,28.0,60.0
2016-04-07 19:04:52,2016-04-07,Seated Military Press,3,30,4950.0,165.0,165.0,220.0,10,220.0,10065.0,57.0,278.66666666666663,7.0,215.0,9760.0,272.3333333333333,185.0,5520.0,234.3333333333333,-55.0,-5115.0,-27.0,-58.66666666666663,-50.0,-4810.0,-52.333333333333314,4.247766203703704,14,206.66666666666666,8448.333333333334,261.77777777777777,47.0,220.0,278.66666666666663,35.0,4545.0,44.33333333333334,165.0
2016-04-07 19:04:52,2016-04-07,Seated Shoulder Press (Barbell),3,30,4950.0,165.0,165.0,220.0,10,220.0,10065.0,57.0,278.66666666666663,7.0,215.0,9760.0,272.3333333333333,185.0,5520.0,234.3333333333333,-55.0,-5115.0,-27.0,-58.66666666666663,-50.0,-4810.0,-52.333333333333314,4.247766203703704,14,206.66666666666666,8448.333333333334,261.77777777777777,47.0,220.0,278.66666666666663,35.0,4545.0,44.33333333333334,165.0
2016-04-07 19:04:52,2016-04-07,Tricep Extension,1,8,640.0,80.0,80.0,101.33333333333331,8,90.0,1800.0,20.0,120.0,2.0,80.0,1600.0,106.66666666666666,75.0,1500.0,100.0,-10.0,-1160.0,-12.0,-18.666666666666686,0.0,-960.0,-5.333333333333343,32.277430555555554,3,81.66666666666667,1633.3333333333333,108.88888888888887,20.0,90.0,120.0,15.0,300.0,20.0,80.0
2016-04-08 20:11:24,2016-04-08,Bicep Curl (Barbell),3,28,2440.0,100.0,90.0,126.66666666666666,12,95.0,2755.0,29.0,126.66666666666666,3.0,95.0,1900.0,126.66666666666666,90.0,2640.0,114.0,5.0,-315.0,-1.0,0.0,5.0,540.0,0.0,5.131064814814815,16,93.33333333333333,2431.6666666666665,122.44444444444444,28.333333333333332,95.0,126.66666666666666,5.0,115.0,12.666666666666657,100.0
2016-04-08 20:11:24,2016-04-08,Rear delt fly,3,39,4875.0,125.0,125.0,187.5,15,120.0,5040.0,42.0,180.0,3.0,130.0,4770.0,182.0,115.0,2760.0,161.0,5.0,-165.0,-3.0,7.5,-5.0,105.0,5.5,5.131064814814815,23,121.66666666666667,4190.0,174.33333333333334,35.0,130.0,182.0,5.0,2280.0,19.0,125.0
2016-04-08 20:11:24,2016-04-08,Seated Cable Row (close Grip),4,48,6960.0,145.0,145.0,203.0,12,145.0,3300.0,24.0,203.0,2.0,130.0,3120.0,182.0,190.0,5090.0,253.3333333333333,0.0,3660.0,24.0,0.0,15.0,3840.0,21.0,5.131064814814815,20,155.0,3836.6666666666665,212.77777777777774,26.666666666666668,190.0,253.3333333333333,-45.0,-1790.0,-50.333333333333286,145.0
2016-04-10 14:11:29,2016-04-10,Squat (Barbell),8,48,13680.0,335.0,285.0,402.0,6,315.0,17945.0,73.0,378.0,11.0,305.0,14980.0,386.3333333333333,320.0,13890.0,384.0,20.0,-4265.0,-25.0,24.0,30.0,-1300.0,15.666666666666686,4.8149189814814815,25,313.3333333333333,15605.0,382.77777777777777,63.0,320.0,386.3333333333333,-5.0,4055.0,-6.0,335.0
2016-04-12 17:30:32,2016-04-12,Lateral Raise (Dumbbells),1,10,400.0,40.0,40.0,53.33333333333333,10,60.0,1620.0,27.0,88.0,2.0,70.0,1440.0,98.0,50.0,1500.0,66.66666666666666,-20.0,-1220.0,-17.0,-34.66666666666667,-30.0,-1040.0,-44.66666666666667,4.934490740740741,16,60.0,1520.0,84.22222222222223,27.0,70.0,98.0,10.0,120.0,21.333333333333343,40.0
2016-04-12 17:30:32,2016-04-12,Seated Military Press,7,54,9630.0,220.0,178.57142857142858,278.66666666666663,8,165.0,4950.0,30.0,220.0,3.0,220.0,10065.0,278.66666666666663,215.0,9760.0,272.3333333333333,55.0,4680.0,24.0,58.66666666666663,0.0,-435.0,0.0,4.934490740740741,15,200.0,8258.333333333334,257.0,46.333333333333336,220.0,278.66666666666663,-50.0,-4810.0,-52.333333333333314,220.0
2016-04-12 17:30:32,2016-04-12,Seated Shoulder Press (Barbell),7,54,9630.0,220.0,178.57142857142858,278.66666666666663,8,165.0,4950.0,30.0,220.0,3.0,220.0,10065.0,278.66666666666663,215.0,9760.0,272.3333333333333,55.0,4680.0,24.0,58.66666666666663,0.0,-435.0,0.0,4.934490740740741,15,200.0,8258.333333333334,257.0,46.333333333333336,220.0,278.66666666666663,-50.0,-4810.0,-52.333333333333314,220.0
2016-04-14 17:47:15,2016-04-14,Bicep Curl (Barbell),4,45,3825.0,100.0,87.5,133.33333333333331,15,100.0,2440.0,28.0,126.66666666666666,3.0,95.0,2755.0,126.66666666666666,95.0,1900.0,126.66666666666666,0.0,1385.0,17.0,6.666666666666657,5.0,1070.0,6.666666666666657,5.899895833333333,17,96.66666666666667,2365.0,126.66666666666666,25.666666666666668,100.0,126.66666666666666,5.0,540.0,0.0,100.0
2016-04-14 17:47:15,2016-04-14,Rear delt fly,3,45,5625.0,125.0,125.0,187.5,15,125.0,4875.0,39.0,187.5,3.0,120.0,5040.0,180.0,130.0,4770.0,182.0,0.0,750.0,6.0,0.0,5.0,585.0,7.5,5.899895833333333,24,125.0,4895.0,183.16666666666666,40.0,130.0,187.5,-5.0,105.0,5.5,125.0
2016-04-21 18:48:19,2016-04-21,Hammer seated row,4,48,7200.0,150.0,150.0,210.0,12,140.0,5660.0,42.0,186.66666666666663,4.0,0.0,0.0,0.0,0.0,0.0,0.0,10.0,1540.0,6.0,23.33333333333337,0.0,0.0,0.0,7.042407407407407,1,140.0,5660.0,186.66666666666663,42.0,140.0,186.66666666666663,0.0,0.0,0.0,150.0
2016-04-21 18:48:19,2016-04-21,Hammer seated row (CLOSE GRIP),4,48,7200.0,150.0,150.0,210.0,12,140.0,5660.0,42.0,186.66666666666663,4.0,0.0,0.0,0.0,0.0,0.0,0.0,10.0,1540.0,6.0,23.33333333333337,0.0,0.0,0.0,7.042407407407407,1,140.0,5660.0,186.66666666666663,42.0,140.0,186.66666666666663,0.0,0.0,0.0,150.0
2016-04-22 19:39:02,2016-04-22,Seated Military Press,5,30,6190.0,210.0,206.0,266.0,8,220.0,9630.0,54.0,278.66666666666663,7.0,165.0,4950.0,220.0,220.0,10065.0,278.66666666666663,-10.0,-3440.0,-24.0,-12.666666666666629,45.0,1240.0,46.0,10.089236111111111,16,201.66666666666666,8215.0,259.1111111111111,47.0,220.0,278.66666666666663,0.0,-435.0,0.0,210.0
2016-04-22 19:39:02,2016-04-22,Seated Shoulder Press (Barbell),5,30,6190.0,210.0,206.0,266.0,8,220.0,9630.0,54.0,278.66666666666663,7.0,165.0,4950.0,220.0,220.0,10065.0,278.66666666666663,-10.0,-3440.0,-24.0,-12.666666666666629,45.0,1240.0,46.0,10.089236111111111,16,201.66666666666666,8215.0,259.1111111111111,47.0,220.0,278.66666666666663,0.0,-435.0,0.0,210.0
2016-04-23 19:51:23,2016-04-23,Good Morning (Barbell),3,30,3450.0,115.0,115.0,153.33333333333331,10,110.0,3410.0,32.0,147.0,3.0,85.0,1955.0,119.0,95.0,2850.0,126.66666666666666,5.0,40.0,-2.0,6.333333333333314,30.0,1495.0,34.333333333333314,18.05096064814815,4,96.66666666666667,2738.3333333333335,130.88888888888889,28.333333333333332,110.0,147.0,15.0,560.0,20.333333333333343,115.0
2016-04-23 19:51:23,2016-04-23,Squat (Barbell),7,52,10760.0,245.0,203.57142857142858,310.3333333333333,8,335.0,13680.0,48.0,402.0,8.0,315.0,17945.0,378.0,305.0,14980.0,386.3333333333333,-90.0,-2920.0,4.0,-91.66666666666669,-70.0,-7185.0,-67.66666666666669,13.236041666666667,26,318.3333333333333,15535.0,388.77777777777777,61.0,335.0,402.0,30.0,-1300.0,15.666666666666686,245.0
2016-04-26 22:29:37,2016-04-26,Bicep Curl (Barbell),4,46,3910.0,85.0,85.0,119.0,12,100.0,3825.0,45.0,133.33333333333331,4.0,100.0,2440.0,126.66666666666666,95.0,2755.0,126.66666666666666,-15.0,85.0,1.0,-14.333333333333314,-15.0,1470.0,-7.666666666666657,12.196087962962963,18,98.33333333333333,3006.6666666666665,128.88888888888889,34.0,100.0,133.33333333333331,5.0,1070.0,6.666666666666657,85.0
2016-04-26 22:29:37,2016-04-26,Hammer seated row,4,46,7360.0,160.0,160.0,224.0,12,150.0,7200.0,48.0,210.0,4.0,140.0,5660.0,186.66666666666663,0.0,0.0,0.0,10.0,160.0,-2.0,14.0,20.0,1700.0,37.33333333333337,5.153680555555556,2,145.0,6430.0,198.33333333333331,45.0,150.0,210.0,0.0,0.0,0.0,160.0
2016-04-26 22:29:37,2016-04-26,Hammer seated row (CLOSE GRIP),4,46,7360.0,160.0,160.0,224.0,12,150.0,7200.0,48.0,210.0,4.0,140.0,5660.0,186.66666666666663,0.0,0.0,0.0,10.0,160.0,-2.0,14.0,20.0,1700.0,37.33333333333337,5.153680555555556,2,145.0,6430.0,198.33333333333331,45.0,150.0,210.0,0.0,0.0,0.0,160.0
2016-04-26 22:29:37,2016-04-26,Rear delt fly,3,38,4940.0,130.0,130.0,190.66666666666669,14,125.0,5625.0,45.0,187.5,3.0,125.0,4875.0,187.5,120.0,5040.0,180.0,5.0,-685.0,-7.0,3.1666666666666856,5.0,65.0,3.1666666666666856,12.196087962962963,25,123.33333333333333,5180.0,185.0,42.0,125.0,187.5,5.0,585.0,7.5,130.0
2016-04-27 18:13:30,2016-04-27,Incline Bench Press (Barbell),5,38,7830.0,235.0,205.0,297.66666666666663,8,245.0,9595.0,49.0,304.0,7.0,245.0,7500.0,304.0,240.0,8720.0,304.0,-10.0,-1765.0,-11.0,-6.333333333333371,-10.0,330.0,-6.333333333333371,19.964328703703703,25,243.33333333333334,8605.0,304.0,41.666666666666664,245.0,304.0,5.0,875.0,0.0,235.0
2016-04-27 18:13:30,2016-04-27,Seated Military Press,4,36,5730.0,175.0,157.5,233.3333333333333,10,210.0,6190.0,30.0,266.0,5.0,220.0,9630.0,278.66666666666663,165.0,4950.0,220.0,-35.0,-460.0,6.0,-32.666666666666714,-45.0,-3900.0,-45.33333333333334,4.940601851851852,17,198.33333333333334,6923.333333333333,254.88888888888889,38.0,220.0,278.66666666666663,45.0,1240.0,46.0,175.0
2016-04-27 18:13:30,2016-04-27,Seated Shoulder Press (Barbell),4,36,5730.0,175.0,157.5,233.3333333333333,10,210.0,6190.0,30.0,266.0,5.0,220.0,9630.0,278.66666666666663,165.0,4950.0,220.0,-35.0,-460.0,6.0,-32.666666666666714,-45.0,-3900.0,-45.33333333333334,4.940601851851852,17,198.33333333333334,6923.333333333333,254.88888888888889,38.0,220.0,278.66666666666663,45.0,1240.0,46.0,175.0
2016-04-27 18:13:30,2016-04-27,Tricep pushdown,3,38,4940.0,130.0,130.0,195.0,15,80.0,3390.0,48.0,106.66666666666666,6.0,70.0,2100.0,105.0,0.0,0.0,0.0,50.0,1550.0,-10.0,88.33333333333334,60.0,2840.0,90.0,129.18519675925927,2,75.0,2745.0,105.83333333333333,39.0,80.0,106.66666666666666,0.0,0.0,0.0,130.0
2016-04-29 19:33:54,2016-04-29,Good Morning (Barbell),2,20,2400.0,120.0,120.0,160.0,10,115.0,3450.0,30.0,153.33333333333331,3.0,110.0,3410.0,147.0,85.0,1955.0,119.0,5.0,-1050.0,-10.0,6.666666666666686,10.0,-1010.0,13.0,5.987858796296297,5,103.33333333333333,2938.3333333333335,139.7777777777778,28.333333333333332,115.0,153.33333333333331,30.0,1495.0,34.333333333333314,120.0
2016-04-29 19:33:54,2016-04-29,Leg press (hinge ),2,20,8200.0,410.0,410.0,546.6666666666666,10,360.0,12960.0,36.0,504.0,3.0,360.0,12960.0,504.0,458.0,16296.0,641.1999999999999,50.0,-4760.0,-16.0,42.66666666666663,50.0,-4760.0,42.66666666666663,39.33383101851852,7,392.6666666666667,14072.0,549.7333333333332,36.0,458.0,641.1999999999999,-98.0,-3336.0,-137.19999999999993,410.0
2016-04-29 19:33:54,2016-04-29,Squat (Barbell),9,74,16020.0,250.0,215.55555555555554,333.3333333333333,10,245.0,10760.0,52.0,310.3333333333333,7.0,335.0,13680.0,402.0,315.0,17945.0,378.0,5.0,5260.0,22.0,23.0,-85.0,2340.0,-68.66666666666669,5.987858796296297,27,298.3333333333333,14128.333333333334,363.4444444444445,57.666666666666664,335.0,402.0,-70.0,-7185.0,-67.66666666666669,250.0
2016-04-30 18:42:16,2016-04-30,Bicep Curl (Barbell),3,30,2850.0,95.0,95.0,126.66666666666666,10,85.0,3910.0,46.0,119.0,4.0,100.0,3825.0,133.33333333333331,100.0,2440.0,126.66666666666666,10.0,-1060.0,-16.0,7.666666666666657,-5.0,-975.0,-6.666666666666657,3.8421180555555554,19,95.0,3391.6666666666665,126.33333333333333,39.666666666666664,100.0,133.33333333333331,-15.0,1470.0,-7.666666666666657,95.0
2016-04-30 18:42:16,2016-04-30,Hammer seated row,6,72,9000.0,165.0,128.33333333333334,220.0,16,160.0,7360.0,46.0,224.0,4.0,150.0,7200.0,210.0,140.0,5660.0,186.66666666666663,5.0,1640.0,26.0,-4.0,15.0,1800.0,10.0,3.8421180555555554,3,150.0,6740.0,206.88888888888889,45.333333333333336,160.0,224.0,20.0,1700.0,37.33333333333337,165.0
2016-04-30 18:42:16,2016-04-30,Hammer seated row (CLOSE GRIP),6,72,9000.0,165.0,128.33333333333334,220.0,16,160.0,7360.0,46.0,224.0,4.0,150.0,7200.0,210.0,140.0,5660.0,186.66666666666663,5.0,1640.0,26.0,-4.0,15.0,1800.0,10.0,3.8421180555555554,3,150.0,6740.0,206.88888888888889,45.333333333333336,160.0,224.0,20.0,1700.0,37.33333333333337,165.0
2016-04-30 18:42:16,2016-04-30,Rear delt fly,2,24,3120.0,130.0,130.0,182.0,12,130.0,4940.0,38.0,190.66666666666669,3.0,125.0,5625.0,187.5,125.0,4875.0,187.5,0.0,-1820.0,-14.0,-8.666666666666686,5.0,-2505.0,-5.5,3.8421180555555554,26,126.66666666666667,5146.666666666667,188.55555555555557,40.666666666666664,130.0,190.66666666666669,5.0,65.0,3.1666666666666856,130.0
2016-05-01 15:43:54,2016-05-01,Incline Bench Press (Barbell),5,38,7690.0,225.0,199.0,285.0,8,235.0,7830.0,38.0,297.66666666666663,5.0,245.0,9595.0,304.0,245.0,7500.0,304.0,-10.0,-140.0,0.0,-12.666666666666629,-20.0,-1905.0,-19.0,3.8961111111111113,26,241.66666666666666,8308.333333333334,301.88888888888886,39.666666666666664,245.0,304.0,-10.0,330.0,-6.333333333333371,225.0
2016-05-01 15:43:54,2016-05-01,Seated Military Press,3,24,4040.0,185.0,168.33333333333334,234.3333333333333,8,175.0,5730.0,36.0,233.3333333333333,4.0,210.0,6190.0,266.0,220.0,9630.0,278.66666666666663,10.0,-1690.0,-12.0,1.0,-25.0,-2150.0,-31.666666666666714,3.8961111111111113,18,201.66666666666666,7183.333333333333,259.3333333333333,40.0,220.0,278.66666666666663,-45.0,-3900.0,-45.33333333333334,185.0
2016-05-01 15:43:54,2016-05-01,Seated Shoulder Press (Barbell),3,24,4040.0,185.0,168.33333333333334,234.3333333333333,8,175.0,5730.0,36.0,233.3333333333333,4.0,210.0,6190.0,266.0,220.0,9630.0,278.66666666666663,10.0,-1690.0,-12.0,1.0,-25.0,-2150.0,-31.666666666666714,3.8961111111111113,18,201.66666666666666,7183.333333333333,259.3333333333333,40.0,220.0,278.66666666666663,-45.0,-3900.0,-45.33333333333334,185.0
2016-05-05 18:43:48,2016-05-05,Hammer Curl (Dumbbell ),2,29,2030.0,70.0,70.0,105.0,15,60.0,1200.0,20.0,80.0,2.0,65.0,1560.0,91.0,60.0,1200.0,80.0,10.0,830.0,9.0,25.0,5.0,470.0,14.0,47.11466435185185,6,61.666666666666664,1320.0,83.66666666666667,21.333333333333332,65.0,91.0,0.0,0.0,0.0,70.0
2016-05-05 18:43:48,2016-05-05,Rear delt fly,2,30,3900.0,130.0,130.0,195.0,15,130.0,3120.0,24.0,182.0,2.0,130.0,4940.0,190.66666666666669,125.0,5625.0,187.5,0.0,780.0,6.0,13.0,0.0,-1040.0,4.333333333333314,5.001064814814815,27,128.33333333333334,4561.666666666667,186.72222222222226,35.666666666666664,130.0,190.66666666666669,5.0,-2505.0,-5.5,130.0
2016-05-05 18:43:48,2016-05-05,Seated Cable Row (close Grip),5,72,10260.0,160.0,142.0,240.0,15,145.0,6960.0,48.0,203.0,4.0,145.0,3300.0,203.0,130.0,3120.0,182.0,15.0,3300.0,24.0,37.0,15.0,6960.0,37.0,26.939166666666665,21,140.0,4460.0,196.0,32.0,145.0,203.0,15.0,3840.0,21.0,160.0
2016-05-06 18:56:50,2016-05-06,Good Morning (Barbell),2,16,1920.0,120.0,120.0,152.0,8,120.0,2400.0,20.0,160.0,2.0,115.0,3450.0,153.33333333333331,110.0,3410.0,147.0,0.0,-480.0,-4.0,-8.0,5.0,-1530.0,-1.3333333333333144,6.974259259259259,6,115.0,3086.6666666666665,153.44444444444446,27.333333333333332,120.0,160.0,10.0,-1010.0,13.0,120.0
2016-05-06 18:56:50,2016-05-06,Squat (Barbell),6,48,11600.0,255.0,241.66666666666666,323.0,8,250.0,16020.0,74.0,333.3333333333333,9.0,245.0,10760.0,310.3333333333333,335.0,13680.0,402.0,5.0,-4420.0,-26.0,-10.333333333333314,10.0,840.0,12.666666666666686,6.974259259259259,28,276.6666666666667,13486.666666666666,348.5555555555556,58.0,335.0,402.0,-85.0,2340.0,-68.66666666666669,255.0
2016-05-10 20:54:16,2016-05-10,Incline Bench Press (Barbell),7,58,11460.0,240.0,195.71428571428572,304.0,10,225.0,7690.0,38.0,285.0,5.0,235.0,7830.0,297.66666666666663,245.0,9595.0,304.0,15.0,3770.0,20.0,19.0,5.0,3630.0,6.333333333333371,9.215532407407407,27,235.0,8371.666666666666,295.55555555555554,41.666666666666664,245.0,304.0,-20.0,-1905.0,-19.0,240.0
2016-05-10 20:54:16,2016-05-10,Seated Military Press,2,20,3100.0,155.0,155.0,206.66666666666663,10,185.0,4040.0,24.0,234.3333333333333,3.0,175.0,5730.0,233.3333333333333,210.0,6190.0,266.0,-30.0,-940.0,-4.0,-27.666666666666657,-20.0,-2630.0,-26.666666666666657,9.215532407407407,19,190.0,5320.0,244.55555555555551,30.0,210.0,266.0,-25.0,-2150.0,-31.666666666666714,155.0
2016-05-10 20:54:16,2016-05-10,Seated Shoulder Press (Barbell),2,20,3100.0,155.0,155.0,206.66666666666663,10,185.0,4040.0,24.0,234.3333333333333,3.0,175.0,5730.0,233.3333333333333,210.0,6190.0,266.0,-30.0,-940.0,-4.0,-27.666666666666657,-20.0,-2630.0,-26.666666666666657,9.215532407407407,19,190.0,5320.0,244.55555555555551,30.0,210.0,266.0,-25.0,-2150.0,-31.666666666666714,155.0
2016-05-11 17:15:39,2016-05-11,Hammer seated row,4,48,6960.0,145.0,145.0,203.0,12,165.0,9000.0,72.0,220.0,6.0,160.0,7360.0,224.0,150.0,7200.0,210.0,-20.0,-2040.0,-24.0,-17.0,-15.0,-400.0,-21.0,10.939849537037038,4,158.33333333333334,7853.333333333333,218.0,55.333333333333336,165.0,224.0,15.0,1800.0,10.0,145.0
2016-05-11 17:15:39,2016-05-11,Hammer seated row (CLOSE GRIP),4,48,6960.0,145.0,145.0,203.0,12,165.0,9000.0,72.0,220.0,6.0,160.0,7360.0,224.0,150.0,7200.0,210.0,-20.0,-2040.0,-24.0,-17.0,-15.0,-400.0,-21.0,10.939849537037038,4,158.33333333333334,7853.333333333333,218.0,55.333333333333336,165.0,224.0,15.0,1800.0,10.0,145.0
2016-05-15 16:48:18,2016-05-15,Seated Military Press,7,52,9380.0,220.0,177.14285714285714,278.66666666666663,8,155.0,3100.0,20.0,206.66666666666663,2.0,185.0,4040.0,234.3333333333333,175.0,5730.0,233.3333333333333,65.0,6280.0,32.0,72.0,35.0,5340.0,44.33333333333334,4.829189814814815,20,171.66666666666666,4290.0,224.77777777777774,26.666666666666668,185.0,234.3333333333333,-20.0,-2630.0,-26.666666666666657,220.0
2016-05-15 16:48:18,2016-05-15,Seated Shoulder Press (Barbell),7,52,9380.0,220.0,177.14285714285714,278.66666666666663,8,155.0,3100.0,20.0,206.66666666666663,2.0,185.0,4040.0,234.3333333333333,175.0,5730.0,233.3333333333333,65.0,6280.0,32.0,72.0,35.0,5340.0,44.33333333333334,4.829189814814815,20,171.66666666666666,4290.0,224.77777777777774,26.666666666666668,185.0,234.3333333333333,-20.0,-2630.0,-26.666666666666657,220.0
2016-05-18 18:06:17,2016-05-18,Glute extension.,1,12,1560.0,130.0,130.0,182.0,12,130.0,2600.0,20.0,173.33333333333331,2.0,175.0,3500.0,233.3333333333333,0.0,0.0,0.0,0.0,-1040.0,-8.0,8.666666666666686,-45.0,-1940.0,-51.333333333333286,192.01447916666666,2,152.5,3050.0,203.33333333333331,20.0,175.0,233.3333333333333,0.0,0.0,0.0,130.0
2016-05-18 18:06:17,2016-05-18,Leg outward fly,2,22,2740.0,130.0,125.0,173.33333333333331,12,115.0,5110.0,46.0,154.0,4.0,110.0,3960.0,154.0,100.0,4500.0,150.0,15.0,-2370.0,-24.0,19.333333333333314,20.0,-1220.0,19.333333333333314,42.977974537037035,3,108.33333333333333,4523.333333333333,152.66666666666666,42.333333333333336,115.0,154.0,15.0,610.0,4.0,130.0
2016-05-18 18:06:17,2016-05-18,Squat (Barbell),8,62,15070.0,265.0,241.25,335.66666666666663,8,255.0,11600.0,48.0,323.0,6.0,250.0,16020.0,333.3333333333333,245.0,10760.0,310.3333333333333,10.0,3470.0,14.0,12.666666666666629,15.0,-950.0,2.3333333333333144,11.964895833333333,29,250.0,12793.333333333334,322.22222222222223,58.0,255.0,333.3333333333333,10.0,840.0,12.666666666666686,265.0
2016-05-20 18:42:16,2016-05-20,Incline Bench Press (Barbell),6,38,7530.0,245.0,206.66666666666666,285.83333333333337,8,240.0,11460.0,58.0,304.0,7.0,225.0,7690.0,285.0,235.0,7830.0,297.66666666666663,5.0,-3930.0,-20.0,-18.16666666666663,20.0,-160.0,0.8333333333333712,9.908333333333333,28,233.33333333333334,8993.333333333334,295.55555555555554,44.666666666666664,240.0,304.0,5.0,3630.0,6.333333333333371,245.0
2016-05-20 18:42:16,2016-05-20,Seated Military Press,5,41,6330.0,170.0,154.0,221.0,9,220.0,9380.0,52.0,278.66666666666663,7.0,155.0,3100.0,206.66666666666663,185.0,4040.0,234.3333333333333,-50.0,-3050.0,-11.0,-57.66666666666663,15.0,3230.0,14.333333333333371,5.079143518518518,21,186.66666666666666,5506.666666666667,239.88888888888883,32.0,220.0,278.66666666666663,35.0,5340.0,44.33333333333334,170.0
2016-05-20 18:42:16,2016-05-20,Seated Shoulder Press (Barbell),5,41,6330.0,170.0,154.0,221.0,9,220.0,9380.0,52.0,278.66666666666663,7.0,155.0,3100.0,206.66666666666663,185.0,4040.0,234.3333333333333,-50.0,-3050.0,-11.0,-57.66666666666663,15.0,3230.0,14.333333333333371,5.079143518518518,21,186.66666666666666,5506.666666666667,239.88888888888883,32.0,220.0,278.66666666666663,35.0,5340.0,44.33333333333334,170.0
2016-05-21 14:44:18,2016-05-21,Bicep Curl (Barbell),3,34,3230.0,95.0,95.0,133.0,12,95.0,2850.0,30.0,126.66666666666666,3.0,85.0,3910.0,119.0,100.0,3825.0,133.33333333333331,0.0,380.0,4.0,6.333333333333343,10.0,-680.0,14.0,20.83474537037037,20,93.33333333333333,3528.3333333333335,126.33333333333333,40.333333333333336,100.0,133.33333333333331,-5.0,-975.0,-6.666666666666657,95.0
2016-05-21 14:44:18,2016-05-21,Hammer seated row,3,36,4320.0,130.0,120.0,182.0,12,145.0,6960.0,48.0,203.0,4.0,165.0,9000.0,220.0,160.0,7360.0,224.0,-15.0,-2640.0,-12.0,-21.0,-35.0,-4680.0,-38.0,9.894895833333333,5,156.66666666666666,7773.333333333333,215.66666666666666,55.333333333333336,165.0,224.0,-15.0,-400.0,-21.0,130.0
2016-05-21 14:44:18,2016-05-21,Hammer seated row (CLOSE GRIP),3,36,4320.0,130.0,120.0,182.0,12,145.0,6960.0,48.0,203.0,4.0,165.0,9000.0,220.0,160.0,7360.0,224.0,-15.0,-2640.0,-12.0,-21.0,-35.0,-4680.0,-38.0,9.894895833333333,5,156.66666666666666,7773.333333333333,215.66666666666666,55.333333333333336,165.0,224.0,-15.0,-400.0,-21.0,130.0
2016-05-21 14:44:18,2016-05-21,Lat Pulldown,4,48,6960.0,150.0,145.0,210.0,12,145.0,4350.0,30.0,193.3333333333333,3.0,145.0,4160.0,183.66666666666663,150.0,5400.0,210.0,5.0,2610.0,18.0,16.666666666666714,5.0,2800.0,26.33333333333337,100.04947916666667,9,146.66666666666666,4636.666666666667,195.66666666666666,32.666666666666664,150.0,210.0,-5.0,-1050.0,-16.666666666666714,150.0
2016-06-02 19:23:06,2016-06-02,Seated Military Press,6,48,7920.0,185.0,165.0,234.3333333333333,8,170.0,6330.0,41.0,221.0,5.0,220.0,9380.0,278.66666666666663,155.0,3100.0,206.66666666666663,15.0,1590.0,7.0,13.333333333333286,-35.0,-1460.0,-44.33333333333334,13.028356481481481,22,181.66666666666666,6270.0,235.44444444444443,37.666666666666664,220.0,278.66666666666663,15.0,3230.0,14.333333333333371,185.0
2016-06-02 19:23:06,2016-06-02,Seated Shoulder Press (Barbell),6,48,7920.0,185.0,165.0,234.3333333333333,8,170.0,6330.0,41.0,221.0,5.0,220.0,9380.0,278.66666666666663,155.0,3100.0,206.66666666666663,15.0,1590.0,7.0,13.333333333333286,-35.0,-1460.0,-44.33333333333334,13.028356481481481,22,181.66666666666666,6270.0,235.44444444444443,37.666666666666664,220.0,278.66666666666663,15.0,3230.0,14.333333333333371,185.0
2016-06-06 20:41:36,2016-06-06,Incline Bench Press (Barbell),6,46,8670.0,225.0,188.33333333333334,285.0,8,245.0,7530.0,38.0,285.83333333333337,6.0,240.0,11460.0,304.0,225.0,7690.0,285.0,-20.0,1140.0,8.0,-0.8333333333333712,-15.0,-2790.0,-19.0,17.08287037037037,29,236.66666666666666,8893.333333333334,291.61111111111114,44.666666666666664,245.0,304.0,20.0,-160.0,0.8333333333333712,225.0
2016-06-06 20:41:36,2016-06-06,Seated Military Press,4,32,4640.0,155.0,145.0,196.3333333333333,8,185.0,7920.0,48.0,234.3333333333333,6.0,170.0,6330.0,221.0,220.0,9380.0,278.66666666666663,-30.0,-3280.0,-16.0,-38.0,-15.0,-1690.0,-24.666666666666714,4.054513888888889,23,191.66666666666666,7876.666666666667,244.66666666666663,47.0,220.0,278.66666666666663,-35.0,-1460.0,-44.33333333333334,155.0
2016-06-06 20:41:36,2016-06-06,Seated Shoulder Press (Barbell),4,32,4640.0,155.0,145.0,196.3333333333333,8,185.0,7920.0,48.0,234.3333333333333,6.0,170.0,6330.0,221.0,220.0,9380.0,278.66666666666663,-30.0,-3280.0,-16.0,-38.0,-15.0,-1690.0,-24.666666666666714,4.054513888888889,23,191.66666666666666,7876.666666666667,244.66666666666663,47.0,220.0,278.66666666666663,-35.0,-1460.0,-44.33333333333334,155.0
2016-06-07 14:02:59,2016-06-07,Bicep Curl (Barbell),4,40,3400.0,95.0,85.0,126.66666666666666,10,95.0,3230.0,34.0,133.0,3.0,95.0,2850.0,126.66666666666666,85.0,3910.0,119.0,0.0,170.0,6.0,-6.333333333333343,0.0,550.0,0.0,16.97130787037037,21,91.66666666666667,3330.0,126.22222222222221,36.666666666666664,95.0,133.0,10.0,-680.0,14.0,95.0
2016-06-07 14:02:59,2016-06-07,Hammer seated row,5,54,6750.0,145.0,127.0,193.3333333333333,12,130.0,4320.0,36.0,182.0,3.0,145.0,6960.0,203.0,165.0,9000.0,220.0,15.0,2430.0,18.0,11.333333333333286,0.0,-210.0,-9.666666666666714,16.97130787037037,6,146.66666666666666,6760.0,201.66666666666666,52.0,165.0,220.0,-35.0,-4680.0,-38.0,145.0
2016-06-07 14:02:59,2016-06-07,Hammer seated row (CLOSE GRIP),5,54,6750.0,145.0,127.0,193.3333333333333,12,130.0,4320.0,36.0,182.0,3.0,145.0,6960.0,203.0,165.0,9000.0,220.0,15.0,2430.0,18.0,11.333333333333286,0.0,-210.0,-9.666666666666714,16.97130787037037,6,146.66666666666666,6760.0,201.66666666666666,52.0,165.0,220.0,-35.0,-4680.0,-38.0,145.0
2016-06-07 14:02:59,2016-06-07,Rear delt fly,3,34,4420.0,130.0,130.0,182.0,12,130.0,3900.0,30.0,195.0,2.0,130.0,3120.0,182.0,130.0,4940.0,190.66666666666669,0.0,520.0,4.0,-13.0,0.0,1300.0,0.0,32.80498842592593,28,130.0,3986.6666666666665,189.22222222222226,30.666666666666668,130.0,195.0,0.0,-1040.0,4.333333333333314,130.0
2016-06-11 18:49:41,2016-06-11,Seated Cable Row (close Grip),4,36,6300.0,175.0,175.0,233.3333333333333,10,160.0,10260.0,72.0,240.0,5.0,145.0,6960.0,203.0,145.0,3300.0,203.0,15.0,-3960.0,-36.0,-6.666666666666714,30.0,-660.0,30.333333333333286,37.00408564814815,22,150.0,6840.0,215.33333333333334,48.0,160.0,240.0,15.0,6960.0,37.0,175.0
2016-06-12 13:30:36,2016-06-12,Leg press (hinge ),4,49,17640.0,360.0,360.0,540.0,15,410.0,8200.0,20.0,546.6666666666666,2.0,360.0,12960.0,504.0,360.0,12960.0,504.0,-50.0,9440.0,29.0,-6.666666666666629,0.0,4680.0,36.0,43.747708333333335,8,376.6666666666667,11373.333333333334,518.2222222222222,30.666666666666668,410.0,546.6666666666666,50.0,-4760.0,42.66666666666663,360.0
2016-06-12 13:30:36,2016-06-12,Squat (Barbell),8,64,12800.0,235.0,200.0,297.66666666666663,8,265.0,15070.0,62.0,335.66666666666663,8.0,255.0,11600.0,323.0,250.0,16020.0,333.3333333333333,-30.0,-2270.0,2.0,-38.0,-20.0,1200.0,-25.33333333333337,24.80855324074074,30,256.6666666666667,14230.0,330.6666666666667,61.333333333333336,265.0,335.66666666666663,15.0,-950.0,2.3333333333333144,235.0
2016-06-15 06:04:11,2016-06-15,Seated Military Press,8,64,10680.0,195.0,166.875,247.0,8,155.0,4640.0,32.0,196.3333333333333,4.0,185.0,7920.0,234.3333333333333,170.0,6330.0,221.0,40.0,6040.0,32.0,50.666666666666714,10.0,2760.0,12.666666666666714,8.39068287037037,24,170.0,6296.666666666667,217.22222222222217,40.333333333333336,185.0,234.3333333333333,-15.0,-1690.0,-24.666666666666714,195.0
2016-06-15 06:04:11,2016-06-15,Seated Shoulder Press (Barbell),8,64,10680.0,195.0,166.875,247.0,8,155.0,4640.0,32.0,196.3333333333333,4.0,185.0,7920.0,234.3333333333333,170.0,6330.0,221.0,40.0,6040.0,32.0,50.666666666666714,10.0,2760.0,12.666666666666714,8.39068287037037,24,170.0,6296.666666666667,217.22222222222217,40.333333333333336,185.0,234.3333333333333,-15.0,-1690.0,-24.666666666666714,195.0
2016-06-18 12:39:27,2016-06-18,Rear delt fly,4,63,8505.0,135.0,135.0,216.0,18,130.0,4420.0,34.0,182.0,3.0,130.0,3900.0,195.0,130.0,3120.0,182.0,5.0,4085.0,29.0,34.0,5.0,4605.0,21.0,10.94199074074074,29,130.0,3813.3333333333335,186.33333333333334,29.333333333333332,130.0,195.0,0.0,1300.0,0.0,135.0
2016-06-18 12:39:27,2016-06-18,Seated Cable Row (close Grip),4,40,6000.0,150.0,150.0,200.0,10,175.0,6300.0,36.0,233.3333333333333,4.0,160.0,10260.0,240.0,145.0,6960.0,203.0,-25.0,-300.0,4.0,-33.333333333333286,-10.0,-4260.0,-40.0,6.742893518518518,23,160.0,7840.0,225.44444444444443,52.0,175.0,240.0,30.0,-660.0,30.333333333333286,150.0
2016-06-19 12:39:27,2016-06-19,Squat (Barbell),8,64,12880.0,245.0,201.25,310.3333333333333,8,235.0,12800.0,64.0,297.66666666666663,8.0,265.0,15070.0,335.66666666666663,255.0,11600.0,323.0,10.0,80.0,0.0,12.666666666666686,-20.0,-2190.0,-25.333333333333314,6.964479166666667,31,251.66666666666666,13156.666666666666,318.77777777777777,58.0,265.0,335.66666666666663,-20.0,1200.0,-25.33333333333337,245.0
2016-06-20 17:06:00,2016-06-20,Seated Military Press,6,48,8360.0,200.0,174.16666666666666,253.3333333333333,8,195.0,10680.0,64.0,247.0,8.0,155.0,4640.0,196.3333333333333,185.0,7920.0,234.3333333333333,5.0,-2320.0,-16.0,6.333333333333286,45.0,3720.0,57.0,5.459594907407407,25,178.33333333333334,7746.666666666667,225.88888888888883,48.0,195.0,247.0,10.0,2760.0,12.666666666666714,200.0
2016-06-20 17:06:00,2016-06-20,Seated Shoulder Press (Barbell),6,48,8360.0,200.0,174.16666666666666,253.3333333333333,8,195.0,10680.0,64.0,247.0,8.0,155.0,4640.0,196.3333333333333,185.0,7920.0,234.3333333333333,5.0,-2320.0,-16.0,6.333333333333286,45.0,3720.0,57.0,5.459594907407407,25,178.33333333333334,7746.666666666667,225.88888888888883,48.0,195.0,247.0,10.0,2760.0,12.666666666666714,200.0
2016-06-24 18:24:09,2016-06-24,Hammer Curl (Dumbbell ),3,45,3150.0,70.0,70.0,105.0,15,70.0,2030.0,29.0,105.0,2.0,60.0,1200.0,80.0,65.0,1560.0,91.0,0.0,1120.0,16.0,0.0,10.0,1950.0,25.0,49.986354166666665,7,65.0,1596.6666666666667,92.0,24.333333333333332,70.0,105.0,5.0,470.0,14.0,70.0
2016-06-24 18:24:09,2016-06-24,Rear delt fly,3,24,3240.0,135.0,135.0,171.0,8,135.0,8505.0,63.0,216.0,4.0,130.0,4420.0,182.0,130.0,3900.0,195.0,0.0,-5265.0,-39.0,-45.0,5.0,-1180.0,-11.0,6.239375,30,131.66666666666666,5608.333333333333,197.66666666666666,42.333333333333336,135.0,216.0,5.0,4605.0,21.0,135.0
2016-06-24 18:24:09,2016-06-24,Seated Cable Row (close Grip),4,48,7140.0,160.0,148.75,224.0,12,150.0,6000.0,40.0,200.0,4.0,175.0,6300.0,233.3333333333333,160.0,10260.0,240.0,10.0,1140.0,8.0,24.0,-15.0,840.0,-9.333333333333286,6.239375,24,161.66666666666666,7520.0,224.44444444444443,49.333333333333336,175.0,240.0,-10.0,-4260.0,-40.0,160.0
2016-06-25 16:55:10,2016-06-25,Incline Bench Press (Barbell),7,70,12610.0,225.0,186.42857142857142,285.0,15,225.0,8670.0,46.0,285.0,6.0,245.0,7530.0,285.83333333333337,240.0,11460.0,304.0,0.0,3940.0,24.0,0.0,-20.0,5080.0,-0.8333333333333712,18.84275462962963,30,236.66666666666666,9220.0,291.61111111111114,47.333333333333336,245.0,304.0,-15.0,-2790.0,-19.0,225.0
2016-06-25 16:55:10,2016-06-25,Tricep pushdown,3,42,4800.0,120.0,113.33333333333333,180.0,15,130.0,4940.0,38.0,195.0,3.0,80.0,3390.0,106.66666666666666,70.0,2100.0,105.0,-10.0,-140.0,4.0,-15.0,40.0,1410.0,73.33333333333334,58.945601851851855,3,93.33333333333333,3476.6666666666665,135.55555555555554,38.666666666666664,130.0,195.0,60.0,2840.0,90.0,120.0
2016-06-26 14:01:34,2016-06-26,Squat (Barbell),8,62,14630.0,265.0,234.375,335.66666666666663,8,245.0,12880.0,64.0,310.3333333333333,8.0,235.0,12800.0,297.66666666666663,265.0,15070.0,335.66666666666663,20.0,1750.0,-2.0,25.333333333333314,30.0,1830.0,38.0,7.057025462962963,32,248.33333333333334,13583.333333333334,314.55555555555554,63.333333333333336,265.0,335.66666666666663,-20.0,-2190.0,-25.333333333333314,265.0
2016-06-30 22:07:32,2016-06-30,Hammer shoulder press,3,0,0.0,0.0,0.0,0.0,0,140.0,4200.0,30.0,186.66666666666663,3.0,0.0,0.0,0.0,0.0,0.0,0.0,-140.0,-4200.0,-30.0,-186.66666666666663,0.0,0.0,0.0,5.216921296296296,1,140.0,4200.0,186.66666666666663,30.0,140.0,186.66666666666663,0.0,0.0,0.0,0.0
2016-06-30 22:07:32,2016-06-30,Incline Bench Press (Barbell),6,65,12095.0,225.0,190.0,320.83333333333337,25,225.0,12610.0,70.0,285.0,7.0,225.0,8670.0,285.0,245.0,7530.0,285.83333333333337,0.0,-515.0,-5.0,35.83333333333337,0.0,3425.0,35.83333333333337,5.216921296296296,31,231.66666666666666,9603.333333333334,285.27777777777777,51.333333333333336,245.0,285.83333333333337,-20.0,5080.0,-0.8333333333333712,225.0
2016-06-30 22:07:32,2016-06-30,Seated Military Press,4,32,4800.0,165.0,150.0,209.0,8,200.0,8360.0,48.0,253.3333333333333,6.0,195.0,10680.0,247.0,155.0,4640.0,196.3333333333333,-35.0,-3560.0,-16.0,-44.333333333333286,-30.0,-5880.0,-38.0,10.209398148148148,26,183.33333333333334,7893.333333333333,232.2222222222222,48.0,200.0,253.3333333333333,45.0,3720.0,57.0,165.0
2016-06-30 22:07:32,2016-06-30,Seated Shoulder Press (Barbell),4,32,4800.0,165.0,150.0,209.0,8,200.0,8360.0,48.0,253.3333333333333,6.0,195.0,10680.0,247.0,155.0,4640.0,196.3333333333333,-35.0,-3560.0,-16.0,-44.333333333333286,-30.0,-5880.0,-38.0,10.209398148148148,26,183.33333333333334,7893.333333333333,232.2222222222222,48.0,200.0,253.3333333333333,45.0,3720.0,57.0,165.0
2016-07-17 17:21:08,2016-07-17,Bicep Curl (Barbell),2,20,1900.0,95.0,95.0,126.66666666666666,10,95.0,3400.0,40.0,126.66666666666666,4.0,95.0,3230.0,133.0,95.0,2850.0,126.66666666666666,0.0,-1500.0,-20.0,0.0,0.0,-1330.0,-6.333333333333343,40.13760416666667,22,95.0,3160.0,128.77777777777777,34.666666666666664,95.0,133.0,0.0,550.0,0.0,95.0
2016-07-17 17:21:08,2016-07-17,Hammer Curl (Dumbbell ),2,22,1640.0,80.0,75.0,106.66666666666666,12,70.0,3150.0,45.0,105.0,3.0,70.0,2030.0,105.0,60.0,1200.0,80.0,10.0,-1510.0,-23.0,1.6666666666666572,10.0,-390.0,1.6666666666666572,22.956238425925925,8,66.66666666666667,2126.6666666666665,96.66666666666667,31.333333333333332,70.0,105.0,10.0,1950.0,25.0,80.0
2016-07-17 17:21:08,2016-07-17,Lat Pulldown,3,32,5160.0,165.0,161.66666666666666,220.0,12,150.0,6960.0,48.0,210.0,4.0,145.0,4350.0,193.3333333333333,145.0,4160.0,183.66666666666663,15.0,-1800.0,-16.0,10.0,20.0,810.0,26.666666666666714,57.10891203703704,10,146.66666666666666,5156.666666666667,195.66666666666666,36.666666666666664,150.0,210.0,5.0,2800.0,26.33333333333337,165.0
2016-07-17 17:21:08,2016-07-17,Rear delt fly,3,45,6075.0,135.0,135.0,202.5,15,135.0,3240.0,24.0,171.0,3.0,135.0,8505.0,216.0,130.0,4420.0,182.0,0.0,2835.0,21.0,31.5,0.0,-2430.0,-13.5,22.956238425925925,31,133.33333333333334,5388.333333333333,189.66666666666666,40.333333333333336,135.0,216.0,5.0,-1180.0,-11.0,135.0
2016-07-17 17:21:08,2016-07-17,T-bar Row,3,30,3550.0,120.0,118.33333333333333,160.0,10,125.0,3500.0,30.0,166.66666666666666,3.0,90.0,2160.0,114.0,117.5,3617.5,160.58333333333334,-5.0,50.0,0.0,-6.666666666666657,30.0,1390.0,46.0,105.01282407407408,6,110.83333333333333,3092.5,147.08333333333334,28.333333333333332,125.0,166.66666666666666,7.5,-117.5,6.083333333333314,120.0
2016-07-30 14:46:46,2016-07-30,Incline Bench Press (Barbell),6,48,9440.0,225.0,196.66666666666666,285.0,8,225.0,12095.0,65.0,320.83333333333337,6.0,225.0,12610.0,285.0,225.0,8670.0,285.0,0.0,-2655.0,-17.0,-35.83333333333337,0.0,-3170.0,0.0,29.693912037037038,32,225.0,11125.0,296.94444444444446,60.333333333333336,225.0,320.83333333333337,0.0,3425.0,35.83333333333337,225.0
2016-07-31 17:39:34,2016-07-31,Squat (Barbell),7,56,12800.0,250.0,228.57142857142858,316.66666666666663,8,265.0,14630.0,62.0,335.66666666666663,8.0,245.0,12880.0,310.3333333333333,235.0,12800.0,297.66666666666663,-15.0,-1830.0,-6.0,-19.0,5.0,-80.0,6.333333333333314,35.15138888888889,33,248.33333333333334,13436.666666666666,314.55555555555554,63.333333333333336,265.0,335.66666666666663,30.0,1830.0,38.0,250.0
2016-08-04 19:23:57,2016-08-04,Bicep Curl (Barbell),4,40,3500.0,95.0,87.5,126.66666666666666,10,95.0,1900.0,20.0,126.66666666666666,2.0,95.0,3400.0,126.66666666666666,95.0,3230.0,133.0,0.0,1600.0,20.0,0.0,0.0,100.0,0.0,18.085289351851852,23,95.0,2843.3333333333335,128.77777777777774,31.333333333333332,95.0,133.0,0.0,-1330.0,-6.333333333333343,95.0
2016-08-04 19:23:57,2016-08-04,Hammer Curl (Dumbbell ),2,24,1440.0,60.0,60.0,84.0,12,80.0,1640.0,22.0,106.66666666666666,2.0,70.0,3150.0,105.0,70.0,2030.0,105.0,-20.0,-200.0,2.0,-22.666666666666657,-10.0,-1710.0,-21.0,18.085289351851852,9,73.33333333333333,2273.3333333333335,105.55555555555554,32.0,80.0,106.66666666666666,10.0,-390.0,1.6666666666666572,60.0
2016-08-04 19:23:57,2016-08-04,Rear delt fly,3,36,5040.0,140.0,140.0,196.0,12,135.0,6075.0,45.0,202.5,3.0,135.0,3240.0,171.0,135.0,8505.0,216.0,5.0,-1035.0,-9.0,-6.5,5.0,1800.0,25.0,18.085289351851852,32,135.0,5940.0,196.5,44.0,135.0,216.0,0.0,-2430.0,-13.5,140.0
2016-08-04 19:23:57,2016-08-04,Seated Cable Row (close Grip),3,30,4800.0,160.0,160.0,213.3333333333333,10,160.0,7140.0,48.0,224.0,4.0,150.0,6000.0,200.0,175.0,6300.0,233.3333333333333,0.0,-2340.0,-18.0,-10.666666666666714,10.0,-1200.0,13.333333333333286,41.04152777777778,25,161.66666666666666,6480.0,219.1111111111111,41.333333333333336,175.0,233.3333333333333,-15.0,840.0,-9.333333333333286,160.0
2016-08-05 21:52:25,2016-08-05,Deadlift (Barbell),4,24,6150.0,275.0,256.25,330.0,6,345.0,7575.0,25.0,402.5,5.0,325.0,6625.0,379.1666666666667,0.0,0.0,0.0,-70.0,-1425.0,-1.0,-72.5,-50.0,-475.0,-49.166666666666686,187.27247685185185,2,335.0,7100.0,390.83333333333337,25.0,345.0,402.5,0.0,0.0,0.0,275.0
2016-08-05 21:52:25,2016-08-05,Squat (Barbell),7,56,13080.0,255.0,233.57142857142858,323.0,8,250.0,12800.0,56.0,316.66666666666663,7.0,265.0,14630.0,335.66666666666663,245.0,12880.0,310.3333333333333,5.0,280.0,0.0,6.333333333333371,-10.0,-1550.0,-12.666666666666629,5.175590277777777,34,253.33333333333334,13436.666666666666,320.88888888888886,60.666666666666664,265.0,335.66666666666663,5.0,-80.0,6.333333333333314,255.0
2016-08-07 14:21:23,2016-08-07,Incline Bench Press (Barbell),6,40,8060.0,225.0,195.0,285.0,8,225.0,9440.0,48.0,285.0,6.0,225.0,12095.0,320.83333333333337,225.0,12610.0,285.0,0.0,-1380.0,-8.0,0.0,0.0,-4035.0,-35.83333333333337,7.982372685185185,33,225.0,11381.666666666666,296.94444444444446,61.0,225.0,320.83333333333337,0.0,-3170.0,0.0,225.0
2016-08-07 14:21:23,2016-08-07,Shoulder Press (Standing),2,18,1610.0,95.0,90.0,120.33333333333331,10,85.0,1530.0,18.0,113.33333333333331,2.0,45.0,900.0,60.0,100.0,2900.0,133.33333333333331,10.0,80.0,0.0,7.0,50.0,710.0,60.333333333333314,126.05090277777778,4,76.66666666666667,1776.6666666666667,102.22222222222221,22.333333333333332,100.0,133.33333333333331,-15.0,-1370.0,-20.0,95.0
2016-08-09 18:10:05,2016-08-09,Seated Cable Row (close Grip),3,28,4480.0,160.0,160.0,213.3333333333333,10,160.0,4800.0,30.0,213.3333333333333,3.0,160.0,7140.0,224.0,150.0,6000.0,200.0,0.0,-320.0,-2.0,0.0,0.0,-2660.0,-10.666666666666714,4.948703703703703,26,156.66666666666666,5980.0,212.44444444444443,39.333333333333336,160.0,224.0,10.0,-1200.0,13.333333333333286,160.0
2016-08-13 16:01:20,2016-08-13,Seated Shoulder Press (Barbell),5,40,7400.0,205.0,185.0,259.66666666666663,8,165.0,4800.0,32.0,209.0,4.0,200.0,8360.0,253.3333333333333,195.0,10680.0,247.0,40.0,2600.0,8.0,50.66666666666663,5.0,-960.0,6.333333333333343,43.745694444444446,27,186.66666666666666,7946.666666666667,236.44444444444443,48.0,200.0,253.3333333333333,-30.0,-5880.0,-38.0,205.0
2016-08-13 16:01:20,2016-08-13,Shoulder Press (Standing),2,16,1280.0,80.0,80.0,101.33333333333331,8,95.0,1610.0,18.0,120.33333333333331,2.0,85.0,1530.0,113.33333333333331,45.0,900.0,60.0,-15.0,-330.0,-2.0,-19.0,-5.0,-250.0,-12.0,6.069409722222222,5,75.0,1346.6666666666667,97.88888888888887,18.666666666666668,95.0,120.33333333333331,50.0,710.0,60.333333333333314,80.0
2016-08-13 19:27:54,2016-08-13,Deadlift (Barbell),3,15,4125.0,275.0,275.0,320.83333333333337,5,275.0,6150.0,24.0,330.0,4.0,345.0,7575.0,402.5,325.0,6625.0,379.1666666666667,0.0,-2025.0,-9.0,-9.166666666666629,-70.0,-3450.0,-81.66666666666663,7.899641203703704,3,315.0,6783.333333333333,370.5555555555556,24.666666666666668,345.0,402.5,-50.0,-475.0,-49.166666666666686,275.0
2016-08-13 19:27:54,2016-08-13,Squat (Barbell),8,53,13140.0,280.0,253.125,345.33333333333337,8,255.0,13080.0,56.0,323.0,7.0,250.0,12800.0,316.66666666666663,265.0,14630.0,335.66666666666663,25.0,60.0,-3.0,22.33333333333337,30.0,340.0,28.666666666666742,7.899641203703704,35,256.6666666666667,13503.333333333334,325.1111111111111,58.0,265.0,335.66666666666663,-10.0,-1550.0,-12.666666666666629,280.0
2016-08-15 19:30:15,2016-08-15,Rear delt fly,3,30,4350.0,145.0,145.0,193.3333333333333,10,140.0,5040.0,36.0,196.0,3.0,135.0,6075.0,202.5,135.0,3240.0,171.0,5.0,-690.0,-6.0,-2.666666666666714,10.0,-1725.0,-9.166666666666714,11.004375,33,136.66666666666666,4785.0,189.83333333333334,35.0,140.0,202.5,5.0,1800.0,25.0,145.0
2016-08-15 19:30:15,2016-08-15,Seated Cable Row (close Grip),4,32,5480.0,175.0,171.25,221.66666666666663,8,160.0,4480.0,28.0,213.3333333333333,3.0,160.0,4800.0,213.3333333333333,160.0,7140.0,224.0,15.0,1000.0,4.0,8.333333333333343,15.0,680.0,8.333333333333343,6.055671296296296,27,160.0,5473.333333333333,216.88888888888883,35.333333333333336,160.0,224.0,0.0,-2660.0,-10.666666666666714,175.0
2016-08-19 17:32:28,2016-08-19,Deadlift (Barbell),4,23,6285.0,290.0,271.25,348.0,6,275.0,4125.0,15.0,320.83333333333337,3.0,275.0,6150.0,330.0,345.0,7575.0,402.5,15.0,2160.0,8.0,27.16666666666663,15.0,135.0,18.0,5.919837962962963,4,298.3333333333333,5950.0,351.1111111111111,21.333333333333332,345.0,402.5,-70.0,-3450.0,-81.66666666666663,290.0
2016-08-19 17:32:28,2016-08-19,Leg press (hinge ),3,32,14400.0,450.0,450.0,630.0,12,360.0,17640.0,49.0,540.0,4.0,410.0,8200.0,546.6666666666666,360.0,12960.0,504.0,90.0,-3240.0,-17.0,90.0,40.0,6200.0,83.33333333333337,68.16796296296296,9,376.6666666666667,12933.333333333334,530.2222222222222,35.0,410.0,546.6666666666666,0.0,4680.0,36.0,450.0
2016-08-19 17:32:28,2016-08-19,Squat (Barbell),8,56,13900.0,285.0,245.0,361.0,8,280.0,13140.0,53.0,345.33333333333337,8.0,255.0,13080.0,323.0,250.0,12800.0,316.66666666666663,5.0,760.0,3.0,15.666666666666629,30.0,820.0,38.0,5.919837962962963,36,261.6666666666667,13006.666666666666,328.3333333333333,55.0,280.0,345.33333333333337,30.0,340.0,28.666666666666742,285.0
2016-08-20 19:18:20,2016-08-20,Bicep Curl (Barbell),3,30,2890.0,100.0,96.66666666666667,133.0,12,95.0,3500.0,40.0,126.66666666666666,4.0,95.0,1900.0,126.66666666666666,95.0,3400.0,126.66666666666666,5.0,-610.0,-10.0,6.333333333333343,5.0,990.0,6.333333333333343,15.996099537037036,24,95.0,2933.3333333333335,126.66666666666666,33.333333333333336,95.0,126.66666666666666,0.0,100.0,0.0,100.0
2016-08-20 19:18:20,2016-08-20,Pull Up,3,25,825.0,50.0,33.333333333333336,63.33333333333333,9,0.0,0.0,20.0,0.0,2.0,0.0,0.0,0.0,0.0,0.0,0.0,50.0,825.0,5.0,63.33333333333333,0.0,0.0,0.0,107.02398148148148,1,0.0,0.0,0.0,20.0,0.0,0.0,0.0,0.0,0.0,50.0
2016-08-20 19:18:20,2016-08-20,Rear delt fly,3,35,4860.0,145.0,138.33333333333334,203.0,13,145.0,4350.0,30.0,193.3333333333333,3.0,140.0,5040.0,196.0,135.0,6075.0,202.5,0.0,510.0,5.0,9.666666666666714,5.0,-180.0,7.0,4.991724537037037,34,140.0,5155.0,197.27777777777774,37.0,145.0,202.5,10.0,-1725.0,-9.166666666666714,145.0
2016-08-20 19:18:20,2016-08-20,T-bar Row,3,24,3000.0,125.0,125.0,158.33333333333331,8,120.0,3550.0,30.0,160.0,3.0,125.0,3500.0,166.66666666666666,90.0,2160.0,114.0,5.0,-550.0,-6.0,-1.6666666666666856,0.0,-500.0,-8.333333333333343,34.08138888888889,7,111.66666666666667,3070.0,146.88888888888889,28.0,125.0,166.66666666666666,30.0,1390.0,46.0,125.0
2016-08-22 12:49:10,2016-08-22,Seated Shoulder Press (Barbell),7,56,10230.0,215.0,181.42857142857142,266.0,10,205.0,7400.0,40.0,259.66666666666663,5.0,165.0,4800.0,209.0,200.0,8360.0,253.3333333333333,10.0,2830.0,16.0,6.333333333333371,50.0,5430.0,57.0,8.866550925925926,28,190.0,6853.333333333333,240.66666666666663,40.0,205.0,259.66666666666663,5.0,-960.0,6.333333333333343,215.0
2016-08-24 21:08:23,2016-08-24,Deadlift (Barbell),5,28,7900.0,300.0,280.0,360.0,6,290.0,6285.0,23.0,348.0,4.0,275.0,4125.0,320.83333333333337,275.0,6150.0,330.0,10.0,1615.0,5.0,12.0,25.0,3775.0,39.16666666666663,5.14994212962963,5,280.0,5520.0,332.9444444444444,20.666666666666668,290.0,348.0,15.0,135.0,18.0,300.0
2016-08-24 21:08:23,2016-08-24,Leg press (hinge ),3,30,13500.0,450.0,450.0,600.0,10,450.0,14400.0,32.0,630.0,3.0,360.0,17640.0,540.0,410.0,8200.0,546.6666666666666,0.0,-900.0,-2.0,-30.0,90.0,-4140.0,60.0,5.14994212962963,10,406.6666666666667,13413.333333333334,572.2222222222222,33.666666666666664,450.0,630.0,40.0,6200.0,83.33333333333337,450.0
2016-08-24 21:08:23,2016-08-24,Squat (Barbell),8,45,11875.0,315.0,268.75,367.5,10,285.0,13900.0,56.0,361.0,8.0,280.0,13140.0,345.33333333333337,255.0,13080.0,323.0,30.0,-2025.0,-11.0,6.5,35.0,-1265.0,22.16666666666663,5.14994212962963,37,273.3333333333333,13373.333333333334,343.11111111111114,55.0,285.0,361.0,30.0,820.0,38.0,315.0
2016-08-25 22:09:45,2016-08-25,Bicep Curl (Barbell),3,37,2775.0,75.0,75.0,107.5,13,100.0,2890.0,30.0,133.0,3.0,95.0,3500.0,126.66666666666666,95.0,1900.0,126.66666666666666,-25.0,-115.0,7.0,-25.5,-20.0,-725.0,-19.166666666666657,5.1190393518518515,25,96.66666666666667,2763.3333333333335,128.77777777777777,30.0,100.0,133.0,5.0,990.0,6.333333333333343,75.0
2016-08-25 22:09:45,2016-08-25,Hammer Curl (Dumbbell ),1,12,840.0,70.0,70.0,98.0,12,60.0,1440.0,24.0,84.0,2.0,80.0,1640.0,106.66666666666666,70.0,3150.0,105.0,10.0,-600.0,-12.0,14.0,-10.0,-800.0,-8.666666666666657,21.11513888888889,10,70.0,2076.6666666666665,98.55555555555554,30.333333333333332,80.0,106.66666666666666,-10.0,-1710.0,-21.0,70.0
2016-08-25 22:09:45,2016-08-25,Pull Up,2,16,800.0,50.0,50.0,63.33333333333333,8,50.0,825.0,25.0,63.33333333333333,3.0,0.0,0.0,0.0,0.0,0.0,0.0,0.0,-25.0,-9.0,0.0,50.0,800.0,63.33333333333333,5.1190393518518515,2,25.0,412.5,31.666666666666664,22.5,50.0,63.33333333333333,0.0,0.0,0.0,50.0
2016-08-25 22:09:45,2016-08-25,Seated Cable Row (close Grip),1,12,1860.0,155.0,155.0,217.0,12,175.0,5480.0,32.0,221.66666666666663,4.0,160.0,4480.0,213.3333333333333,160.0,4800.0,213.3333333333333,-20.0,-3620.0,-20.0,-4.666666666666629,-5.0,-2620.0,3.666666666666714,10.110763888888888,28,165.0,4920.0,216.1111111111111,30.0,175.0,221.66666666666663,15.0,680.0,8.333333333333343,155.0
2016-08-25 22:09:45,2016-08-25,T-bar Row,5,54,5985.0,127.5,112.5,170.0,12,125.0,3000.0,24.0,158.33333333333331,3.0,120.0,3550.0,160.0,125.0,3500.0,166.66666666666666,2.5,2985.0,30.0,11.666666666666686,7.5,2435.0,10.0,5.1190393518518515,8,123.33333333333333,3350.0,161.66666666666666,28.0,125.0,166.66666666666666,0.0,-500.0,-8.333333333333343,127.5
2016-08-26 17:05:57,2016-08-26,Hammer shoulder press,2,20,2800.0,140.0,140.0,186.66666666666663,10,0.0,0.0,0.0,0.0,3.0,140.0,4200.0,186.66666666666663,0.0,0.0,0.0,140.0,2800.0,20.0,186.66666666666663,0.0,-1400.0,0.0,56.79056712962963,2,70.0,2100.0,93.33333333333331,15.0,140.0,186.66666666666663,0.0,0.0,0.0,140.0
2016-08-26 17:05:57,2016-08-26,Incline Bench Press (Barbell),7,40,7340.0,245.0,186.42857142857142,285.83333333333337,8,225.0,8060.0,40.0,285.0,6.0,225.0,9440.0,285.0,225.0,12095.0,320.83333333333337,20.0,-720.0,0.0,0.8333333333333712,20.0,-2100.0,0.8333333333333712,19.11428240740741,34,225.0,9865.0,296.94444444444446,51.0,225.0,320.83333333333337,0.0,-4035.0,-35.83333333333337,245.0
2016-08-26 17:05:57,2016-08-26,Overhead Press (Barbell),3,24,4440.0,185.0,185.0,234.3333333333333,8,185.0,6465.0,39.0,240.5,4.0,0.0,0.0,0.0,0.0,0.0,0.0,0.0,-2025.0,-15.0,-6.166666666666714,0.0,0.0,0.0,19.11428240740741,1,185.0,6465.0,240.5,39.0,185.0,240.5,0.0,0.0,0.0,185.0
2016-08-26 17:05:57,2016-08-26,Tricep pushdown,4,48,3120.0,65.0,65.0,91.0,12,120.0,4800.0,42.0,180.0,3.0,130.0,4940.0,195.0,80.0,3390.0,106.66666666666666,-55.0,-1680.0,6.0,-89.0,-65.0,-1820.0,-104.0,62.00748842592593,4,110.0,4376.666666666667,160.55555555555554,42.666666666666664,130.0,195.0,40.0,1410.0,73.33333333333334,65.0
2016-08-28 17:39:36,2016-08-28,Deadlift (Barbell),4,22,6190.0,315.0,282.5,378.0,6,300.0,7900.0,28.0,360.0,5.0,290.0,6285.0,348.0,275.0,4125.0,320.83333333333337,15.0,-1710.0,-6.0,18.0,25.0,-95.0,30.0,3.8550115740740742,6,288.3333333333333,6103.333333333333,342.9444444444444,22.0,300.0,360.0,25.0,3775.0,39.16666666666663,315.0
2016-08-28 17:39:36,2016-08-28,Leg press (hinge ),3,32,14400.0,450.0,450.0,630.0,12,450.0,13500.0,30.0,600.0,3.0,450.0,14400.0,630.0,360.0,17640.0,540.0,0.0,900.0,2.0,30.0,0.0,0.0,0.0,3.8550115740740742,11,420.0,15180.0,590.0,37.0,450.0,630.0,90.0,-4140.0,60.0,450.0
2016-08-28 17:39:36,2016-08-28,Squat (Barbell),9,53,14025.0,315.0,262.77777777777777,388.5,7,315.0,11875.0,45.0,367.5,8.0,285.0,13900.0,361.0,280.0,13140.0,345.33333333333337,0.0,2150.0,8.0,21.0,30.0,125.0,27.5,3.8550115740740742,38,293.3333333333333,12971.666666666666,357.9444444444445,51.333333333333336,315.0,367.5,35.0,-1265.0,22.16666666666663,315.0
2016-08-30 20:43:40,2016-08-30,Incline Press (Dumbbell),3,30,3600.0,120.0,120.0,160.0,10,150.0,2400.0,20.0,200.0,2.0,120.0,1320.0,164.0,0.0,0.0,0.0,-30.0,1200.0,10.0,-40.0,0.0,2280.0,-4.0,254.28947916666667,2,135.0,1860.0,182.0,15.5,150.0,200.0,0.0,0.0,0.0,120.0
2016-08-30 20:43:40,2016-08-30,Seated Shoulder Press (Barbell),7,53,9195.0,215.0,173.57142857142858,272.3333333333333,8,215.0,10230.0,56.0,266.0,7.0,205.0,7400.0,259.66666666666663,165.0,4800.0,209.0,0.0,-1035.0,-3.0,6.333333333333314,10.0,1795.0,12.666666666666686,8.329513888888888,29,195.0,7476.666666666667,244.88888888888889,42.666666666666664,215.0,266.0,50.0,5430.0,57.0,215.0
2016-08-31 14:10:02,2016-08-31,Bicep Curl (Barbell),3,29,2620.0,100.0,91.66666666666667,130.0,12,75.0,2775.0,37.0,107.5,3.0,100.0,2890.0,133.0,95.0,3500.0,126.66666666666666,25.0,-155.0,-8.0,22.5,0.0,-270.0,-3.0,5.666863425925926,26,90.0,3055.0,122.38888888888887,35.666666666666664,100.0,133.0,-20.0,-725.0,-19.166666666666657,100.0
2016-08-31 14:10:02,2016-08-31,Hammer seated row (CLOSE GRIP),3,30,3900.0,130.0,130.0,173.33333333333331,10,145.0,6750.0,54.0,193.3333333333333,5.0,130.0,4320.0,182.0,145.0,6960.0,203.0,-15.0,-2850.0,-24.0,-19.99999999999997,0.0,-420.0,-8.666666666666686,85.00489583333334,7,140.0,6010.0,192.77777777777774,46.0,145.0,203.0,0.0,-210.0,-9.666666666666714,130.0
2016-08-31 14:10:02,2016-08-31,Pull Up,3,30,825.0,27.5,27.5,36.66666666666666,10,50.0,800.0,16.0,63.33333333333333,2.0,50.0,825.0,63.33333333333333,0.0,0.0,0.0,-22.5,25.0,14.0,-26.66666666666667,-22.5,0.0,-26.66666666666667,5.666863425925926,3,33.333333333333336,541.6666666666666,42.22222222222222,20.333333333333332,50.0,63.33333333333333,50.0,800.0,63.33333333333333,27.5
2016-08-31 14:10:02,2016-08-31,Rear delt fly,2,24,3240.0,135.0,135.0,189.0,12,145.0,4860.0,35.0,203.0,3.0,145.0,4350.0,193.3333333333333,140.0,5040.0,196.0,-10.0,-1620.0,-11.0,-14.0,-10.0,-1110.0,-4.333333333333286,10.785902777777778,35,143.33333333333334,4750.0,197.44444444444443,33.666666666666664,145.0,203.0,5.0,-180.0,7.0,135.0
2016-08-31 14:10:02,2016-08-31,T-bar Row,5,50,5790.0,135.0,119.0,175.5,12,127.5,5985.0,54.0,170.0,5.0,125.0,3000.0,158.33333333333331,120.0,3550.0,160.0,7.5,-195.0,-4.0,5.5,10.0,2790.0,17.166666666666686,5.666863425925926,9,124.16666666666667,4178.333333333333,162.77777777777777,36.0,127.5,170.0,7.5,2435.0,10.0,135.0
2016-09-02 04:51:09,2016-09-02,Leg curl,3,30,4050.0,135.0,135.0,180.0,10,95.0,3420.0,36.0,133.0,3.0,135.0,4740.0,189.0,125.0,1250.0,166.66666666666666,40.0,630.0,-6.0,47.0,0.0,-690.0,-9.0,167.37927083333332,6,118.33333333333333,3136.6666666666665,162.88888888888889,27.333333333333332,135.0,189.0,-30.0,2170.0,-33.66666666666666,135.0
2016-09-02 04:51:09,2016-09-02,Leg press (hinge ),4,48,21600.0,450.0,450.0,630.0,12,450.0,14400.0,32.0,630.0,3.0,450.0,13500.0,600.0,450.0,14400.0,630.0,0.0,7200.0,16.0,0.0,0.0,8100.0,30.0,4.466354166666667,12,450.0,14100.0,620.0,31.333333333333332,450.0,630.0,0.0,0.0,0.0,450.0
2016-09-02 04:51:09,2016-09-02,Squat (Barbell),9,57,14170.0,320.0,251.66666666666666,405.3333333333333,10,315.0,14025.0,53.0,388.5,9.0,315.0,11875.0,367.5,285.0,13900.0,361.0,5.0,145.0,4.0,16.833333333333314,5.0,2295.0,37.833333333333314,4.466354166666667,39,305.0,13266.666666666666,372.3333333333333,51.333333333333336,315.0,388.5,30.0,125.0,27.5,320.0
2016-09-03 10:36:20,2016-09-03,Incline Bench Press (Barbell),7,54,10210.0,225.0,187.14285714285714,285.0,8,245.0,7340.0,40.0,285.83333333333337,7.0,225.0,8060.0,285.0,225.0,9440.0,285.0,-20.0,2870.0,14.0,-0.8333333333333712,0.0,2150.0,0.0,7.7294328703703705,35,231.66666666666666,8280.0,285.27777777777777,42.666666666666664,245.0,285.83333333333337,20.0,-2100.0,0.8333333333333712,225.0
2016-09-03 10:36:20,2016-09-03,Overhead Press (Dumbbell),3,37,1480.0,40.0,40.0,60.0,15,120.0,3840.0,32.0,168.0,3.0,0.0,0.0,0.0,0.0,0.0,0.0,-80.0,-2360.0,5.0,-108.0,0.0,0.0,0.0,34.826087962962966,1,120.0,3840.0,168.0,32.0,120.0,168.0,0.0,0.0,0.0,40.0
2016-09-03 10:36:20,2016-09-03,Tricep pushdown,3,45,2700.0,60.0,60.0,90.0,15,65.0,3120.0,48.0,91.0,4.0,120.0,4800.0,180.0,130.0,4940.0,195.0,-5.0,-420.0,-3.0,-1.0,-60.0,-2100.0,-90.0,7.7294328703703705,5,105.0,4286.666666666667,155.33333333333334,42.666666666666664,130.0,195.0,-65.0,-1820.0,-104.0,60.0
2016-09-04 16:24:32,2016-09-04,Bent Over Row (Dumbbell),3,30,5700.0,190.0,190.0,253.3333333333333,10,85.0,3060.0,36.0,119.0,3.0,180.0,5400.0,240.0,150.0,5400.0,210.0,105.0,2640.0,-6.0,134.3333333333333,10.0,300.0,13.333333333333286,173.95061342592592,3,138.33333333333334,4620.0,189.66666666666666,34.0,180.0,240.0,-65.0,-2340.0,-91.0,190.0
2016-09-04 16:24:32,2016-09-04,Hammer Curl (Dumbbell ),7,64,3880.0,70.0,58.57142857142857,98.0,12,70.0,840.0,12.0,98.0,1.0,60.0,1440.0,84.0,80.0,1640.0,106.66666666666666,0.0,3040.0,52.0,0.0,10.0,2440.0,14.0,9.760266203703704,11,70.0,1306.6666666666667,96.22222222222221,19.333333333333332,80.0,106.66666666666666,-10.0,-800.0,-8.666666666666657,70.0
2016-09-04 16:24:32,2016-09-04,Lat Pulldown,2,20,2700.0,135.0,135.0,180.0,10,165.0,5160.0,32.0,220.0,3.0,150.0,6960.0,210.0,145.0,4350.0,193.3333333333333,-30.0,-2460.0,-12.0,-40.0,-15.0,-4260.0,-30.0,48.96069444444444,11,153.33333333333334,5490.0,207.77777777777774,36.666666666666664,165.0,220.0,20.0,810.0,26.666666666666714,135.0
2016-09-04 16:24:32,2016-09-04,Pull Up,2,20,600.0,30.0,30.0,40.0,10,27.5,825.0,30.0,36.66666666666666,3.0,50.0,800.0,63.33333333333333,50.0,825.0,63.33333333333333,2.5,-225.0,-10.0,3.333333333333343,-20.0,-200.0,-23.33333333333333,4.0934027777777775,4,42.5,816.6666666666666,54.444444444444436,23.666666666666668,50.0,63.33333333333333,-22.5,0.0,-26.66666666666667,30.0
2016-09-04 16:24:32,2016-09-04,T-bar Row,3,38,3660.0,100.0,96.66666666666667,140.0,14,135.0,5790.0,50.0,175.5,5.0,127.5,5985.0,170.0,125.0,3000.0,158.33333333333331,-35.0,-2130.0,-12.0,-35.5,-27.5,-2325.0,-30.0,4.0934027777777775,10,129.16666666666666,4925.0,167.94444444444443,42.666666666666664,135.0,175.5,10.0,2790.0,17.166666666666686,100.0
2016-09-06 19:56:20,2016-09-06,Deadlift (Barbell),5,25,7375.0,325.0,295.0,379.1666666666667,5,315.0,6190.0,22.0,378.0,4.0,300.0,7900.0,360.0,290.0,6285.0,348.0,10.0,1185.0,3.0,1.1666666666666856,25.0,-525.0,19.166666666666686,9.094953703703704,7,301.6666666666667,6791.666666666667,362.0,24.333333333333332,315.0,378.0,25.0,-95.0,30.0,325.0
2016-09-06 19:56:20,2016-09-06,Leg curl,3,30,3750.0,125.0,125.0,166.66666666666666,10,135.0,4050.0,30.0,180.0,3.0,95.0,3420.0,133.0,135.0,4740.0,189.0,-10.0,-300.0,0.0,-13.333333333333343,30.0,330.0,33.66666666666666,4.628599537037037,7,121.66666666666667,4070.0,167.33333333333334,34.0,135.0,189.0,0.0,-690.0,-9.0,125.0
2016-09-06 19:56:20,2016-09-06,Leg press (hinge ),3,42,19500.0,470.0,463.3333333333333,705.0,15,450.0,21600.0,48.0,630.0,4.0,450.0,14400.0,630.0,450.0,13500.0,600.0,20.0,-2100.0,-6.0,75.0,20.0,5100.0,75.0,4.628599537037037,13,450.0,16500.0,620.0,36.666666666666664,450.0,630.0,0.0,8100.0,30.0,470.0
2016-09-06 19:56:20,2016-09-06,Squat (Barbell),7,39,10980.0,330.0,283.57142857142856,396.0,6,320.0,14170.0,57.0,405.3333333333333,9.0,315.0,14025.0,388.5,315.0,11875.0,367.5,10.0,-3190.0,-18.0,-9.333333333333314,15.0,-3045.0,7.5,4.628599537037037,40,316.6666666666667,13356.666666666666,387.1111111111111,51.666666666666664,320.0,405.3333333333333,5.0,2295.0,37.833333333333314,330.0
2016-09-07 15:59:06,2016-09-07,Seated Shoulder Press (Barbell),8,49,8215.0,205.0,167.5,259.66666666666663,8,215.0,9195.0,53.0,272.3333333333333,7.0,215.0,10230.0,266.0,205.0,7400.0,259.66666666666663,-10.0,-980.0,-4.0,-12.666666666666686,-10.0,-2015.0,-6.333333333333371,7.802384259259259,30,211.66666666666666,8941.666666666666,266.0,49.666666666666664,215.0,272.3333333333333,10.0,1795.0,12.666666666666686,205.0
2016-09-07 15:59:06,2016-09-07,Seated Shoulder Press (Dumbbell),2,24,1440.0,60.0,60.0,84.0,12,140.0,4370.0,38.0,186.66666666666663,4.0,180.0,7760.0,246.0,180.0,8460.0,258.0,-80.0,-2930.0,-14.0,-102.66666666666663,-120.0,-6320.0,-162.0,185.14842592592592,7,166.66666666666666,6863.333333333333,230.2222222222222,49.0,180.0,258.0,-40.0,-4090.0,-71.33333333333337,60.0
2016-09-09 14:22:08,2016-09-09,Bicep Curl (Barbell),3,36,2520.0,75.0,70.0,105.0,12,100.0,2620.0,29.0,130.0,3.0,75.0,2775.0,107.5,100.0,2890.0,133.0,-25.0,-100.0,7.0,-25.0,0.0,-255.0,-2.5,9.008402777777778,27,91.66666666666667,2761.6666666666665,123.5,32.0,100.0,133.0,0.0,-270.0,-3.0,75.0
2016-09-09 14:22:08,2016-09-09,Lat Pulldown,2,20,2700.0,135.0,135.0,180.0,10,135.0,2700.0,20.0,180.0,2.0,165.0,5160.0,220.0,150.0,6960.0,210.0,0.0,0.0,0.0,0.0,-30.0,-2460.0,-40.0,4.915,12,150.0,4940.0,203.33333333333334,33.333333333333336,165.0,220.0,-15.0,-4260.0,-30.0,135.0
2016-09-09 14:22:08,2016-09-09,Pull Up,3,32,700.0,35.0,23.333333333333332,46.66666666666666,12,30.0,600.0,20.0,40.0,2.0,27.5,825.0,36.66666666666666,50.0,800.0,63.33333333333333,5.0,100.0,12.0,6.666666666666657,7.5,-125.0,10.0,4.915,5,35.833333333333336,741.6666666666666,46.666666666666664,22.0,50.0,63.33333333333333,-20.0,-200.0,-23.33333333333333,35.0
2016-09-09 14:22:08,2016-09-09,Rear delt fly,3,45,5850.0,130.0,130.0,195.0,15,135.0,3240.0,24.0,189.0,2.0,145.0,4860.0,203.0,145.0,4350.0,193.3333333333333,-5.0,2610.0,21.0,6.0,-15.0,990.0,-8.0,9.008402777777778,36,141.66666666666666,4150.0,195.1111111111111,29.666666666666668,145.0,203.0,-10.0,-1110.0,-4.333333333333286,130.0
2016-09-09 14:22:08,2016-09-09,Seated Cable Row (close Grip),2,16,2800.0,175.0,175.0,221.66666666666663,8,155.0,1860.0,12.0,217.0,1.0,175.0,5480.0,221.66666666666663,160.0,4480.0,213.3333333333333,20.0,940.0,4.0,4.666666666666629,0.0,-2680.0,0.0,14.675266203703703,29,163.33333333333334,3940.0,217.33333333333334,24.0,175.0,221.66666666666663,-5.0,-2620.0,3.666666666666714,175.0
2016-09-09 14:22:08,2016-09-09,T-bar Row,5,57,6330.0,137.5,114.0,183.3333333333333,15,100.0,3660.0,38.0,140.0,3.0,135.0,5790.0,175.5,127.5,5985.0,170.0,37.5,2670.0,19.0,43.333333333333286,2.5,540.0,7.833333333333286,4.915,11,120.83333333333333,5145.0,161.83333333333334,47.333333333333336,135.0,175.5,-27.5,-2325.0,-30.0,137.5
2016-09-10 14:22:28,2016-09-10,Leg outward fly,3,36,3960.0,110.0,110.0,154.0,12,130.0,2740.0,22.0,173.33333333333331,2.0,115.0,5110.0,154.0,110.0,3960.0,154.0,-20.0,1220.0,14.0,-19.333333333333314,-5.0,-1150.0,0.0,114.84457175925925,4,118.33333333333333,3936.6666666666665,160.44444444444443,34.666666666666664,130.0,173.33333333333331,20.0,-1220.0,19.333333333333314,110.0
2016-09-10 14:22:28,2016-09-10,Leg press (hinge ),3,36,17100.0,475.0,475.0,665.0,12,470.0,19500.0,42.0,705.0,3.0,450.0,21600.0,630.0,450.0,14400.0,630.0,5.0,-2400.0,-6.0,-40.0,25.0,-4500.0,35.0,3.768148148148148,14,456.6666666666667,18500.0,655.0,40.666666666666664,470.0,705.0,20.0,5100.0,75.0,475.0
2016-09-10 14:22:28,2016-09-10,Squat (Barbell),8,56,15265.0,320.0,265.0,405.3333333333333,8,330.0,10980.0,39.0,396.0,7.0,320.0,14170.0,405.3333333333333,315.0,14025.0,388.5,-10.0,4285.0,17.0,9.333333333333314,0.0,1095.0,0.0,3.768148148148148,41,321.6666666666667,13058.333333333334,396.6111111111111,49.666666666666664,330.0,405.3333333333333,15.0,-3045.0,7.5,320.0
2016-09-11 11:50:14,2016-09-11,Incline Press (Dumbbell),2,24,3360.0,140.0,140.0,196.0,12,120.0,3600.0,30.0,160.0,3.0,150.0,2400.0,200.0,120.0,1320.0,164.0,20.0,-240.0,-6.0,36.0,-10.0,960.0,-4.0,11.629560185185186,3,130.0,2440.0,174.66666666666666,20.333333333333332,150.0,200.0,0.0,2280.0,-4.0,140.0
2016-09-11 11:50:14,2016-09-11,Lateral Raise (Dumbbells),2,20,1000.0,50.0,50.0,66.66666666666666,10,40.0,400.0,10.0,53.33333333333333,1.0,60.0,1620.0,88.0,70.0,1440.0,98.0,10.0,600.0,10.0,13.333333333333329,-10.0,-620.0,-21.333333333333343,151.76368055555557,17,56.666666666666664,1153.3333333333333,79.77777777777777,20.333333333333332,70.0,98.0,-30.0,-1040.0,-44.66666666666667,50.0
2016-09-11 11:50:14,2016-09-11,Overhead Press (Dumbbell),1,10,600.0,60.0,60.0,80.0,10,40.0,1480.0,37.0,60.0,3.0,120.0,3840.0,168.0,0.0,0.0,0.0,20.0,-880.0,-27.0,20.0,-60.0,-3240.0,-88.0,8.051319444444445,2,80.0,2660.0,114.0,34.5,120.0,168.0,0.0,0.0,0.0,60.0
2016-09-11 11:50:14,2016-09-11,Seated Shoulder Press (Barbell),7,48,9470.0,225.0,192.14285714285714,285.0,8,205.0,8215.0,49.0,259.66666666666663,8.0,215.0,9195.0,272.3333333333333,215.0,10230.0,266.0,20.0,1255.0,-1.0,25.33333333333337,10.0,275.0,12.666666666666686,3.827175925925926,31,211.66666666666666,9213.333333333334,266.0,52.666666666666664,215.0,272.3333333333333,-10.0,-2015.0,-6.333333333333371,225.0
2016-09-13 06:51:12,2016-09-13,Bicep Curl (Barbell),3,30,2850.0,95.0,95.0,126.66666666666666,10,75.0,2520.0,36.0,105.0,3.0,100.0,2620.0,130.0,75.0,2775.0,107.5,20.0,330.0,-6.0,21.666666666666657,-5.0,230.0,-3.333333333333343,3.686851851851852,28,83.33333333333333,2638.3333333333335,114.16666666666667,34.0,100.0,130.0,0.0,-255.0,-2.5,95.0
2016-09-13 06:51:12,2016-09-13,Hammer seated row (CLOSE GRIP),4,44,6600.0,165.0,151.25,220.0,12,130.0,3900.0,30.0,173.33333333333331,3.0,145.0,6750.0,193.3333333333333,130.0,4320.0,182.0,35.0,2700.0,14.0,46.666666666666686,20.0,-150.0,26.666666666666714,12.69525462962963,8,135.0,4990.0,182.88888888888889,40.0,145.0,193.3333333333333,0.0,-420.0,-8.666666666666686,165.0
2016-09-13 06:51:12,2016-09-13,Lat Pulldown,1,10,1400.0,140.0,140.0,186.66666666666663,10,135.0,2700.0,20.0,180.0,2.0,135.0,2700.0,180.0,165.0,5160.0,220.0,5.0,-1300.0,-10.0,6.666666666666629,5.0,-1300.0,6.666666666666629,3.686851851851852,13,145.0,3520.0,193.33333333333334,24.0,165.0,220.0,-30.0,-2460.0,-40.0,140.0
2016-09-13 06:51:12,2016-09-13,Pull Up,1,11,275.0,25.0,25.0,34.166666666666664,11,35.0,700.0,32.0,46.66666666666666,3.0,30.0,600.0,40.0,27.5,825.0,36.66666666666666,-10.0,-425.0,-21.0,-12.499999999999993,-5.0,-325.0,-5.833333333333336,3.686851851851852,6,30.833333333333332,708.3333333333334,41.11111111111111,27.333333333333332,35.0,46.66666666666666,7.5,-125.0,10.0,25.0
2016-09-13 06:51:12,2016-09-13,Rear delt fly,3,45,5850.0,130.0,130.0,195.0,15,130.0,5850.0,45.0,195.0,3.0,135.0,3240.0,189.0,145.0,4860.0,203.0,0.0,0.0,0.0,0.0,-5.0,2610.0,6.0,3.686851851851852,37,136.66666666666666,4650.0,195.66666666666666,34.666666666666664,145.0,203.0,-15.0,990.0,-8.0,130.0
2016-09-13 06:51:12,2016-09-13,T-bar Row,4,40,5250.0,137.5,131.25,183.3333333333333,10,137.5,6330.0,57.0,183.3333333333333,5.0,100.0,3660.0,140.0,135.0,5790.0,175.5,0.0,-1080.0,-17.0,0.0,37.5,1590.0,43.333333333333286,3.686851851851852,12,124.16666666666667,5260.0,166.27777777777774,48.333333333333336,137.5,183.3333333333333,2.5,540.0,7.833333333333286,137.5
2016-09-14 15:21:27,2016-09-14,Deadlift (Barbell),5,22,6790.0,350.0,305.0,408.33333333333337,5,325.0,7375.0,25.0,379.1666666666667,5.0,315.0,6190.0,378.0,300.0,7900.0,360.0,25.0,-585.0,-3.0,29.166666666666686,35.0,600.0,30.33333333333337,7.809108796296297,8,313.3333333333333,7155.0,372.3888888888889,25.0,325.0,379.1666666666667,25.0,-525.0,19.166666666666686,350.0
2016-09-14 15:21:27,2016-09-14,Good Morning (Barbell),2,21,2100.0,100.0,100.0,136.66666666666666,11,120.0,1920.0,16.0,152.0,2.0,120.0,2400.0,160.0,115.0,3450.0,153.33333333333331,-20.0,180.0,5.0,-15.333333333333343,-20.0,-300.0,-23.333333333333343,130.85042824074074,7,118.33333333333333,2590.0,155.11111111111111,22.0,120.0,160.0,5.0,-1530.0,-1.3333333333333144,100.0
2016-09-14 15:21:27,2016-09-14,Leg outward fly,3,36,4200.0,120.0,116.66666666666667,168.0,12,110.0,3960.0,36.0,154.0,3.0,130.0,2740.0,173.33333333333331,115.0,5110.0,154.0,10.0,240.0,0.0,14.0,-10.0,1460.0,-5.333333333333314,4.040960648148148,5,118.33333333333333,3936.6666666666665,160.44444444444443,34.666666666666664,130.0,173.33333333333331,-5.0,-1150.0,0.0,120.0
2016-09-14 15:21:27,2016-09-14,Squat (Barbell),10,59,15070.0,340.0,268.0,408.0,10,320.0,15265.0,56.0,405.3333333333333,8.0,330.0,10980.0,396.0,320.0,14170.0,405.3333333333333,20.0,-195.0,3.0,2.6666666666666856,10.0,4090.0,12.0,4.040960648148148,42,323.3333333333333,13471.666666666666,402.2222222222222,50.666666666666664,330.0,405.3333333333333,0.0,1095.0,0.0,340.0
2016-09-15 18:46:12,2016-09-15,Incline Bench Press (Barbell),10,54,10935.0,250.0,198.5,291.3333333333333,8,225.0,10210.0,54.0,285.0,7.0,245.0,7340.0,285.83333333333337,225.0,8060.0,285.0,25.0,725.0,0.0,6.333333333333314,5.0,3595.0,5.499999999999943,12.340185185185184,36,231.66666666666666,8536.666666666666,285.27777777777777,44.666666666666664,245.0,285.83333333333337,0.0,2150.0,0.0,250.0
2016-09-15 18:46:12,2016-09-15,Incline Press (Dumbbell),3,30,5160.0,180.0,173.33333333333334,240.0,12,140.0,3360.0,24.0,196.0,2.0,120.0,3600.0,160.0,150.0,2400.0,200.0,40.0,1800.0,6.0,44.0,60.0,1560.0,80.0,4.288865740740741,4,136.66666666666666,3120.0,185.33333333333334,24.666666666666668,150.0,200.0,-10.0,960.0,-4.0,180.0
2016-09-15 18:46:12,2016-09-15,Lateral Raise (Dumbbells),2,30,1200.0,50.0,40.0,75.0,15,50.0,1000.0,20.0,66.66666666666666,2.0,40.0,400.0,53.33333333333333,60.0,1620.0,88.0,0.0,200.0,10.0,8.333333333333343,10.0,800.0,21.66666666666667,4.288865740740741,18,50.0,1006.6666666666666,69.33333333333333,19.0,60.0,88.0,-10.0,-620.0,-21.333333333333343,50.0
2016-09-15 18:46:12,2016-09-15,Tricep Extension,1,12,900.0,75.0,75.0,105.0,12,80.0,640.0,8.0,101.33333333333331,1.0,90.0,1800.0,120.0,80.0,1600.0,106.66666666666666,-5.0,260.0,4.0,3.6666666666666856,-15.0,-900.0,-15.0,160.98703703703703,4,83.33333333333333,1346.6666666666667,109.33333333333333,16.0,90.0,120.0,0.0,-960.0,-5.333333333333343,75.0
2016-09-18 13:42:54,2016-09-18,Bicep Curl (Barbell),3,31,3022.5,97.5,97.5,133.25,11,95.0,2850.0,30.0,126.66666666666666,3.0,75.0,2520.0,105.0,100.0,2620.0,130.0,2.5,172.5,1.0,6.583333333333343,22.5,502.5,28.25,5.285902777777777,29,90.0,2663.3333333333335,120.55555555555554,31.666666666666668,100.0,130.0,-5.0,230.0,-3.333333333333343,97.5
2016-09-18 13:42:54,2016-09-18,Hammer seated row (CLOSE GRIP),3,36,4500.0,125.0,125.0,175.0,12,165.0,6600.0,44.0,220.0,4.0,130.0,3900.0,173.33333333333331,145.0,6750.0,193.3333333333333,-40.0,-2100.0,-8.0,-45.0,-5.0,600.0,1.6666666666666856,5.285902777777777,9,146.66666666666666,5750.0,195.55555555555554,42.666666666666664,165.0,220.0,20.0,-150.0,26.666666666666714,125.0
2016-09-18 13:42:54,2016-09-18,Pull Up,1,7,0.0,0.0,0.0,0.0,7,25.0,275.0,11.0,34.166666666666664,1.0,35.0,700.0,46.66666666666666,30.0,600.0,40.0,-25.0,-275.0,-4.0,-34.166666666666664,-35.0,-700.0,-46.66666666666666,5.285902777777777,7,30.0,525.0,40.27777777777777,21.0,35.0,46.66666666666666,-5.0,-325.0,-5.833333333333336,0.0
2016-09-18 13:42:54,2016-09-18,Rear delt fly,3,45,5850.0,130.0,130.0,195.0,15,130.0,5850.0,45.0,195.0,3.0,130.0,5850.0,195.0,135.0,3240.0,189.0,0.0,0.0,0.0,0.0,0.0,0.0,0.0,5.285902777777777,38,131.66666666666666,4980.0,193.0,38.0,135.0,195.0,-5.0,2610.0,6.0,130.0
2016-09-18 13:42:54,2016-09-18,T-bar Row,4,32,4000.0,125.0,125.0,158.33333333333331,8,137.5,5250.0,40.0,183.3333333333333,4.0,137.5,6330.0,183.3333333333333,100.0,3660.0,140.0,-12.5,-1250.0,-8.0,-24.99999999999997,-12.5,-2330.0,-24.99999999999997,5.285902777777777,13,125.0,5080.0,168.88888888888886,45.0,137.5,183.3333333333333,37.5,1590.0,43.333333333333286,125.0
2016-09-19 17:41:11,2016-09-19,Good Morning (Barbell),3,32,3200.0,100.0,100.0,140.0,12,100.0,2100.0,21.0,136.66666666666666,2.0,120.0,1920.0,152.0,120.0,2400.0,160.0,0.0,1100.0,11.0,3.333333333333343,-20.0,1280.0,-12.0,5.097037037037037,8,113.33333333333333,2140.0,149.55555555555554,19.0,120.0,160.0,-20.0,-300.0,-23.333333333333343,100.0
2016-09-19 17:41:11,2016-09-19,Leg curl,3,35,4790.0,140.0,136.66666666666666,196.0,12,125.0,3750.0,30.0,166.66666666666666,3.0,135.0,4050.0,180.0,95.0,3420.0,133.0,15.0,1040.0,5.0,29.333333333333343,5.0,740.0,16.0,12.906145833333333,8,118.33333333333333,3740.0,159.88888888888889,32.0,135.0,180.0,30.0,330.0,33.66666666666666,140.0
2016-09-19 17:41:11,2016-09-19,Leg press (hinge ),3,33,16500.0,500.0,500.0,700.0,12,475.0,17100.0,36.0,665.0,3.0,470.0,19500.0,705.0,450.0,21600.0,630.0,25.0,-600.0,-3.0,35.0,30.0,-3000.0,-5.0,9.137997685185185,15,465.0,19400.0,666.6666666666666,42.0,475.0,705.0,25.0,-4500.0,35.0,500.0
2016-09-19 17:41:11,2016-09-19,Squat (Barbell),11,60,14890.0,275.0,248.63636363636363,330.0,6,340.0,15070.0,59.0,408.0,10.0,320.0,15265.0,405.3333333333333,330.0,10980.0,396.0,-65.0,-180.0,1.0,-78.0,-45.0,-375.0,-75.33333333333331,5.097037037037037,43,330.0,13771.666666666666,403.11111111111114,51.333333333333336,340.0,408.0,10.0,4090.0,12.0,275.0
2016-09-20 14:53:34,2016-09-20,Lateral Raise (Dumbbells),2,30,1200.0,40.0,40.0,60.0,15,50.0,1200.0,30.0,75.0,2.0,50.0,1000.0,66.66666666666666,40.0,400.0,53.33333333333333,-10.0,0.0,0.0,-15.0,-10.0,200.0,-6.666666666666657,4.838449074074074,19,46.666666666666664,866.6666666666666,65.0,20.0,50.0,75.0,10.0,800.0,21.66666666666667,40.0
2016-09-20 14:53:34,2016-09-20,Seated Shoulder Press (Barbell),9,57,10055.0,225.0,175.27777777777777,285.0,8,225.0,9470.0,48.0,285.0,7.0,205.0,8215.0,259.66666666666663,215.0,9195.0,272.3333333333333,0.0,585.0,9.0,0.0,20.0,1840.0,25.33333333333337,9.127314814814815,32,215.0,8960.0,272.3333333333333,50.0,225.0,285.0,10.0,275.0,12.666666666666686,225.0
2016-09-22 16:51:04,2016-09-22,Hammer Curl (Dumbbell ),3,36,1800.0,50.0,50.0,71.66666666666667,13,70.0,3880.0,64.0,98.0,7.0,70.0,840.0,98.0,60.0,1440.0,84.0,-20.0,-2080.0,-28.0,-26.33333333333333,-20.0,960.0,-26.33333333333333,18.018425925925925,12,66.66666666666667,2053.3333333333335,93.33333333333333,33.333333333333336,70.0,98.0,10.0,2440.0,14.0,50.0
2016-09-22 16:51:04,2016-09-22,Lat Pulldown,3,34,5220.0,155.0,153.33333333333334,217.0,12,140.0,1400.0,10.0,186.66666666666663,1.0,135.0,2700.0,180.0,135.0,2700.0,180.0,15.0,3820.0,24.0,30.33333333333337,20.0,2520.0,37.0,9.416574074074074,14,136.66666666666666,2266.6666666666665,182.2222222222222,16.666666666666668,140.0,186.66666666666663,5.0,-1300.0,6.666666666666629,155.0
2016-09-22 16:51:04,2016-09-22,Pull Up,1,9,315.0,35.0,35.0,45.5,9,0.0,0.0,7.0,0.0,1.0,25.0,275.0,34.166666666666664,35.0,700.0,46.66666666666666,35.0,315.0,2.0,45.5,10.0,40.0,11.333333333333336,4.130671296296296,8,20.0,325.0,26.94444444444444,16.666666666666668,35.0,46.66666666666666,-35.0,-700.0,-46.66666666666666,35.0
2016-09-22 16:51:04,2016-09-22,Rear delt fly,3,36,4860.0,135.0,135.0,189.0,12,130.0,5850.0,45.0,195.0,3.0,130.0,5850.0,195.0,130.0,5850.0,195.0,5.0,-990.0,-9.0,-6.0,5.0,-990.0,-6.0,4.130671296296296,39,130.0,5850.0,195.0,45.0,130.0,195.0,0.0,0.0,0.0,135.0
2016-09-23 22:01:35,2016-09-23,Good Morning (Barbell),2,22,2090.0,95.0,95.0,133.0,12,100.0,3200.0,32.0,140.0,3.0,100.0,2100.0,136.66666666666666,120.0,1920.0,152.0,-5.0,-1110.0,-10.0,-7.0,-5.0,-10.0,-3.666666666666657,4.180833333333333,9,106.66666666666667,2406.6666666666665,142.88888888888889,23.0,120.0,152.0,-20.0,1280.0,-12.0,95.0
2016-09-23 22:01:35,2016-09-23,Leg curl,3,34,4760.0,140.0,140.0,196.0,12,140.0,4790.0,35.0,196.0,3.0,125.0,3750.0,166.66666666666666,135.0,4050.0,180.0,0.0,-30.0,-1.0,0.0,15.0,1010.0,29.333333333333343,4.180833333333333,9,133.33333333333334,4196.666666666667,180.88888888888889,31.666666666666668,140.0,196.0,5.0,740.0,16.0,140.0
2016-09-23 22:01:35,2016-09-23,Leg outward fly,4,52,6240.0,120.0,120.0,172.0,13,120.0,4200.0,36.0,168.0,3.0,110.0,3960.0,154.0,130.0,2740.0,173.33333333333331,0.0,2040.0,16.0,4.0,10.0,2280.0,18.0,9.27787037037037,6,120.0,3633.3333333333335,165.11111111111111,31.333333333333332,130.0,173.33333333333331,-10.0,1460.0,-5.333333333333314,120.0
2016-09-23 22:01:35,2016-09-23,Leg press (hinge ),4,48,22980.0,505.0,478.75,707.0,12,500.0,16500.0,33.0,700.0,3.0,475.0,17100.0,665.0,470.0,19500.0,705.0,5.0,6480.0,15.0,7.0,30.0,5880.0,42.0,4.180833333333333,16,481.6666666666667,17700.0,690.0,37.0,500.0,705.0,30.0,-3000.0,-5.0,505.0
2016-09-23 22:01:35,2016-09-23,Squat (Barbell),11,64,16365.0,320.0,252.72727272727272,405.3333333333333,8,275.0,14890.0,60.0,330.0,11.0,340.0,15070.0,408.0,320.0,15265.0,405.3333333333333,45.0,1475.0,4.0,75.33333333333331,-20.0,1295.0,-2.6666666666666856,4.180833333333333,44,311.6666666666667,15075.0,381.11111111111114,58.333333333333336,340.0,408.0,-45.0,-375.0,-75.33333333333331,320.0
2016-09-24 17:16:20,2016-09-24,Incline Bench Press (Barbell),10,57,11627.5,250.0,199.5,294.5,8,250.0,10935.0,54.0,291.3333333333333,10.0,225.0,10210.0,285.0,245.0,7340.0,285.83333333333337,0.0,692.5,3.0,3.1666666666666856,25.0,1417.5,9.5,8.937592592592592,37,240.0,9495.0,287.3888888888889,49.333333333333336,250.0,291.3333333333333,5.0,3595.0,5.499999999999943,250.0
2016-09-24 17:16:20,2016-09-24,Incline Press (Dumbbell),2,20,3400.0,170.0,170.0,226.66666666666663,10,180.0,5160.0,30.0,240.0,3.0,140.0,3360.0,196.0,120.0,3600.0,160.0,-10.0,-1760.0,-10.0,-13.333333333333371,30.0,40.0,30.66666666666663,8.937592592592592,5,146.66666666666666,4040.0,198.66666666666666,28.0,180.0,240.0,60.0,1560.0,80.0,170.0
2016-09-24 17:16:20,2016-09-24,Landmine Press,2,20,2300.0,115.0,115.0,153.33333333333331,10,105.0,3630.0,36.0,140.0,4.0,0.0,0.0,0.0,0.0,0.0,0.0,10.0,-1330.0,-16.0,13.333333333333314,0.0,0.0,0.0,8.937592592592592,1,105.0,3630.0,140.0,36.0,105.0,140.0,0.0,0.0,0.0,115.0
2016-09-24 17:16:20,2016-09-24,Lateral Raise (Dumbbells),2,36,864.0,24.0,24.0,38.400000000000006,18,40.0,1200.0,30.0,60.0,2.0,50.0,1200.0,75.0,50.0,1000.0,66.66666666666666,-16.0,-336.0,6.0,-21.599999999999994,-26.0,-336.0,-36.599999999999994,4.0991435185185185,20,46.666666666666664,1133.3333333333333,67.22222222222223,26.666666666666668,50.0,75.0,-10.0,200.0,-6.666666666666657,24.0
2016-09-24 17:16:20,2016-09-24,Overhead Press (Dumbbell),2,22,2240.0,120.0,100.0,168.0,12,60.0,600.0,10.0,80.0,1.0,40.0,1480.0,60.0,120.0,3840.0,168.0,60.0,1640.0,12.0,88.0,80.0,760.0,108.0,13.226458333333333,3,73.33333333333333,1973.3333333333333,102.66666666666667,26.333333333333332,120.0,168.0,-60.0,-3240.0,-88.0,120.0
2016-09-24 17:16:20,2016-09-24,Tricep Extension,2,24,2040.0,85.0,85.0,119.0,12,75.0,900.0,12.0,105.0,1.0,80.0,640.0,101.33333333333331,90.0,1800.0,120.0,10.0,1140.0,12.0,14.0,5.0,1400.0,17.666666666666686,8.937592592592592,5,81.66666666666667,1113.3333333333333,108.77777777777777,13.333333333333334,90.0,120.0,-15.0,-900.0,-15.0,85.0
2016-09-26 17:12:59,2016-09-26,Bicep Curl (Barbell),2,20,2000.0,100.0,100.0,133.33333333333331,10,97.5,3022.5,31.0,133.25,3.0,95.0,2850.0,126.66666666666666,75.0,2520.0,105.0,2.5,-1022.5,-11.0,0.08333333333331439,5.0,-850.0,6.666666666666657,8.145891203703703,30,89.16666666666667,2797.5,121.63888888888887,32.333333333333336,97.5,133.25,22.5,502.5,28.25,100.0
2016-09-26 17:12:59,2016-09-26,Bicep Curl (Dumbbell),2,24,1200.0,50.0,50.0,70.0,12,40.0,1080.0,27.0,60.0,2.0,0.0,0.0,0.0,0.0,0.0,0.0,10.0,120.0,-3.0,10.0,0.0,0.0,0.0,8.145891203703703,1,40.0,1080.0,60.0,27.0,40.0,60.0,0.0,0.0,0.0,50.0
2016-09-26 17:12:59,2016-09-26,Hammer Curl (Dumbbell ),1,10,500.0,50.0,50.0,66.66666666666666,10,50.0,1800.0,36.0,71.66666666666667,3.0,70.0,3880.0,98.0,70.0,840.0,98.0,0.0,-1300.0,-26.0,-5.000000000000014,-20.0,-3380.0,-31.333333333333343,4.015219907407407,13,63.333333333333336,2173.3333333333335,89.22222222222223,37.333333333333336,70.0,98.0,-20.0,960.0,-26.33333333333333,50.0
2016-09-26 17:12:59,2016-09-26,Hammer seated row (CLOSE GRIP),3,36,5760.0,160.0,160.0,224.0,12,125.0,4500.0,36.0,175.0,3.0,165.0,6600.0,220.0,130.0,3900.0,173.33333333333331,35.0,1260.0,0.0,49.0,-5.0,-840.0,4.0,8.145891203703703,10,140.0,5000.0,189.44444444444446,36.666666666666664,165.0,220.0,-5.0,600.0,1.6666666666666856,160.0
2016-09-26 17:12:59,2016-09-26,Pull Up,1,10,0.0,0.0,0.0,0.0,10,35.0,315.0,9.0,45.5,1.0,0.0,0.0,0.0,25.0,275.0,34.166666666666664,-35.0,-315.0,1.0,-45.5,0.0,0.0,0.0,4.015219907407407,9,20.0,196.66666666666666,26.555555555555554,9.0,35.0,45.5,10.0,40.0,11.333333333333336,0.0
2016-09-26 17:12:59,2016-09-26,Rear delt fly,2,26,3510.0,135.0,135.0,198.00000000000003,14,135.0,4860.0,36.0,189.0,3.0,130.0,5850.0,195.0,130.0,5850.0,195.0,0.0,-1350.0,-10.0,9.000000000000028,5.0,-2340.0,3.0000000000000284,4.015219907407407,40,131.66666666666666,5520.0,193.0,42.0,135.0,195.0,5.0,-990.0,-6.0,135.0
2016-09-26 17:12:59,2016-09-26,T-bar Row,3,28,3780.0,135.0,135.0,180.0,10,125.0,4000.0,32.0,158.33333333333331,4.0,137.5,5250.0,183.3333333333333,137.5,6330.0,183.3333333333333,10.0,-220.0,-4.0,21.666666666666686,-2.5,-1470.0,-3.333333333333286,8.145891203703703,14,133.33333333333334,5193.333333333333,174.99999999999997,43.0,137.5,183.3333333333333,-12.5,-2330.0,-24.99999999999997,135.0
2016-09-28 15:33:16,2016-09-28,Lateral Raise (Dumbbells),2,27,810.0,30.0,30.0,45.0,15,24.0,864.0,36.0,38.400000000000006,2.0,40.0,1200.0,60.0,50.0,1200.0,75.0,6.0,-54.0,-9.0,6.599999999999994,-10.0,-390.0,-15.0,3.928425925925926,21,38.0,1088.0,57.79999999999999,32.0,50.0,75.0,-26.0,-336.0,-36.599999999999994,30.0
2016-09-28 15:33:16,2016-09-28,Seated Shoulder Press (Barbell),10,59,10595.0,225.0,176.0,285.0,8,225.0,10055.0,57.0,285.0,9.0,225.0,9470.0,285.0,205.0,8215.0,259.66666666666663,0.0,540.0,2.0,0.0,0.0,1125.0,0.0,8.027569444444444,33,218.33333333333334,9246.666666666666,276.5555555555556,51.333333333333336,225.0,285.0,20.0,1840.0,25.33333333333337,225.0
2016-09-28 15:33:16,2016-09-28,Seated Shoulder Press (Dumbbell),3,32,3200.0,100.0,100.0,140.0,12,60.0,1440.0,24.0,84.0,2.0,140.0,4370.0,186.66666666666663,180.0,7760.0,246.0,40.0,1760.0,8.0,56.0,-40.0,-1170.0,-46.66666666666663,20.982060185185187,8,126.66666666666667,4523.333333333333,172.2222222222222,38.0,180.0,246.0,-120.0,-6320.0,-162.0,100.0
2016-09-29 21:58:16,2016-09-29,Leg press (hinge ),2,24,12240.0,510.0,510.0,714.0,12,505.0,22980.0,48.0,707.0,4.0,500.0,16500.0,700.0,475.0,17100.0,665.0,5.0,-10740.0,-24.0,7.0,10.0,-4260.0,14.0,5.997696759259259,17,493.3333333333333,18860.0,690.6666666666666,39.0,505.0,707.0,30.0,5880.0,42.0,510.0
2016-09-29 21:58:16,2016-09-29,Squat (Barbell),9,47,12385.0,325.0,265.0,390.0,6,320.0,16365.0,64.0,405.3333333333333,11.0,275.0,14890.0,330.0,340.0,15070.0,408.0,5.0,-3980.0,-17.0,-15.333333333333314,50.0,-2505.0,60.0,5.997696759259259,45,311.6666666666667,15441.666666666666,381.1111111111111,61.0,340.0,408.0,-20.0,1295.0,-2.6666666666666856,325.0
2016-09-30 21:54:37,2016-09-30,Bent Over Row (Dumbbell),3,30,4800.0,160.0,160.0,213.3333333333333,10,190.0,5700.0,30.0,253.3333333333333,3.0,85.0,3060.0,119.0,180.0,5400.0,240.0,-30.0,-900.0,0.0,-40.0,75.0,1740.0,94.33333333333329,26.229224537037037,4,151.66666666666666,4720.0,204.1111111111111,32.0,190.0,253.3333333333333,10.0,300.0,13.333333333333286,160.0
2016-09-30 21:54:37,2016-09-30,Bicep Curl (Barbell),3,30,3000.0,100.0,100.0,133.33333333333331,10,100.0,2000.0,20.0,133.33333333333331,2.0,97.5,3022.5,133.25,95.0,2850.0,126.66666666666666,0.0,1000.0,10.0,0.0,2.5,-22.5,0.08333333333331439,4.195578703703704,31,97.5,2624.1666666666665,131.08333333333334,27.0,100.0,133.33333333333331,5.0,-850.0,6.666666666666657,100.0
2016-09-30 21:54:37,2016-09-30,Bicep Curl (Dumbbell),1,16,640.0,40.0,40.0,61.33333333333333,16,50.0,1200.0,24.0,70.0,2.0,40.0,1080.0,60.0,0.0,0.0,0.0,-10.0,-560.0,-8.0,-8.666666666666671,0.0,-440.0,1.3333333333333286,4.195578703703704,2,45.0,1140.0,65.0,25.5,50.0,70.0,0.0,0.0,0.0,40.0
2016-09-30 21:54:37,2016-09-30,Hammer seated row (CLOSE GRIP),3,34,5440.0,160.0,160.0,224.0,12,160.0,5760.0,36.0,224.0,3.0,125.0,4500.0,175.0,165.0,6600.0,220.0,0.0,-320.0,-2.0,0.0,35.0,940.0,49.0,4.195578703703704,11,150.0,5620.0,206.33333333333334,38.666666666666664,165.0,224.0,-5.0,-840.0,4.0,160.0
2016-10-02 19:03:54,2016-10-02,Incline Bench Press (Barbell),8,49,10270.0,250.0,205.0,291.6666666666667,8,250.0,11627.5,57.0,294.5,10.0,250.0,10935.0,291.3333333333333,225.0,10210.0,285.0,0.0,-1357.5,-8.0,-2.8333333333333144,0.0,-665.0,0.33333333333337123,8.074699074074074,38,241.66666666666666,10924.166666666666,290.27777777777777,55.0,250.0,294.5,25.0,1417.5,9.5,250.0
2016-10-02 19:03:54,2016-10-02,Incline Press (Dumbbell),3,32,5760.0,180.0,180.0,246.0,11,170.0,3400.0,20.0,226.66666666666663,2.0,180.0,5160.0,240.0,140.0,3360.0,196.0,10.0,2360.0,12.0,19.33333333333337,0.0,600.0,6.0,8.074699074074074,6,163.33333333333334,3973.3333333333335,220.88888888888889,24.666666666666668,180.0,240.0,30.0,40.0,30.66666666666663,180.0
2016-10-04 11:11:42,2016-10-04,Leg curl,3,32,4540.0,145.0,141.66666666666666,203.0,12,140.0,4760.0,34.0,196.0,3.0,140.0,4790.0,196.0,125.0,3750.0,166.66666666666666,5.0,-220.0,-2.0,7.0,5.0,-250.0,7.0,10.548692129629629,10,135.0,4433.333333333333,186.2222222222222,33.0,140.0,196.0,15.0,1010.0,29.333333333333343,145.0
2016-10-04 11:11:42,2016-10-04,Leg press (hinge ),3,36,18840.0,530.0,523.3333333333334,742.0,12,510.0,12240.0,24.0,714.0,2.0,505.0,22980.0,707.0,500.0,16500.0,700.0,20.0,6600.0,12.0,28.0,25.0,-4140.0,35.0,4.55099537037037,18,505.0,17240.0,707.0,35.0,510.0,714.0,10.0,-4260.0,14.0,530.0
2016-10-04 11:11:42,2016-10-04,Squat (Barbell),10,50,13370.0,345.0,269.0,402.5,6,325.0,12385.0,47.0,390.0,9.0,320.0,16365.0,405.3333333333333,275.0,14890.0,330.0,20.0,985.0,3.0,12.5,25.0,-2995.0,-2.8333333333333144,4.55099537037037,46,306.6666666666667,14546.666666666666,375.1111111111111,57.0,325.0,405.3333333333333,50.0,-2505.0,60.0,345.0
2016-10-06 17:41:20,2016-10-06,Bicep Curl (Barbell),3,32,3200.0,100.0,100.0,140.0,12,100.0,3000.0,30.0,133.33333333333331,3.0,100.0,2000.0,133.33333333333331,97.5,3022.5,133.25,0.0,200.0,2.0,6.666666666666686,0.0,1200.0,6.666666666666686,5.824108796296296,32,99.16666666666667,2674.1666666666665,133.30555555555554,27.0,100.0,133.33333333333331,2.5,-22.5,0.08333333333331439,100.0
2016-10-06 17:41:20,2016-10-06,Hammer Curl (Dumbbell ),2,24,1200.0,50.0,50.0,70.0,12,50.0,500.0,10.0,66.66666666666666,1.0,50.0,1800.0,71.66666666666667,70.0,3880.0,98.0,0.0,700.0,14.0,3.333333333333343,0.0,-600.0,-1.6666666666666714,10.0196875,14,56.666666666666664,2060.0,78.77777777777777,36.666666666666664,70.0,98.0,-20.0,-3380.0,-31.333333333333343,50.0
2016-10-06 17:41:20,2016-10-06,Hammer seated row (CLOSE GRIP),1,12,1740.0,145.0,145.0,203.0,12,160.0,5440.0,34.0,224.0,3.0,160.0,5760.0,224.0,125.0,4500.0,175.0,-15.0,-3700.0,-22.0,-21.0,-15.0,-4020.0,-21.0,5.824108796296296,12,148.33333333333334,5233.333333333333,207.66666666666666,35.333333333333336,160.0,224.0,35.0,940.0,49.0,145.0
2016-10-06 17:41:20,2016-10-06,Rear delt fly,3,36,5220.0,145.0,145.0,203.0,12,135.0,3510.0,26.0,198.00000000000003,2.0,135.0,4860.0,189.0,130.0,5850.0,195.0,10.0,1710.0,10.0,4.999999999999972,10.0,360.0,14.0,10.0196875,41,133.33333333333334,4740.0,194.0,35.666666666666664,135.0,198.00000000000003,5.0,-2340.0,3.0000000000000284,145.0
2016-10-06 17:41:20,2016-10-06,Seated Cable Row (close Grip),3,30,5550.0,190.0,185.0,253.3333333333333,10,175.0,2800.0,16.0,221.66666666666663,2.0,155.0,1860.0,217.0,175.0,5480.0,221.66666666666663,15.0,2750.0,14.0,31.666666666666657,35.0,3690.0,36.333333333333286,27.138333333333332,30,168.33333333333334,3380.0,220.1111111111111,20.0,175.0,221.66666666666663,0.0,-2680.0,0.0,190.0
2016-10-07 14:32:11,2016-10-07,Seated Shoulder Press (Barbell),9,58,9460.0,225.0,167.22222222222223,285.0,10,225.0,10595.0,59.0,285.0,10.0,225.0,10055.0,285.0,225.0,9470.0,285.0,0.0,-1135.0,-1.0,0.0,0.0,-595.0,0.0,8.95758101851852,34,225.0,10040.0,285.0,54.666666666666664,225.0,285.0,0.0,1125.0,0.0,225.0
2016-10-07 14:32:11,2016-10-07,Shoulder Press (Standing),4,37,3185.0,105.0,87.5,136.5,12,80.0,1280.0,16.0,101.33333333333331,2.0,95.0,1610.0,120.33333333333331,85.0,1530.0,113.33333333333331,25.0,1905.0,21.0,35.166666666666686,10.0,1575.0,16.166666666666686,54.938090277777775,6,86.66666666666667,1473.3333333333333,111.66666666666664,17.333333333333332,95.0,120.33333333333331,-5.0,-250.0,-12.0,105.0
2016-10-09 17:05:27,2016-10-09,Leg curl,3,36,5220.0,145.0,145.0,203.0,12,145.0,4540.0,32.0,203.0,3.0,140.0,4760.0,196.0,140.0,4790.0,196.0,0.0,680.0,4.0,0.0,5.0,460.0,7.0,5.245659722222222,11,141.66666666666666,4696.666666666667,198.33333333333334,33.666666666666664,145.0,203.0,5.0,-250.0,7.0,145.0
2016-10-09 17:05:27,2016-10-09,Leg outward fly,3,36,4320.0,120.0,120.0,168.0,12,120.0,6240.0,52.0,172.0,4.0,120.0,4200.0,168.0,110.0,3960.0,154.0,0.0,-1920.0,-16.0,-4.0,0.0,120.0,0.0,15.794351851851852,7,116.66666666666667,4800.0,164.66666666666666,41.333333333333336,120.0,172.0,10.0,2280.0,18.0,120.0
2016-10-09 17:05:27,2016-10-09,Leg press (hinge ),3,33,18150.0,550.0,550.0,770.0,12,530.0,18840.0,36.0,742.0,3.0,510.0,12240.0,714.0,505.0,22980.0,707.0,20.0,-690.0,-3.0,28.0,40.0,5910.0,56.0,5.245659722222222,19,515.0,18020.0,721.0,36.0,530.0,742.0,25.0,-4140.0,35.0,550.0
2016-10-09 17:05:27,2016-10-09,Squat (Barbell),11,55,14285.0,350.0,260.0,420.0,6,345.0,13370.0,50.0,402.5,10.0,325.0,12385.0,390.0,320.0,16365.0,405.3333333333333,5.0,915.0,5.0,17.5,25.0,1900.0,30.0,5.245659722222222,47,330.0,14040.0,399.27777777777777,53.666666666666664,345.0,405.3333333333333,25.0,-2995.0,-2.8333333333333144,350.0
2016-10-11 17:17:44,2016-10-11,Bicep Curl (Barbell),2,24,1800.0,75.0,75.0,105.0,12,100.0,3200.0,32.0,140.0,3.0,100.0,3000.0,133.33333333333331,100.0,2000.0,133.33333333333331,-25.0,-1400.0,-8.0,-35.0,-25.0,-1200.0,-28.333333333333314,4.983611111111111,33,100.0,2733.3333333333335,135.55555555555554,27.333333333333332,100.0,140.0,0.0,1200.0,6.666666666666686,75.0
2016-10-11 17:17:44,2016-10-11,Rear delt fly,3,45,6525.0,145.0,145.0,217.5,15,145.0,5220.0,36.0,203.0,3.0,135.0,3510.0,198.00000000000003,135.0,4860.0,189.0,0.0,1305.0,9.0,14.5,10.0,3015.0,19.49999999999997,4.983611111111111,42,138.33333333333334,4530.0,196.66666666666666,32.666666666666664,145.0,203.0,10.0,360.0,14.0,145.0
2016-10-11 17:17:44,2016-10-11,Seated Cable Row (close Grip),4,41,7790.0,190.0,190.0,259.6666666666667,11,190.0,5550.0,30.0,253.3333333333333,3.0,175.0,2800.0,221.66666666666663,155.0,1860.0,217.0,0.0,2240.0,11.0,6.3333333333334,15.0,4990.0,38.00000000000006,4.983611111111111,31,173.33333333333334,3403.3333333333335,230.66666666666663,19.333333333333332,190.0,253.3333333333333,35.0,3690.0,36.333333333333286,190.0
2016-10-12 17:38:23,2016-10-12,Incline Bench Press (Barbell),9,54,10997.5,255.0,198.05555555555554,297.5,8,250.0,10270.0,49.0,291.6666666666667,8.0,250.0,11627.5,294.5,250.0,10935.0,291.3333333333333,5.0,727.5,5.0,5.833333333333314,5.0,-630.0,3.0,9.940613425925926,39,250.0,10944.166666666666,292.5,53.333333333333336,250.0,294.5,0.0,-665.0,0.33333333333337123,255.0
2016-10-12 17:38:23,2016-10-12,Incline Press (Dumbbell),3,29,5410.0,190.0,186.66666666666666,253.3333333333333,10,180.0,5760.0,32.0,246.0,3.0,170.0,3400.0,226.66666666666663,180.0,5160.0,240.0,10.0,-350.0,-3.0,7.333333333333286,20.0,2010.0,26.666666666666657,9.940613425925926,7,176.66666666666666,4773.333333333333,237.55555555555554,27.333333333333332,180.0,246.0,0.0,600.0,6.0,190.0
2016-10-12 17:38:23,2016-10-12,Overhead Press (Barbell),2,24,960.0,40.0,40.0,56.0,12,185.0,4440.0,24.0,234.3333333333333,3.0,185.0,6465.0,240.5,0.0,0.0,0.0,-145.0,-3480.0,0.0,-178.3333333333333,-145.0,-5505.0,-184.5,47.022523148148146,2,185.0,5452.5,237.41666666666663,31.5,185.0,240.5,0.0,0.0,0.0,40.0
2016-10-13 16:31:51,2016-10-13,Leg curl,2,24,3600.0,150.0,150.0,210.0,12,145.0,5220.0,36.0,203.0,3.0,145.0,4540.0,203.0,140.0,4760.0,196.0,5.0,-1620.0,-12.0,7.0,5.0,-940.0,7.0,3.9766666666666666,12,143.33333333333334,4840.0,200.66666666666666,34.0,145.0,203.0,5.0,460.0,7.0,150.0
2016-10-13 16:31:51,2016-10-13,Leg outward fly,3,42,5040.0,120.0,120.0,176.0,14,120.0,4320.0,36.0,168.0,3.0,120.0,6240.0,172.0,120.0,4200.0,168.0,0.0,720.0,6.0,8.0,0.0,-1200.0,4.0,3.9766666666666666,8,120.0,4920.0,169.33333333333334,41.333333333333336,120.0,172.0,0.0,120.0,0.0,120.0
2016-10-13 16:31:51,2016-10-13,Leg press (hinge ),3,30,16800.0,560.0,560.0,746.6666666666666,10,550.0,18150.0,33.0,770.0,3.0,530.0,18840.0,742.0,510.0,12240.0,714.0,10.0,-1350.0,-3.0,-23.33333333333337,30.0,-2040.0,4.666666666666629,3.9766666666666666,20,530.0,16410.0,742.0,31.0,550.0,770.0,40.0,5910.0,56.0,560.0
2016-10-13 16:31:51,2016-10-13,Squat (Barbell),10,49,12960.0,365.0,268.5,425.83333333333337,6,350.0,14285.0,55.0,420.0,11.0,345.0,13370.0,402.5,325.0,12385.0,390.0,15.0,-1325.0,-6.0,5.833333333333371,20.0,-410.0,23.33333333333337,3.9766666666666666,48,340.0,13346.666666666666,404.1666666666667,50.666666666666664,350.0,420.0,25.0,1900.0,30.0,365.0
2016-10-15 18:08:55,2016-10-15,Bicep Curl (Barbell),1,10,1000.0,100.0,100.0,133.33333333333331,10,75.0,1800.0,24.0,105.0,2.0,100.0,3200.0,140.0,100.0,3000.0,133.33333333333331,25.0,-800.0,-14.0,28.333333333333314,0.0,-2200.0,-6.666666666666686,4.0355439814814815,34,91.66666666666667,2666.6666666666665,126.11111111111109,28.666666666666668,100.0,140.0,-25.0,-1200.0,-28.333333333333314,100.0
2016-10-15 18:08:55,2016-10-15,Bicep Curl (Dumbbell),3,36,1800.0,50.0,50.0,70.0,12,40.0,640.0,16.0,61.33333333333333,1.0,50.0,1200.0,70.0,40.0,1080.0,60.0,10.0,1160.0,20.0,8.666666666666671,0.0,600.0,0.0,14.843263888888888,3,43.333333333333336,973.3333333333334,63.77777777777777,22.333333333333332,50.0,70.0,0.0,-440.0,1.3333333333333286,50.0
2016-10-15 18:08:55,2016-10-15,Hammer seated row (CLOSE GRIP),3,30,4500.0,150.0,150.0,200.0,10,145.0,1740.0,12.0,203.0,1.0,160.0,5440.0,224.0,160.0,5760.0,224.0,5.0,2760.0,18.0,-3.0,-10.0,-940.0,-24.0,9.019155092592593,13,155.0,4313.333333333333,217.0,27.333333333333332,160.0,224.0,-15.0,-4020.0,-21.0,150.0
2016-10-15 18:08:55,2016-10-15,Rear delt fly,2,24,3240.0,135.0,135.0,189.0,12,145.0,6525.0,45.0,217.5,3.0,145.0,5220.0,203.0,135.0,3510.0,198.00000000000003,-10.0,-3285.0,-21.0,-28.5,-10.0,-1980.0,-14.0,4.0355439814814815,43,141.66666666666666,5085.0,206.16666666666666,35.666666666666664,145.0,217.5,10.0,3015.0,19.49999999999997,135.0
2016-10-16 16:15:25,2016-10-16,Seated Shoulder Press (Barbell),7,50,8170.0,225.0,166.42857142857142,285.0,10,225.0,9460.0,58.0,285.0,9.0,225.0,10595.0,285.0,225.0,10055.0,285.0,0.0,-1290.0,-8.0,0.0,0.0,-2425.0,0.0,9.071689814814814,35,225.0,10036.666666666666,285.0,58.0,225.0,285.0,0.0,-595.0,0.0,225.0
2016-10-16 16:15:25,2016-10-16,Seated Shoulder Press (Dumbbell),3,36,2880.0,80.0,80.0,112.0,12,100.0,3200.0,32.0,140.0,3.0,60.0,1440.0,84.0,140.0,4370.0,186.66666666666663,-20.0,-320.0,4.0,-28.0,20.0,1440.0,28.0,18.02927083333333,9,100.0,3003.3333333333335,136.88888888888889,31.333333333333332,140.0,186.66666666666663,-40.0,-1170.0,-46.66666666666663,80.0
2016-10-17 16:43:20,2016-10-17,Leg Extension (Machine),3,36,4320.0,125.0,120.0,175.0,12,135.0,4050.0,30.0,202.5,2.0,0.0,0.0,0.0,0.0,0.0,0.0,-10.0,270.0,6.0,-27.5,0.0,0.0,0.0,40.865972222222226,1,135.0,4050.0,202.5,30.0,135.0,202.5,0.0,0.0,0.0,125.0
2016-10-17 16:43:20,2016-10-17,Romanian Deadlift (Barbell),3,30,4350.0,145.0,145.0,193.3333333333333,10,135.0,4050.0,30.0,180.0,3.0,0.0,0.0,0.0,0.0,0.0,0.0,10.0,300.0,0.0,13.333333333333286,0.0,0.0,0.0,4.007974537037037,1,135.0,4050.0,180.0,30.0,135.0,180.0,0.0,0.0,0.0,145.0
2016-10-17 16:43:20,2016-10-17,Squat (Barbell),8,41,11335.0,370.0,280.0,431.6666666666667,6,365.0,12960.0,49.0,425.83333333333337,10.0,350.0,14285.0,420.0,345.0,13370.0,402.5,5.0,-1625.0,-8.0,5.833333333333314,20.0,-2950.0,11.666666666666686,4.007974537037037,49,353.3333333333333,13538.333333333334,416.11111111111114,51.333333333333336,365.0,425.83333333333337,20.0,-410.0,23.33333333333337,370.0
2016-10-19 18:17:58,2016-10-19,Lat Pulldown,3,36,5580.0,155.0,155.0,217.0,12,155.0,5220.0,34.0,217.0,3.0,140.0,1400.0,186.66666666666663,135.0,2700.0,180.0,0.0,360.0,2.0,0.0,15.0,4180.0,30.33333333333337,27.060347222222223,15,143.33333333333334,3106.6666666666665,194.55555555555554,21.333333333333332,155.0,217.0,20.0,2520.0,37.0,155.0
2016-10-19 18:17:58,2016-10-19,Rear delt fly,3,36,5040.0,140.0,140.0,196.0,12,135.0,3240.0,24.0,189.0,2.0,145.0,6525.0,217.5,145.0,5220.0,203.0,5.0,1800.0,12.0,7.0,-5.0,-1485.0,-21.5,4.006284722222222,44,141.66666666666666,4995.0,203.16666666666666,35.0,145.0,217.5,-10.0,-1980.0,-14.0,140.0
2016-10-20 22:11:16,2016-10-20,Incline Bench Press (Barbell),8,50,10700.0,255.0,209.0625,297.66666666666663,8,255.0,10997.5,54.0,297.5,9.0,250.0,10270.0,291.6666666666667,250.0,11627.5,294.5,0.0,-297.5,-4.0,0.16666666666662877,5.0,430.0,5.999999999999943,8.189502314814815,40,251.66666666666666,10965.0,294.5555555555556,53.333333333333336,255.0,297.5,5.0,-630.0,3.0,255.0
2016-10-20 22:11:16,2016-10-20,Incline Press (Dumbbell),2,24,4320.0,180.0,180.0,252.0,12,190.0,5410.0,29.0,253.3333333333333,3.0,180.0,5760.0,246.0,170.0,3400.0,226.66666666666663,-10.0,-1090.0,-5.0,-1.333333333333286,0.0,-1440.0,6.0,8.189502314814815,8,180.0,4856.666666666667,241.99999999999997,27.0,190.0,253.3333333333333,20.0,2010.0,26.666666666666657,180.0
2016-10-21 19:25:08,2016-10-21,Leg outward fly,3,36,4320.0,120.0,120.0,168.0,12,120.0,5040.0,42.0,176.0,3.0,120.0,4320.0,168.0,120.0,6240.0,172.0,0.0,-720.0,-6.0,-8.0,0.0,0.0,0.0,8.120335648148147,9,120.0,5200.0,172.0,43.333333333333336,120.0,176.0,0.0,-1200.0,4.0,120.0
2016-10-21 19:25:08,2016-10-21,Leg press (hinge ),4,48,26520.0,590.0,552.5,826.0,12,560.0,16800.0,30.0,746.6666666666666,3.0,550.0,18150.0,770.0,530.0,18840.0,742.0,30.0,9720.0,18.0,79.33333333333337,40.0,8370.0,56.0,8.120335648148147,21,546.6666666666666,17930.0,752.888888888889,33.0,560.0,770.0,30.0,-2040.0,4.666666666666629,590.0
2016-10-21 19:25:08,2016-10-21,Romanian Deadlift (Barbell),3,30,5550.0,185.0,185.0,246.66666666666663,10,145.0,4350.0,30.0,193.3333333333333,3.0,135.0,4050.0,180.0,0.0,0.0,0.0,40.0,1200.0,0.0,53.33333333333334,50.0,1500.0,66.66666666666663,4.112361111111111,2,140.0,4200.0,186.66666666666663,30.0,145.0,193.3333333333333,0.0,0.0,0.0,185.0
2016-10-21 19:25:08,2016-10-21,Squat (Barbell),8,39,10690.0,375.0,271.875,437.5,6,370.0,11335.0,41.0,431.6666666666667,8.0,365.0,12960.0,425.83333333333337,350.0,14285.0,420.0,5.0,-645.0,-2.0,5.833333333333314,10.0,-2270.0,11.666666666666629,4.112361111111111,50,361.6666666666667,12860.0,425.8333333333333,48.333333333333336,370.0,431.6666666666667,20.0,-2950.0,11.666666666666686,375.0
2016-10-23 13:14:37,2016-10-23,Bicep Curl (Barbell),2,24,2040.0,85.0,85.0,119.0,12,100.0,1000.0,10.0,133.33333333333331,1.0,75.0,1800.0,105.0,100.0,3200.0,140.0,-15.0,1040.0,14.0,-14.333333333333314,10.0,240.0,14.0,7.795625,35,91.66666666666667,2000.0,126.1111111111111,22.0,100.0,140.0,0.0,-2200.0,-6.666666666666686,85.0
2016-10-23 13:14:37,2016-10-23,Hammer seated row (CLOSE GRIP),4,44,7040.0,160.0,160.0,224.0,12,150.0,4500.0,30.0,200.0,3.0,145.0,1740.0,203.0,160.0,5440.0,224.0,10.0,2540.0,14.0,24.0,15.0,5300.0,21.0,7.795625,14,151.66666666666666,3893.3333333333335,209.0,25.333333333333332,160.0,224.0,-10.0,-940.0,-24.0,160.0
2016-10-23 13:14:37,2016-10-23,Lat Pulldown,3,27,4680.0,185.0,173.33333333333334,240.5,9,155.0,5580.0,36.0,217.0,3.0,155.0,5220.0,217.0,140.0,1400.0,186.66666666666663,30.0,-900.0,-9.0,23.5,30.0,-540.0,23.5,3.789340277777778,16,150.0,4066.6666666666665,206.88888888888889,26.666666666666668,155.0,217.0,15.0,4180.0,30.33333333333337,185.0
2016-10-23 13:14:37,2016-10-23,Rear delt fly,3,36,5040.0,140.0,140.0,196.0,12,140.0,5040.0,36.0,196.0,3.0,135.0,3240.0,189.0,145.0,6525.0,217.5,0.0,0.0,0.0,0.0,5.0,1800.0,7.0,3.789340277777778,45,140.0,4935.0,200.83333333333334,35.0,145.0,217.5,-5.0,-1485.0,-21.5,140.0
2016-10-24 14:07:25,2016-10-24,Incline Bench Press (Barbell),8,50,10737.5,257.5,209.0625,308.75,9,255.0,10700.0,50.0,297.66666666666663,8.0,255.0,10997.5,297.5,250.0,10270.0,291.6666666666667,2.5,37.5,0.0,11.083333333333371,2.5,-260.0,11.25,3.6639930555555558,41,253.33333333333334,10655.833333333334,295.61111111111114,51.0,255.0,297.66666666666663,5.0,430.0,5.999999999999943,257.5
2016-10-24 14:07:25,2016-10-24,Incline Press (Dumbbell),2,20,3800.0,190.0,190.0,253.3333333333333,10,180.0,4320.0,24.0,252.0,2.0,190.0,5410.0,253.3333333333333,180.0,5760.0,246.0,10.0,-520.0,-4.0,1.333333333333286,0.0,-1610.0,0.0,3.6639930555555558,9,183.33333333333334,5163.333333333333,250.44444444444443,28.333333333333332,190.0,253.3333333333333,0.0,-1440.0,6.0,190.0
2016-10-24 14:07:25,2016-10-24,Overhead Press (Barbell),2,20,2600.0,130.0,130.0,173.33333333333331,10,40.0,960.0,24.0,56.0,2.0,185.0,4440.0,234.3333333333333,185.0,6465.0,240.5,90.0,1640.0,-4.0,117.33333333333331,-55.0,-1840.0,-60.99999999999997,11.85349537037037,3,136.66666666666666,3955.0,176.94444444444443,29.0,185.0,240.5,-145.0,-5505.0,-184.5,130.0
2016-10-26 18:05:53,2016-10-26,Leg press (hinge ),3,30,18300.0,610.0,610.0,813.3333333333333,10,590.0,26520.0,48.0,826.0,4.0,560.0,16800.0,746.6666666666666,550.0,18150.0,770.0,20.0,-8220.0,-18.0,-12.666666666666742,50.0,1500.0,66.66666666666663,4.9449652777777775,22,566.6666666666666,20490.0,780.888888888889,37.0,590.0,826.0,40.0,8370.0,56.0,610.0
2016-10-26 18:05:53,2016-10-26,Romanian Deadlift (Barbell),4,25,5235.0,215.0,210.0,259.66666666666663,8,185.0,5550.0,30.0,246.66666666666663,3.0,145.0,4350.0,193.3333333333333,135.0,4050.0,180.0,30.0,-315.0,-5.0,13.0,70.0,885.0,66.33333333333334,4.9449652777777775,3,155.0,4650.0,206.66666666666663,30.0,185.0,246.66666666666663,50.0,1500.0,66.66666666666663,215.0
2016-10-26 18:05:53,2016-10-26,Squat (Barbell),11,49,14470.0,385.0,297.72727272727275,449.1666666666667,6,375.0,10690.0,39.0,437.5,8.0,370.0,11335.0,431.6666666666667,365.0,12960.0,425.83333333333337,10.0,3780.0,10.0,11.666666666666686,15.0,3135.0,17.5,4.9449652777777775,51,370.0,11661.666666666666,431.6666666666667,43.0,375.0,437.5,10.0,-2270.0,11.666666666666629,385.0
2016-10-27 20:33:09,2016-10-27,Bicep Curl (Barbell),2,16,1680.0,105.0,105.0,133.0,8,85.0,2040.0,24.0,119.0,2.0,100.0,1000.0,133.33333333333331,75.0,1800.0,105.0,20.0,-360.0,-8.0,14.0,5.0,680.0,-0.3333333333333144,4.304537037037037,36,86.66666666666667,1613.3333333333333,119.1111111111111,19.333333333333332,100.0,133.33333333333331,10.0,240.0,14.0,105.0
2016-10-27 20:33:09,2016-10-27,Lat Pulldown,2,18,3060.0,170.0,170.0,226.66666666666663,10,185.0,4680.0,27.0,240.5,3.0,155.0,5580.0,217.0,155.0,5220.0,217.0,-15.0,-1620.0,-9.0,-13.833333333333371,15.0,-2520.0,9.666666666666629,4.304537037037037,17,165.0,5160.0,224.83333333333334,32.333333333333336,185.0,240.5,30.0,-540.0,23.5,170.0
2016-10-27 20:33:09,2016-10-27,Seated Cable Row (close Grip),5,50,10100.0,205.0,202.0,273.3333333333333,10,190.0,7790.0,41.0,259.6666666666667,4.0,190.0,5550.0,253.3333333333333,175.0,2800.0,221.66666666666663,15.0,2310.0,9.0,13.666666666666629,15.0,4550.0,20.00000000000003,16.13570601851852,32,185.0,5380.0,244.88888888888889,29.0,190.0,259.6666666666667,15.0,4990.0,38.00000000000006,205.0
2016-10-28 20:25:53,2016-10-28,Seated Shoulder Press (Barbell),8,45,8255.0,230.0,188.75,276.0,8,225.0,8170.0,50.0,285.0,7.0,225.0,9460.0,285.0,225.0,10595.0,285.0,5.0,85.0,-5.0,-9.0,5.0,-1205.0,-9.0,12.173935185185185,36,225.0,9408.333333333334,285.0,55.666666666666664,225.0,285.0,0.0,-2425.0,0.0,230.0
2016-10-28 20:25:53,2016-10-28,Shoulder Press (Standing),2,20,1100.0,65.0,55.0,86.66666666666666,10,105.0,3185.0,37.0,136.5,4.0,80.0,1280.0,101.33333333333331,95.0,1610.0,120.33333333333331,-40.0,-2085.0,-17.0,-49.83333333333334,-15.0,-180.0,-14.666666666666657,21.245625,7,93.33333333333333,2025.0,119.38888888888887,23.666666666666668,105.0,136.5,10.0,1575.0,16.166666666666686,65.0
2016-10-30 17:36:16,2016-10-30,Leg Extension (Machine),2,20,3100.0,155.0,155.0,206.66666666666663,10,125.0,4320.0,36.0,175.0,3.0,135.0,4050.0,202.5,0.0,0.0,0.0,30.0,-1220.0,-16.0,31.66666666666663,20.0,-950.0,4.166666666666629,13.03675925925926,2,130.0,4185.0,188.75,33.0,135.0,202.5,0.0,0.0,0.0,155.0
2016-10-30 17:36:16,2016-10-30,Leg outward fly,4,44,5240.0,130.0,120.0,173.33333333333331,12,120.0,4320.0,36.0,168.0,3.0,120.0,5040.0,176.0,120.0,4320.0,168.0,10.0,920.0,8.0,5.333333333333314,10.0,200.0,-2.6666666666666856,8.924398148148148,10,120.0,4560.0,170.66666666666666,38.0,120.0,176.0,0.0,0.0,0.0,130.0
2016-10-30 17:36:16,2016-10-30,Leg press (hinge ),3,32,19080.0,630.0,600.0,840.0,12,610.0,18300.0,30.0,813.3333333333333,3.0,590.0,26520.0,826.0,560.0,16800.0,746.6666666666666,20.0,780.0,2.0,26.666666666666742,40.0,-7440.0,14.0,3.9794328703703705,23,586.6666666666666,20540.0,795.3333333333334,36.0,610.0,826.0,50.0,1500.0,66.66666666666663,630.0
2016-10-30 17:36:16,2016-10-30,Romanian Deadlift (Barbell),4,29,6505.0,240.0,225.0,296.0,8,215.0,5235.0,25.0,259.66666666666663,4.0,185.0,5550.0,246.66666666666663,145.0,4350.0,193.3333333333333,25.0,1270.0,4.0,36.33333333333337,55.0,955.0,49.33333333333337,3.9794328703703705,4,181.66666666666666,5045.0,233.22222222222217,28.333333333333332,215.0,259.66666666666663,70.0,885.0,66.33333333333334,240.0
2016-10-30 17:36:16,2016-10-30,Squat (Barbell),8,41,12340.0,365.0,299.375,438.0,6,385.0,14470.0,49.0,449.1666666666667,11.0,375.0,10690.0,437.5,370.0,11335.0,431.6666666666667,-20.0,-2130.0,-8.0,-11.166666666666686,-10.0,1650.0,0.5,3.9794328703703705,52,376.6666666666667,12165.0,439.4444444444444,43.0,385.0,449.1666666666667,15.0,3135.0,17.5,365.0
2016-10-31 18:42:22,2016-10-31,Bicep Curl (Dumbbell),2,20,1000.0,50.0,50.0,66.66666666666666,10,50.0,1800.0,36.0,70.0,3.0,40.0,640.0,61.33333333333333,50.0,1200.0,70.0,0.0,-800.0,-16.0,-3.333333333333343,10.0,360.0,5.333333333333329,16.023229166666667,4,46.666666666666664,1213.3333333333333,67.1111111111111,25.333333333333332,50.0,70.0,0.0,600.0,0.0,50.0
2016-10-31 18:42:22,2016-10-31,Hammer seated row (CLOSE GRIP),4,42,6980.0,170.0,166.25,231.0,12,160.0,7040.0,44.0,224.0,4.0,150.0,4500.0,200.0,145.0,1740.0,203.0,10.0,-60.0,-2.0,7.0,20.0,2480.0,31.0,8.227604166666667,15,151.66666666666666,4426.666666666667,209.0,28.666666666666668,160.0,224.0,15.0,5300.0,21.0,170.0
2016-10-31 18:42:22,2016-10-31,Lat Pulldown,6,60,11150.0,195.0,185.83333333333334,260.0,10,170.0,3060.0,18.0,226.66666666666663,2.0,185.0,4680.0,240.5,155.0,5580.0,217.0,25.0,8090.0,42.0,33.33333333333337,10.0,6470.0,19.5,3.92306712962963,18,170.0,4440.0,228.05555555555554,27.0,185.0,240.5,15.0,-2520.0,9.666666666666629,195.0
2016-10-31 18:42:22,2016-10-31,Rear delt fly,3,36,5040.0,140.0,140.0,196.0,12,140.0,5040.0,36.0,196.0,3.0,140.0,5040.0,196.0,135.0,3240.0,189.0,0.0,0.0,0.0,0.0,0.0,0.0,0.0,8.227604166666667,46,138.33333333333334,4440.0,193.66666666666666,32.0,140.0,196.0,5.0,1800.0,7.0,140.0
2016-11-01 18:21:54,2016-11-01,Incline Bench Press (Barbell),7,42,9490.0,260.0,222.85714285714286,304.0,8,257.5,10737.5,50.0,308.75,8.0,255.0,10700.0,297.66666666666663,255.0,10997.5,297.5,2.5,-1247.5,-8.0,-4.75,5.0,-1210.0,6.333333333333371,8.176724537037037,42,255.83333333333334,10811.666666666666,301.30555555555554,51.333333333333336,257.5,308.75,2.5,-260.0,11.25,260.0
2016-11-01 18:21:54,2016-11-01,Incline Press (Dumbbell),3,30,5500.0,190.0,183.33333333333334,253.3333333333333,10,190.0,3800.0,20.0,253.3333333333333,2.0,180.0,4320.0,252.0,190.0,5410.0,253.3333333333333,0.0,1700.0,10.0,0.0,10.0,1180.0,1.333333333333286,8.176724537037037,10,186.66666666666666,4510.0,252.88888888888883,24.333333333333332,190.0,253.3333333333333,0.0,-1610.0,0.0,190.0
2016-11-01 18:21:54,2016-11-01,Shoulder Press (Standing),2,16,1520.0,95.0,95.0,120.33333333333331,8,65.0,1100.0,20.0,86.66666666666666,2.0,105.0,3185.0,136.5,80.0,1280.0,101.33333333333331,30.0,420.0,-4.0,33.66666666666666,-10.0,-1665.0,-16.166666666666686,3.913900462962963,8,83.33333333333333,1855.0,108.16666666666667,24.333333333333332,105.0,136.5,-15.0,-180.0,-14.666666666666657,95.0
2016-11-04 18:41:56,2016-11-04,Squat (Barbell),7,33,8720.0,390.0,271.42857142857144,429.00000000000006,5,365.0,12340.0,41.0,438.0,8.0,385.0,14470.0,449.1666666666667,375.0,10690.0,437.5,25.0,-3620.0,-8.0,-8.999999999999943,5.0,-5750.0,-20.16666666666663,5.045601851851852,53,375.0,12500.0,441.5555555555556,43.0,385.0,449.1666666666667,-10.0,1650.0,0.5,390.0
2016-11-05 15:04:23,2016-11-05,Seated Shoulder Press (Barbell),8,45,7970.0,235.0,174.6875,282.0,6,230.0,8255.0,45.0,276.0,8.0,225.0,8170.0,285.0,225.0,9460.0,285.0,5.0,-285.0,0.0,6.0,10.0,-200.0,-3.0,7.776736111111111,37,226.66666666666666,8628.333333333334,282.0,51.0,230.0,285.0,5.0,-1205.0,-9.0,235.0
2016-11-05 15:04:23,2016-11-05,Shoulder Press (Standing),2,20,1600.0,80.0,80.0,106.66666666666666,10,95.0,1520.0,16.0,120.33333333333331,2.0,65.0,1100.0,86.66666666666666,105.0,3185.0,136.5,-15.0,80.0,4.0,-13.666666666666657,15.0,500.0,20.0,3.862835648148148,9,88.33333333333333,1935.0,114.5,24.333333333333332,105.0,136.5,-10.0,-1665.0,-16.166666666666686,80.0
2016-11-06 14:07:16,2016-11-06,Rear delt fly,3,30,4350.0,145.0,145.0,193.3333333333333,10,140.0,5040.0,36.0,196.0,3.0,140.0,5040.0,196.0,140.0,5040.0,196.0,5.0,-690.0,-6.0,-2.666666666666714,5.0,-690.0,-2.666666666666714,5.808958333333333,47,140.0,5040.0,196.0,36.0,140.0,196.0,0.0,0.0,0.0,145.0
2016-11-06 14:07:16,2016-11-06,Seated Cable Row (close Grip),5,50,8300.0,205.0,166.0,273.3333333333333,10,205.0,10100.0,50.0,273.3333333333333,5.0,190.0,7790.0,259.6666666666667,190.0,5550.0,253.3333333333333,0.0,-1800.0,0.0,0.0,15.0,510.0,13.666666666666629,9.732025462962962,33,195.0,7813.333333333333,262.1111111111111,40.333333333333336,205.0,273.3333333333333,15.0,4550.0,20.00000000000003,205.0
2016-11-07 17:28:02,2016-11-07,Leg Extension (Machine),2,20,3100.0,155.0,155.0,206.66666666666663,10,155.0,3100.0,20.0,206.66666666666663,2.0,125.0,4320.0,175.0,135.0,4050.0,202.5,0.0,0.0,0.0,0.0,30.0,-1220.0,31.66666666666663,7.9942824074074075,3,138.33333333333334,3823.3333333333335,194.7222222222222,28.666666666666668,155.0,206.66666666666663,20.0,-950.0,4.166666666666629,155.0
2016-11-07 17:28:02,2016-11-07,Leg press (hinge ),3,30,18900.0,630.0,630.0,840.0,10,630.0,19080.0,32.0,840.0,3.0,610.0,18300.0,813.3333333333333,590.0,26520.0,826.0,0.0,-180.0,-2.0,0.0,20.0,600.0,26.666666666666742,7.9942824074074075,24,610.0,21300.0,826.4444444444443,36.666666666666664,630.0,840.0,40.0,-7440.0,14.0,630.0
2016-11-07 17:28:02,2016-11-07,Romanian Deadlift (Barbell),4,26,6235.0,250.0,241.25,310.3333333333333,8,240.0,6505.0,29.0,296.0,4.0,215.0,5235.0,259.66666666666663,185.0,5550.0,246.66666666666663,10.0,-270.0,-3.0,14.333333333333314,35.0,1000.0,50.666666666666686,7.9942824074074075,5,213.33333333333334,5763.333333333333,267.4444444444444,28.0,240.0,296.0,55.0,955.0,49.33333333333337,250.0
2016-11-07 17:28:02,2016-11-07,Squat (Barbell),8,40,11100.0,365.0,277.5,425.83333333333337,5,390.0,8720.0,33.0,429.00000000000006,7.0,365.0,12340.0,438.0,385.0,14470.0,449.1666666666667,-25.0,2380.0,7.0,-3.1666666666666856,0.0,-1240.0,-12.166666666666629,2.9486805555555557,54,380.0,11843.333333333334,438.72222222222223,41.0,390.0,449.1666666666667,5.0,-5750.0,-20.16666666666663,365.0
2016-11-09 16:51:30,2016-11-09,Incline Bench Press (Barbell),8,43,9785.0,262.5,224.375,315.0,8,260.0,9490.0,42.0,304.0,7.0,257.5,10737.5,308.75,255.0,10700.0,297.66666666666663,2.5,295.0,1.0,11.0,5.0,-952.5,6.25,7.937222222222222,43,257.5,10309.166666666666,303.47222222222223,47.333333333333336,260.0,308.75,5.0,-1210.0,6.333333333333371,262.5
2016-11-09 16:51:30,2016-11-09,Incline Press (Dumbbell),3,24,4560.0,190.0,190.0,240.66666666666663,8,190.0,5500.0,30.0,253.3333333333333,3.0,190.0,3800.0,253.3333333333333,180.0,4320.0,252.0,0.0,-940.0,-6.0,-12.666666666666657,0.0,760.0,-12.666666666666657,7.937222222222222,11,186.66666666666666,4540.0,252.88888888888889,24.666666666666668,190.0,253.3333333333333,10.0,1180.0,1.333333333333286,190.0
2016-11-11 18:50:03,2016-11-11,Bicep Curl (Barbell),4,40,3400.0,85.0,85.0,113.33333333333331,10,105.0,1680.0,16.0,133.0,2.0,85.0,2040.0,119.0,100.0,1000.0,133.33333333333331,-20.0,1720.0,24.0,-19.666666666666686,0.0,1360.0,-5.666666666666686,14.928402777777778,37,96.66666666666667,1573.3333333333333,128.44444444444443,16.666666666666668,105.0,133.33333333333331,5.0,680.0,-0.3333333333333144,85.0
2016-11-11 18:50:03,2016-11-11,Lat Pulldown,2,22,4110.0,195.0,187.5,260.0,12,195.0,11150.0,60.0,260.0,6.0,170.0,3060.0,226.66666666666663,185.0,4680.0,240.5,0.0,-7040.0,-38.0,0.0,25.0,1050.0,33.33333333333337,11.005335648148149,19,183.33333333333334,6296.666666666667,242.38888888888889,35.0,195.0,260.0,10.0,6470.0,19.5,195.0
2016-11-11 18:50:03,2016-11-11,Rear delt fly,3,45,6300.0,140.0,140.0,210.0,15,145.0,4350.0,30.0,193.3333333333333,3.0,140.0,5040.0,196.0,140.0,5040.0,196.0,-5.0,1950.0,15.0,16.666666666666714,0.0,1260.0,14.0,5.196377314814815,48,141.66666666666666,4810.0,195.1111111111111,34.0,145.0,196.0,5.0,-690.0,-2.666666666666714,140.0
2016-11-11 18:50:03,2016-11-11,Seated Cable Row (close Grip),5,50,9350.0,205.0,187.0,273.3333333333333,10,205.0,8300.0,50.0,273.3333333333333,5.0,205.0,10100.0,273.3333333333333,190.0,7790.0,259.6666666666667,0.0,1050.0,0.0,0.0,0.0,-750.0,0.0,5.196377314814815,34,200.0,8730.0,268.77777777777777,47.0,205.0,273.3333333333333,15.0,510.0,13.666666666666629,205.0
2016-11-12 12:29:26,2016-11-12,Leg press (hinge ),2,30,10800.0,360.0,360.0,540.0,15,630.0,18900.0,30.0,840.0,3.0,630.0,19080.0,840.0,610.0,18300.0,813.3333333333333,-270.0,-8100.0,0.0,-300.0,-270.0,-8280.0,-300.0,4.792638888888889,25,623.3333333333334,18760.0,831.111111111111,30.666666666666668,630.0,840.0,20.0,600.0,26.666666666666742,360.0
2016-11-12 12:29:26,2016-11-12,Romanian Deadlift (Barbell),4,24,6060.0,255.0,252.5,306.0,6,250.0,6235.0,26.0,310.3333333333333,4.0,240.0,6505.0,296.0,215.0,5235.0,259.66666666666663,5.0,-175.0,-2.0,-4.333333333333314,15.0,-445.0,10.0,4.792638888888889,6,235.0,5991.666666666667,288.6666666666667,26.666666666666668,250.0,310.3333333333333,35.0,1000.0,50.666666666666686,255.0
2016-11-12 12:29:26,2016-11-12,Squat (Barbell),8,42,11250.0,335.0,265.0,402.0,6,365.0,11100.0,40.0,425.83333333333337,8.0,390.0,8720.0,429.00000000000006,365.0,12340.0,438.0,-30.0,150.0,2.0,-23.83333333333337,-55.0,2530.0,-27.000000000000057,4.792638888888889,55,373.3333333333333,10720.0,430.9444444444445,38.0,390.0,438.0,0.0,-1240.0,-12.166666666666629,335.0
2016-11-13 16:30:45,2016-11-13,Lateral Raise (Dumbbells),2,20,800.0,40.0,40.0,53.33333333333333,10,30.0,810.0,27.0,45.0,2.0,24.0,864.0,38.400000000000006,40.0,1200.0,60.0,10.0,-10.0,-7.0,8.333333333333329,16.0,-64.0,14.933333333333323,46.039918981481485,22,31.333333333333332,958.0,47.800000000000004,31.0,40.0,60.0,-10.0,-390.0,-15.0,40.0
2016-11-13 16:30:45,2016-11-13,Seated Shoulder Press (Barbell),9,50,9080.0,235.0,180.55555555555554,282.0,6,235.0,7970.0,45.0,282.0,8.0,230.0,8255.0,276.0,225.0,8170.0,285.0,0.0,1110.0,5.0,0.0,5.0,825.0,6.0,8.059976851851852,38,230.0,8131.666666666667,281.0,46.666666666666664,235.0,285.0,10.0,-200.0,-3.0,235.0
2016-11-13 16:30:45,2016-11-13,Shoulder Press (Standing),3,20,1850.0,105.0,93.33333333333333,126.0,8,80.0,1600.0,20.0,106.66666666666666,2.0,95.0,1520.0,120.33333333333331,65.0,1100.0,86.66666666666666,25.0,250.0,0.0,19.333333333333343,10.0,330.0,5.666666666666686,8.059976851851852,10,80.0,1406.6666666666667,104.55555555555554,18.666666666666668,95.0,120.33333333333331,15.0,500.0,20.0,105.0
2016-11-13 16:30:45,2016-11-13,Tricep pushdown,3,30,2100.0,70.0,70.0,93.33333333333331,10,60.0,2700.0,45.0,90.0,3.0,65.0,3120.0,91.0,120.0,4800.0,180.0,10.0,-600.0,-15.0,3.3333333333333144,5.0,-1020.0,2.3333333333333144,71.24612268518518,6,81.66666666666667,3540.0,120.33333333333333,45.0,120.0,180.0,-60.0,-2100.0,-90.0,70.0
2016-11-15 17:17:46,2016-11-15,Bicep Curl (Barbell),3,33,3135.0,95.0,95.0,133.0,12,85.0,3400.0,40.0,113.33333333333331,4.0,105.0,1680.0,133.0,85.0,2040.0,119.0,10.0,-265.0,-7.0,19.666666666666686,-10.0,1455.0,0.0,3.935914351851852,38,91.66666666666667,2373.3333333333335,121.77777777777777,26.666666666666668,105.0,133.0,0.0,1360.0,-5.666666666666686,95.0
2016-11-15 17:17:46,2016-11-15,Pull Up,5,45,945.0,45.0,23.0,55.5,10,0.0,0.0,10.0,0.0,1.0,35.0,315.0,45.5,0.0,0.0,0.0,45.0,945.0,35.0,55.5,10.0,630.0,10.0,50.00332175925926,10,11.666666666666666,105.0,15.166666666666666,8.666666666666666,35.0,45.5,0.0,0.0,0.0,45.0
2016-11-15 17:17:46,2016-11-15,Rear delt fly,3,45,6525.0,145.0,145.0,217.5,15,140.0,6300.0,45.0,210.0,3.0,145.0,4350.0,193.3333333333333,140.0,5040.0,196.0,5.0,225.0,0.0,7.5,0.0,2175.0,24.166666666666714,3.935914351851852,49,141.66666666666666,5230.0,199.77777777777774,37.0,145.0,210.0,0.0,1260.0,14.0,145.0
2016-11-15 17:17:46,2016-11-15,Seated Cable Row (close Grip),3,30,5350.0,205.0,178.33333333333334,273.3333333333333,10,205.0,9350.0,50.0,273.3333333333333,5.0,205.0,8300.0,273.3333333333333,205.0,10100.0,273.3333333333333,0.0,-4000.0,-20.0,0.0,0.0,-2950.0,0.0,3.935914351851852,35,205.0,9250.0,273.3333333333333,50.0,205.0,273.3333333333333,0.0,-750.0,0.0,205.0
2016-11-16 15:43:06,2016-11-16,Front Squat (Barbell),6,29,5450.0,225.0,189.16666666666666,262.5,5,175.0,2460.0,16.0,204.16666666666669,3.0,0.0,0.0,0.0,0.0,0.0,0.0,50.0,2990.0,13.0,58.333333333333314,0.0,0.0,0.0,75.45274305555556,1,175.0,2460.0,204.16666666666669,16.0,175.0,204.16666666666669,0.0,0.0,0.0,225.0
2016-11-16 15:43:06,2016-11-16,Leg curl,2,20,2700.0,140.0,135.0,186.66666666666663,10,150.0,3600.0,24.0,210.0,2.0,145.0,5220.0,203.0,145.0,4540.0,203.0,-10.0,-900.0,-4.0,-23.33333333333337,-5.0,-2520.0,-16.33333333333337,33.966145833333336,13,146.66666666666666,4453.333333333333,205.33333333333334,30.666666666666668,150.0,210.0,5.0,-940.0,7.0,140.0
2016-11-16 15:43:06,2016-11-16,Squat (Barbell),9,53,13845.0,345.0,250.55555555555554,424.3333333333333,8,335.0,11250.0,42.0,402.0,8.0,365.0,11100.0,425.83333333333337,390.0,8720.0,429.00000000000006,10.0,2595.0,11.0,22.333333333333314,-20.0,2745.0,-1.5000000000000568,4.13449074074074,56,363.3333333333333,10356.666666666666,418.9444444444445,38.333333333333336,390.0,429.00000000000006,-55.0,2530.0,-27.000000000000057,345.0
2016-11-18 15:18:43,2016-11-18,Incline Bench Press (Barbell),8,46,9992.5,257.5,213.4375,307.16666666666663,8,262.5,9785.0,43.0,315.0,8.0,260.0,9490.0,304.0,257.5,10737.5,308.75,-5.0,207.5,3.0,-7.833333333333371,-2.5,502.5,3.1666666666666288,8.93556712962963,44,260.0,10004.166666666666,309.25,45.0,262.5,315.0,5.0,-952.5,6.25,257.5
2016-11-18 15:18:43,2016-11-18,Incline Press (Dumbbell),3,30,5700.0,190.0,190.0,253.3333333333333,10,190.0,4560.0,24.0,240.66666666666663,3.0,190.0,5500.0,253.3333333333333,190.0,3800.0,253.3333333333333,0.0,1140.0,6.0,12.666666666666657,0.0,200.0,0.0,8.93556712962963,12,190.0,4620.0,249.1111111111111,24.666666666666668,190.0,253.3333333333333,0.0,760.0,-12.666666666666657,190.0
2016-11-18 15:18:43,2016-11-18,Shoulder Press (Standing),2,14,750.0,65.0,55.0,78.0,8,105.0,1850.0,20.0,126.0,3.0,80.0,1600.0,106.66666666666666,95.0,1520.0,120.33333333333331,-40.0,-1100.0,-6.0,-48.0,-15.0,-850.0,-28.666666666666657,4.949976851851852,11,93.33333333333333,1656.6666666666667,117.66666666666667,18.666666666666668,105.0,126.0,10.0,330.0,5.666666666666686,65.0
2016-11-19 11:55:36,2016-11-19,Bent Over Row (Dumbbell),3,30,3000.0,100.0,100.0,133.33333333333331,10,160.0,4800.0,30.0,213.3333333333333,3.0,190.0,5700.0,253.3333333333333,85.0,3060.0,119.0,-60.0,-1800.0,0.0,-79.99999999999997,-90.0,-2700.0,-119.99999999999997,49.584016203703705,5,145.0,4520.0,195.22222222222217,32.0,190.0,253.3333333333333,75.0,1740.0,94.33333333333329,100.0
2016-11-19 11:55:36,2016-11-19,Bicep Curl (Barbell),3,30,2925.0,97.5,97.5,130.0,10,95.0,3135.0,33.0,133.0,3.0,85.0,3400.0,113.33333333333331,105.0,1680.0,133.0,2.5,-210.0,-3.0,-3.0,12.5,-475.0,16.666666666666686,3.776273148148148,39,95.0,2738.3333333333335,126.44444444444444,29.666666666666668,105.0,133.0,-10.0,1455.0,0.0,97.5
2016-11-19 11:55:36,2016-11-19,Lat Pulldown,2,20,2850.0,150.0,142.5,200.0,10,195.0,4110.0,22.0,260.0,2.0,195.0,11150.0,260.0,170.0,3060.0,226.66666666666663,-45.0,-1260.0,-2.0,-60.0,-45.0,-8300.0,-60.0,7.7121875,20,186.66666666666666,6106.666666666667,248.88888888888889,33.333333333333336,195.0,260.0,25.0,1050.0,33.33333333333337,150.0
2016-11-19 11:55:36,2016-11-19,Rear delt fly,3,45,6075.0,135.0,135.0,202.5,15,145.0,6525.0,45.0,217.5,3.0,140.0,6300.0,210.0,145.0,4350.0,193.3333333333333,-10.0,-450.0,0.0,-15.0,-5.0,-225.0,-7.5,3.776273148148148,50,143.33333333333334,5725.0,206.94444444444443,40.0,145.0,217.5,0.0,2175.0,24.166666666666714,135.0
2016-11-21 19:04:22,2016-11-21,Deadlift (Barbell),1,5,1275.0,255.0,255.0,297.5,5,350.0,6790.0,22.0,408.33333333333337,5.0,325.0,7375.0,379.1666666666667,315.0,6190.0,378.0,-95.0,-5515.0,-17.0,-110.83333333333337,-70.0,-6100.0,-81.66666666666669,68.15480324074075,9,330.0,6785.0,388.5,23.0,350.0,408.33333333333337,35.0,600.0,30.33333333333337,255.0
2016-11-21 19:04:22,2016-11-21,Front Squat (Barbell),2,10,1450.0,155.0,145.0,180.83333333333331,5,225.0,5450.0,29.0,262.5,6.0,175.0,2460.0,204.16666666666669,0.0,0.0,0.0,-70.0,-4000.0,-19.0,-81.66666666666669,-20.0,-1010.0,-23.33333333333337,5.139768518518519,2,200.0,3955.0,233.33333333333334,22.5,225.0,262.5,0.0,0.0,0.0,155.0
2016-11-21 19:04:22,2016-11-21,Leg press (hinge ),1,10,2700.0,270.0,270.0,360.0,10,360.0,10800.0,30.0,540.0,2.0,630.0,18900.0,840.0,630.0,19080.0,840.0,-90.0,-8100.0,-20.0,-180.0,-360.0,-16200.0,-480.0,9.27425925925926,26,540.0,16260.0,740.0,30.666666666666668,630.0,840.0,-270.0,-8280.0,-300.0,270.0
2016-11-21 19:04:22,2016-11-21,Romanian Deadlift (Barbell),5,27,6385.0,255.0,239.0,297.5,7,255.0,6060.0,24.0,306.0,4.0,250.0,6235.0,310.3333333333333,240.0,6505.0,296.0,0.0,325.0,3.0,-8.5,5.0,150.0,-12.833333333333314,9.27425925925926,7,248.33333333333334,6266.666666666667,304.1111111111111,26.333333333333332,255.0,310.3333333333333,15.0,-445.0,10.0,255.0
2016-11-21 19:04:22,2016-11-21,Squat (Barbell),11,54,15180.0,375.0,282.27272727272725,437.5,6,345.0,13845.0,53.0,424.3333333333333,9.0,335.0,11250.0,402.0,365.0,11100.0,425.83333333333337,30.0,1335.0,1.0,13.166666666666686,40.0,3930.0,35.5,5.139768518518519,57,348.3333333333333,12065.0,417.3888888888889,45.0,365.0,425.83333333333337,-20.0,2745.0,-1.5000000000000568,375.0
2016-11-22 20:18:19,2016-11-22,Lateral Raise (Dumbbells),2,30,900.0,30.0,30.0,45.0,15,40.0,800.0,20.0,53.33333333333333,2.0,30.0,810.0,45.0,24.0,864.0,38.400000000000006,-10.0,100.0,10.0,-8.333333333333329,0.0,90.0,0.0,9.158032407407408,23,31.333333333333332,824.6666666666666,45.57777777777778,27.666666666666668,40.0,53.33333333333333,16.0,-64.0,14.933333333333323,30.0
2016-11-22 20:18:19,2016-11-22,Seated Shoulder Press (Barbell),9,49,8590.0,237.5,174.72222222222223,285.0,6,235.0,9080.0,50.0,282.0,9.0,235.0,7970.0,282.0,230.0,8255.0,276.0,2.5,-490.0,-1.0,3.0,2.5,620.0,3.0,9.158032407407408,39,233.33333333333334,8435.0,280.0,46.666666666666664,235.0,282.0,5.0,825.0,6.0,237.5
2016-11-22 20:18:19,2016-11-22,Seated Shoulder Press (Dumbbell),1,10,800.0,80.0,80.0,106.66666666666666,10,80.0,2880.0,36.0,112.0,3.0,100.0,3200.0,140.0,60.0,1440.0,84.0,0.0,-2080.0,-26.0,-5.333333333333343,-20.0,-2400.0,-33.33333333333334,37.168680555555554,10,80.0,2506.6666666666665,112.0,30.666666666666668,100.0,140.0,20.0,1440.0,28.0,80.0
2016-11-23 17:08:52,2016-11-23,Bent Over Row (Dumbbell),4,40,4000.0,100.0,100.0,133.33333333333331,10,100.0,3000.0,30.0,133.33333333333331,3.0,160.0,4800.0,213.3333333333333,190.0,5700.0,253.3333333333333,0.0,1000.0,10.0,0.0,-60.0,-800.0,-79.99999999999997,4.217546296296296,6,150.0,4500.0,199.99999999999997,30.0,190.0,253.3333333333333,-90.0,-2700.0,-119.99999999999997,100.0
2016-11-23 17:08:52,2016-11-23,Bicep Curl (Barbell),4,40,3760.0,100.0,95.0,133.33333333333331,12,97.5,2925.0,30.0,130.0,3.0,95.0,3135.0,133.0,85.0,3400.0,113.33333333333331,2.5,835.0,10.0,3.3333333333333144,5.0,625.0,0.3333333333333144,4.217546296296296,40,92.5,3153.3333333333335,125.44444444444444,34.333333333333336,97.5,133.0,12.5,-475.0,16.666666666666686,100.0
2016-11-23 17:08:52,2016-11-23,Pull Up,2,20,500.0,25.0,25.0,33.33333333333333,10,45.0,945.0,45.0,55.5,5.0,0.0,0.0,0.0,35.0,315.0,45.5,-20.0,-445.0,-25.0,-22.16666666666667,25.0,500.0,33.33333333333333,7.993819444444444,11,26.666666666666668,420.0,33.666666666666664,21.333333333333332,45.0,55.5,10.0,630.0,10.0,25.0
2016-11-23 17:08:52,2016-11-23,Rear delt fly,3,36,4860.0,135.0,135.0,189.0,12,135.0,6075.0,45.0,202.5,3.0,145.0,6525.0,217.5,140.0,6300.0,210.0,0.0,-1215.0,-9.0,-13.5,-10.0,-1665.0,-28.5,4.217546296296296,51,140.0,6300.0,210.0,45.0,145.0,217.5,-5.0,-225.0,-7.5,135.0
2016-11-25 21:50:31,2016-11-25,Leg press (hinge ),3,30,9900.0,360.0,330.0,480.0,10,270.0,2700.0,10.0,360.0,1.0,360.0,10800.0,540.0,630.0,18900.0,840.0,90.0,7200.0,20.0,120.0,0.0,-900.0,-60.0,4.115381944444445,27,420.0,10800.0,580.0,23.333333333333332,630.0,840.0,-360.0,-16200.0,-480.0,360.0
2016-11-25 21:50:31,2016-11-25,Squat (Barbell),6,30,6600.0,275.0,220.0,320.83333333333337,5,375.0,15180.0,54.0,437.5,11.0,345.0,13845.0,424.3333333333333,335.0,11250.0,402.0,-100.0,-8580.0,-24.0,-116.66666666666663,-70.0,-7245.0,-103.49999999999994,4.115381944444445,58,351.6666666666667,13425.0,421.27777777777777,49.666666666666664,375.0,437.5,40.0,3930.0,35.5,275.0
2016-11-26 15:07:27,2016-11-26,Incline Bench Press (Barbell),11,67,13692.5,257.5,201.13636363636363,310.3333333333333,10,257.5,9992.5,46.0,307.16666666666663,8.0,262.5,9785.0,315.0,260.0,9490.0,304.0,0.0,3700.0,21.0,3.1666666666666856,-5.0,3907.5,-4.666666666666686,7.992175925925926,45,260.0,9755.833333333334,308.72222222222223,43.666666666666664,262.5,315.0,-2.5,502.5,3.1666666666666288,257.5
2016-11-26 15:07:27,2016-11-26,Overhead Press (Barbell),3,24,3720.0,165.0,155.0,209.0,8,130.0,2600.0,20.0,173.33333333333331,2.0,40.0,960.0,56.0,185.0,4440.0,234.3333333333333,35.0,1120.0,4.0,35.666666666666686,125.0,2760.0,153.0,33.041689814814816,4,118.33333333333333,2666.6666666666665,154.55555555555554,22.666666666666668,185.0,234.3333333333333,-55.0,-1840.0,-60.99999999999997,165.0
2016-11-27 16:59:48,2016-11-27,Bicep Curl (Barbell),4,40,3761.25,101.25,94.6875,138.375,11,100.0,3760.0,40.0,133.33333333333331,4.0,97.5,2925.0,130.0,95.0,3135.0,133.0,1.25,1.25,0.0,5.041666666666686,3.75,836.25,8.375,3.9937037037037038,41,97.5,3273.3333333333335,132.11111111111111,34.333333333333336,100.0,133.33333333333331,5.0,625.0,0.3333333333333144,101.25
2016-11-27 16:59:48,2016-11-27,Pull Up,3,30,900.0,30.0,30.0,40.0,10,25.0,500.0,20.0,33.33333333333333,2.0,45.0,945.0,55.5,0.0,0.0,0.0,5.0,400.0,10.0,6.666666666666671,-15.0,-45.0,-15.5,3.9937037037037038,12,23.333333333333332,481.6666666666667,29.61111111111111,25.0,45.0,55.5,25.0,500.0,33.33333333333333,30.0
2016-11-27 16:59:48,2016-11-27,Rear delt fly,3,45,6525.0,145.0,145.0,217.5,15,135.0,4860.0,36.0,189.0,3.0,135.0,6075.0,202.5,145.0,6525.0,217.5,10.0,1665.0,9.0,28.5,10.0,450.0,15.0,3.9937037037037038,52,138.33333333333334,5820.0,203.0,42.0,145.0,217.5,-10.0,-1665.0,-28.5,145.0
2016-11-27 16:59:48,2016-11-27,Seated Cable Row (close Grip),5,52,8860.0,205.0,172.0,273.3333333333333,12,205.0,5350.0,30.0,273.3333333333333,3.0,205.0,9350.0,273.3333333333333,205.0,8300.0,273.3333333333333,0.0,3510.0,22.0,0.0,0.0,-490.0,0.0,11.987523148148147,36,205.0,7666.666666666667,273.3333333333333,43.333333333333336,205.0,273.3333333333333,0.0,-2950.0,0.0,205.0
2016-11-28 21:49:56,2016-11-28,Squat (Barbell),11,55,15625.0,345.0,284.09090909090907,402.5,5,275.0,6600.0,30.0,320.83333333333337,6.0,375.0,15180.0,437.5,345.0,13845.0,424.3333333333333,70.0,9025.0,25.0,81.66666666666663,-30.0,445.0,-35.0,2.9995949074074075,59,331.6666666666667,11875.0,394.22222222222223,45.666666666666664,375.0,437.5,-70.0,-7245.0,-103.49999999999994,345.0
2016-11-30 19:27:51,2016-11-30,Seated Shoulder Press (Barbell),7,36,6880.0,235.0,187.14285714285714,282.0,6,237.5,8590.0,49.0,285.0,9.0,235.0,9080.0,282.0,235.0,7970.0,282.0,-2.5,-1710.0,-13.0,-3.0,0.0,-2200.0,0.0,7.964953703703704,40,235.83333333333334,8546.666666666666,283.0,48.0,237.5,285.0,2.5,620.0,3.0,235.0
2016-11-30 19:27:51,2016-11-30,Seated Shoulder Press (Dumbbell),4,34,5580.0,170.0,165.0,215.3333333333333,10,80.0,800.0,10.0,106.66666666666666,1.0,80.0,2880.0,112.0,100.0,3200.0,140.0,90.0,4780.0,24.0,108.66666666666663,90.0,2700.0,103.33333333333329,7.964953703703704,11,86.66666666666667,2293.3333333333335,119.55555555555554,26.0,100.0,140.0,-20.0,-2400.0,-33.33333333333334,170.0
2016-12-01 20:28:46,2016-12-01,Bicep Curl (Barbell),5,50,4500.0,100.0,90.0,133.33333333333331,10,101.25,3761.25,40.0,138.375,4.0,100.0,3760.0,133.33333333333331,97.5,2925.0,130.0,-1.25,738.75,10.0,-5.041666666666686,0.0,740.0,0.0,4.14511574074074,42,99.58333333333333,3482.0833333333335,133.90277777777777,36.666666666666664,101.25,138.375,3.75,836.25,8.375,100.0
2016-12-01 20:28:46,2016-12-01,Rear delt fly,3,45,6525.0,145.0,145.0,217.5,15,145.0,6525.0,45.0,217.5,3.0,135.0,4860.0,189.0,135.0,6075.0,202.5,0.0,0.0,0.0,0.0,10.0,1665.0,28.5,4.14511574074074,53,138.33333333333334,5820.0,203.0,42.0,145.0,217.5,10.0,450.0,15.0,145.0
2016-12-01 20:28:46,2016-12-01,Seated Cable Row (close Grip),5,50,8750.0,190.0,175.0,253.3333333333333,10,205.0,8860.0,52.0,273.3333333333333,5.0,205.0,5350.0,273.3333333333333,205.0,9350.0,273.3333333333333,-15.0,-110.0,-2.0,-20.00000000000003,-15.0,3400.0,-20.00000000000003,4.14511574074074,37,205.0,7853.333333333333,273.3333333333333,44.0,205.0,273.3333333333333,0.0,-490.0,0.0,190.0
2016-12-03 17:22:02,2016-12-03,Leg press (hinge ),5,50,20780.0,520.0,430.0,658.6666666666666,12,360.0,9900.0,30.0,480.0,3.0,270.0,2700.0,360.0,360.0,10800.0,540.0,160.0,10880.0,20.0,178.66666666666663,250.0,18080.0,298.66666666666663,7.813553240740741,28,330.0,7800.0,460.0,23.333333333333332,360.0,540.0,0.0,-900.0,-60.0,520.0
2016-12-03 17:22:02,2016-12-03,Squat (Barbell),11,56,15755.0,365.0,280.45454545454544,425.83333333333337,6,345.0,15625.0,55.0,402.5,11.0,275.0,6600.0,320.83333333333337,375.0,15180.0,437.5,20.0,130.0,1.0,23.33333333333337,90.0,9155.0,105.0,4.813958333333333,60,331.6666666666667,12468.333333333334,386.9444444444445,46.333333333333336,375.0,437.5,-30.0,445.0,-35.0,365.0
2016-12-04 19:22:39,2016-12-04,Incline Bench Press (Barbell),8,41,9305.0,255.0,226.25,306.0,6,257.5,13692.5,67.0,310.3333333333333,11.0,257.5,9992.5,307.16666666666663,262.5,9785.0,315.0,-2.5,-4387.5,-26.0,-4.333333333333314,-2.5,-687.5,-1.1666666666666288,8.177222222222222,46,259.1666666666667,11156.666666666666,310.8333333333333,52.0,262.5,315.0,-5.0,3907.5,-4.666666666666686,255.0
2016-12-04 19:22:39,2016-12-04,Overhead Press (Barbell),2,18,3250.0,185.0,180.0,246.66666666666663,10,165.0,3720.0,24.0,209.0,3.0,130.0,2600.0,173.33333333333331,40.0,960.0,56.0,20.0,-470.0,-6.0,37.66666666666663,55.0,650.0,73.33333333333331,8.177222222222222,5,111.66666666666667,2426.6666666666665,146.11111111111111,22.666666666666668,165.0,209.0,125.0,2760.0,153.0,185.0
2016-12-06 19:09:08,2016-12-06,Bent Over Row (Dumbbell),4,40,4000.0,100.0,100.0,133.33333333333331,10,100.0,4000.0,40.0,133.33333333333331,4.0,100.0,3000.0,133.33333333333331,160.0,4800.0,213.3333333333333,0.0,0.0,0.0,0.0,0.0,1000.0,0.0,13.083518518518519,7,120.0,3933.3333333333335,159.99999999999997,33.333333333333336,160.0,213.3333333333333,-60.0,-800.0,-79.99999999999997,100.0
2016-12-06 19:09:08,2016-12-06,Bicep Curl (Barbell),3,30,3000.0,100.0,100.0,133.33333333333331,10,100.0,4500.0,50.0,133.33333333333331,5.0,101.25,3761.25,138.375,100.0,3760.0,133.33333333333331,0.0,-1500.0,-20.0,0.0,-1.25,-761.25,-5.041666666666686,4.944699074074074,43,100.41666666666667,4007.0833333333335,135.01388888888889,43.333333333333336,101.25,138.375,0.0,740.0,0.0,100.0
2016-12-08 18:55:10,2016-12-08,Seated Shoulder Press (Barbell),5,33,6085.0,225.0,177.0,285.0,8,235.0,6880.0,36.0,282.0,7.0,237.5,8590.0,285.0,235.0,9080.0,282.0,-10.0,-795.0,-3.0,3.0,-12.5,-2505.0,0.0,7.977303240740741,41,235.83333333333334,8183.333333333333,283.0,45.0,237.5,285.0,0.0,-2200.0,0.0,225.0
2016-12-10 16:51:16,2016-12-10,Leg press (hinge ),4,40,19800.0,540.0,495.0,720.0,10,520.0,20780.0,50.0,658.6666666666666,5.0,360.0,9900.0,480.0,270.0,2700.0,360.0,20.0,-980.0,-10.0,61.33333333333337,180.0,9900.0,240.0,6.978634259259259,29,383.3333333333333,11126.666666666666,499.5555555555555,30.0,520.0,658.6666666666666,250.0,18080.0,298.66666666666663,540.0
2016-12-10 16:51:16,2016-12-10,Romanian Deadlift (Barbell),4,24,5520.0,255.0,230.0,306.0,6,255.0,6385.0,27.0,297.5,5.0,255.0,6060.0,306.0,250.0,6235.0,310.3333333333333,0.0,-865.0,-3.0,8.5,0.0,-540.0,0.0,18.907569444444444,8,253.33333333333334,6226.666666666667,304.6111111111111,25.666666666666668,255.0,310.3333333333333,5.0,150.0,-12.833333333333314,255.0
2016-12-10 16:51:16,2016-12-10,Squat (Barbell),9,45,11775.0,325.0,261.6666666666667,379.1666666666667,5,365.0,15755.0,56.0,425.83333333333337,11.0,345.0,15625.0,402.5,275.0,6600.0,320.83333333333337,-40.0,-3980.0,-11.0,-46.666666666666686,-20.0,-3850.0,-23.333333333333314,6.978634259259259,61,328.3333333333333,12660.0,383.0555555555556,47.0,365.0,425.83333333333337,90.0,9155.0,105.0,325.0
2016-12-11 21:04:38,2016-12-11,Incline Bench Press (Barbell),8,40,9175.0,262.5,229.375,306.25,5,255.0,9305.0,41.0,306.0,8.0,257.5,13692.5,310.3333333333333,257.5,9992.5,307.16666666666663,7.5,-130.0,-1.0,0.25,5.0,-4517.5,-4.083333333333314,7.0708217592592595,47,256.6666666666667,10996.666666666666,307.8333333333333,51.333333333333336,257.5,310.3333333333333,-2.5,-687.5,-1.1666666666666288,262.5
2016-12-11 21:04:38,2016-12-11,Incline Press (Dumbbell),3,28,5040.0,180.0,180.0,240.0,10,190.0,5700.0,30.0,253.3333333333333,3.0,190.0,4560.0,240.66666666666663,190.0,5500.0,253.3333333333333,-10.0,-660.0,-2.0,-13.333333333333286,-10.0,480.0,-0.6666666666666288,23.240219907407408,13,190.0,5253.333333333333,249.1111111111111,28.0,190.0,253.3333333333333,0.0,200.0,0.0,180.0
2016-12-13 18:16:12,2016-12-13,Bicep Curl (Barbell),5,50,4475.0,102.5,92.5,129.83333333333331,14,100.0,3000.0,30.0,133.33333333333331,3.0,100.0,4500.0,133.33333333333331,101.25,3761.25,138.375,2.5,1475.0,20.0,-3.5,2.5,-25.0,-3.5,6.963240740740741,44,100.41666666666667,3753.75,135.01388888888889,40.0,101.25,138.375,-1.25,-761.25,-5.041666666666686,102.5
2016-12-13 18:16:12,2016-12-13,Rear delt fly,3,36,5040.0,140.0,140.0,196.0,12,145.0,6525.0,45.0,217.5,3.0,145.0,6525.0,217.5,135.0,4860.0,189.0,-5.0,-1485.0,-9.0,-21.5,-5.0,-1485.0,-21.5,11.907939814814815,54,141.66666666666666,5970.0,208.0,42.0,145.0,217.5,10.0,1665.0,28.5,140.0
2016-12-13 18:16:12,2016-12-13,Seated Cable Row (close Grip),3,30,5700.0,190.0,190.0,253.3333333333333,10,190.0,8750.0,50.0,253.3333333333333,5.0,205.0,8860.0,273.3333333333333,205.0,5350.0,273.3333333333333,0.0,-3050.0,-20.0,0.0,-15.0,-3160.0,-20.00000000000003,11.907939814814815,38,200.0,7653.333333333333,266.6666666666667,44.0,205.0,273.3333333333333,-15.0,3400.0,-20.00000000000003,190.0
2016-12-16 18:08:19,2016-12-16,Incline Bench Press (Barbell),8,45,9800.0,260.0,221.25,303.33333333333337,10,262.5,9175.0,40.0,306.25,8.0,255.0,9305.0,306.0,257.5,13692.5,310.3333333333333,-2.5,625.0,5.0,-2.9166666666666288,5.0,495.0,-2.6666666666666288,4.877557870370371,48,258.3333333333333,10724.166666666666,307.52777777777777,49.333333333333336,262.5,310.3333333333333,5.0,-4517.5,-4.083333333333314,260.0
2016-12-18 18:34:52,2016-12-18,Bent Over Row (Dumbbell),3,30,3000.0,100.0,100.0,133.33333333333331,10,100.0,4000.0,40.0,133.33333333333331,4.0,100.0,4000.0,133.33333333333331,100.0,3000.0,133.33333333333331,0.0,-1000.0,-10.0,0.0,0.0,-1000.0,0.0,11.976203703703703,8,100.0,3666.6666666666665,133.33333333333331,36.666666666666664,100.0,133.33333333333331,0.0,1000.0,0.0,100.0
2016-12-18 18:34:52,2016-12-18,Hammer seated row (CLOSE GRIP),2,20,3050.0,155.0,152.5,206.66666666666663,10,170.0,6980.0,42.0,231.0,4.0,160.0,7040.0,224.0,150.0,4500.0,200.0,-15.0,-3930.0,-22.0,-24.33333333333337,-5.0,-3990.0,-17.33333333333337,47.994791666666664,16,160.0,6173.333333333333,218.33333333333334,38.666666666666664,170.0,231.0,20.0,2480.0,31.0,155.0
2016-12-26 16:01:02,2016-12-26,Seated Shoulder Press (Barbell),7,48,8220.0,225.0,172.14285714285714,285.0,8,225.0,6085.0,33.0,285.0,5.0,235.0,6880.0,282.0,237.5,8590.0,285.0,0.0,2135.0,15.0,0.0,-10.0,1340.0,3.0,17.879074074074072,42,232.5,7185.0,284.0,39.333333333333336,237.5,285.0,-12.5,-2505.0,0.0,225.0
2016-12-27 20:08:18,2016-12-27,Bicep Curl (Barbell),3,30,2550.0,85.0,85.0,113.33333333333331,10,102.5,4475.0,50.0,129.83333333333331,5.0,100.0,3000.0,133.33333333333331,100.0,4500.0,133.33333333333331,-17.5,-1925.0,-20.0,-16.5,-15.0,-450.0,-20.0,14.077847222222223,45,100.83333333333333,3991.6666666666665,132.16666666666666,43.333333333333336,102.5,133.33333333333331,2.5,-25.0,-3.5,85.0
2016-12-27 20:08:18,2016-12-27,Hammer seated row (CLOSE GRIP),4,40,5850.0,155.0,146.25,206.66666666666663,10,155.0,3050.0,20.0,206.66666666666663,2.0,170.0,6980.0,231.0,160.0,7040.0,224.0,0.0,2800.0,20.0,0.0,-15.0,-1130.0,-24.33333333333337,9.064884259259259,17,161.66666666666666,5690.0,220.55555555555554,35.333333333333336,170.0,231.0,-5.0,-3990.0,-17.33333333333337,155.0
2016-12-27 20:08:18,2016-12-27,Rear delt fly,3,36,5220.0,145.0,145.0,203.0,12,140.0,5040.0,36.0,196.0,3.0,145.0,6525.0,217.5,145.0,6525.0,217.5,5.0,180.0,0.0,7.0,0.0,-1305.0,-14.5,14.077847222222223,55,143.33333333333334,6030.0,210.33333333333334,42.0,145.0,217.5,-5.0,-1485.0,-21.5,145.0
2016-12-31 17:16:15,2016-12-31,Seated Cable Row (close Grip),4,40,7200.0,180.0,180.0,240.0,10,190.0,5700.0,30.0,253.3333333333333,3.0,190.0,8750.0,253.3333333333333,205.0,8860.0,273.3333333333333,-10.0,1500.0,10.0,-13.333333333333286,-10.0,-1550.0,-13.333333333333286,17.958368055555557,39,195.0,7770.0,259.99999999999994,44.0,205.0,273.3333333333333,-15.0,-3160.0,-20.00000000000003,180.0
2017-01-01 16:16:32,2017-01-01,Leg press (hinge ),4,40,14400.0,360.0,360.0,480.0,10,540.0,19800.0,40.0,720.0,4.0,520.0,20780.0,658.6666666666666,360.0,9900.0,480.0,-180.0,-5400.0,0.0,-240.0,-160.0,-6380.0,-178.66666666666663,21.97587962962963,30,473.3333333333333,16826.666666666668,619.5555555555555,40.0,540.0,720.0,180.0,9900.0,240.0,360.0
2017-01-01 16:16:32,2017-01-01,Squat (Barbell),8,41,10195.0,315.0,248.75,367.5,6,325.0,11775.0,45.0,379.1666666666667,9.0,365.0,15755.0,425.83333333333337,345.0,15625.0,402.5,-10.0,-1580.0,-4.0,-11.666666666666686,-50.0,-5560.0,-58.33333333333337,21.97587962962963,62,345.0,14385.0,402.5,52.0,365.0,425.83333333333337,-20.0,-3850.0,-23.333333333333314,315.0
2017-01-03 18:34:44,2017-01-03,Lateral Raise (Dumbbells),3,30,1500.0,50.0,50.0,66.66666666666666,10,30.0,900.0,30.0,45.0,2.0,40.0,800.0,53.33333333333333,30.0,810.0,45.0,20.0,600.0,0.0,21.666666666666657,10.0,700.0,13.333333333333329,41.92806712962963,24,33.333333333333336,836.6666666666666,47.77777777777777,25.666666666666668,40.0,53.33333333333333,0.0,90.0,0.0,50.0
2017-01-03 18:34:44,2017-01-03,Seated Shoulder Press (Barbell),8,60,11220.0,225.0,182.5,285.0,10,225.0,8220.0,48.0,285.0,7.0,225.0,6085.0,285.0,235.0,6880.0,282.0,0.0,3000.0,12.0,0.0,0.0,5135.0,0.0,8.106736111111111,43,228.33333333333334,7061.666666666667,284.0,39.0,235.0,285.0,-10.0,1340.0,3.0,225.0
2017-01-05 19:10:20,2017-01-05,Bent Over Row (Dumbbell),2,22,1980.0,90.0,90.0,126.0,12,100.0,3000.0,30.0,133.33333333333331,3.0,100.0,4000.0,133.33333333333331,100.0,4000.0,133.33333333333331,-10.0,-1020.0,-8.0,-7.333333333333314,-10.0,-2020.0,-7.333333333333314,18.02462962962963,9,100.0,3666.6666666666665,133.33333333333331,36.666666666666664,100.0,133.33333333333331,0.0,-1000.0,0.0,90.0
2017-01-05 19:10:20,2017-01-05,Bicep Curl (Barbell),3,30,3000.0,100.0,100.0,133.33333333333331,10,85.0,2550.0,30.0,113.33333333333331,3.0,102.5,4475.0,129.83333333333331,100.0,3000.0,133.33333333333331,15.0,450.0,0.0,20.0,-2.5,-1475.0,3.5,8.95974537037037,46,95.83333333333333,3341.6666666666665,125.49999999999999,36.666666666666664,102.5,133.33333333333331,-15.0,-450.0,-20.0,100.0
2017-01-05 19:10:20,2017-01-05,Rear delt fly,3,36,4680.0,130.0,130.0,182.0,12,145.0,5220.0,36.0,203.0,3.0,140.0,5040.0,196.0,145.0,6525.0,217.5,-15.0,-540.0,0.0,-21.0,-10.0,-360.0,-14.0,8.95974537037037,56,143.33333333333334,5595.0,205.5,39.0,145.0,217.5,0.0,-1305.0,-14.5,130.0
2017-01-08 06:09:37,2017-01-08,Incline Bench Press (Barbell),8,51,11245.0,245.0,217.5,294.0,8,260.0,9800.0,45.0,303.33333333333337,8.0,262.5,9175.0,306.25,255.0,9305.0,306.0,-15.0,1445.0,6.0,-9.333333333333371,-17.5,2070.0,-12.25,22.500902777777778,49,259.1666666666667,9426.666666666666,305.1944444444445,42.0,262.5,306.25,5.0,495.0,-2.6666666666666288,245.0
2017-01-08 06:09:37,2017-01-08,Incline Press (Dumbbell),2,22,3300.0,150.0,150.0,210.0,12,180.0,5040.0,28.0,240.0,3.0,190.0,5700.0,253.3333333333333,190.0,4560.0,240.66666666666663,-30.0,-1740.0,-6.0,-30.0,-40.0,-2400.0,-43.333333333333286,27.37846064814815,14,186.66666666666666,5100.0,244.66666666666666,27.333333333333332,190.0,253.3333333333333,-10.0,480.0,-0.6666666666666288,150.0
2017-01-09 06:09:51,2017-01-09,Bicep Curl (Barbell),4,41,3690.0,90.0,90.0,123.0,11,100.0,3000.0,30.0,133.33333333333331,3.0,85.0,2550.0,113.33333333333331,102.5,4475.0,129.83333333333331,-10.0,690.0,11.0,-10.333333333333314,5.0,1140.0,9.666666666666686,3.4579976851851852,47,95.83333333333333,3341.6666666666665,125.49999999999999,36.666666666666664,102.5,133.33333333333331,-2.5,-1475.0,3.5,90.0
2017-01-09 06:09:51,2017-01-09,Lat Pulldown,2,24,4380.0,185.0,182.5,259.0,12,150.0,2850.0,20.0,200.0,2.0,195.0,4110.0,260.0,195.0,11150.0,260.0,35.0,1530.0,4.0,59.0,-10.0,270.0,-1.0,50.75989583333333,21,180.0,6036.666666666667,240.0,34.0,195.0,260.0,-45.0,-8300.0,-60.0,185.0
2017-01-09 06:09:51,2017-01-09,Pull Up,2,24,240.0,10.0,10.0,14.0,12,30.0,900.0,30.0,40.0,3.0,25.0,500.0,33.33333333333333,45.0,945.0,55.5,-20.0,-660.0,-6.0,-26.0,-15.0,-260.0,-19.33333333333333,42.54864583333333,13,33.333333333333336,781.6666666666666,42.944444444444436,31.666666666666668,45.0,55.5,-15.0,-45.0,-15.5,10.0
2017-01-09 06:09:51,2017-01-09,Rear delt fly,2,24,3480.0,145.0,145.0,203.0,12,130.0,4680.0,36.0,182.0,3.0,145.0,5220.0,203.0,140.0,5040.0,196.0,15.0,-1200.0,-12.0,21.0,0.0,-1740.0,0.0,3.4579976851851852,57,138.33333333333334,4980.0,193.66666666666666,36.0,145.0,203.0,-10.0,-360.0,-14.0,145.0
2017-01-09 06:09:51,2017-01-09,Seated Cable Row (close Grip),4,44,7460.0,190.0,171.25,253.3333333333333,12,180.0,7200.0,40.0,240.0,4.0,190.0,5700.0,253.3333333333333,190.0,8750.0,253.3333333333333,10.0,260.0,4.0,13.333333333333286,0.0,1760.0,0.0,8.537222222222223,40,186.66666666666666,7216.666666666667,248.88888888888883,40.0,190.0,253.3333333333333,-10.0,-1550.0,-13.333333333333286,190.0
2017-01-11 20:33:08,2017-01-11,Leg press (hinge ),3,30,15000.0,500.0,500.0,666.6666666666666,10,360.0,14400.0,40.0,480.0,4.0,540.0,19800.0,720.0,520.0,20780.0,658.6666666666666,140.0,600.0,-10.0,186.66666666666663,-40.0,-4800.0,-53.33333333333337,10.178194444444445,31,473.3333333333333,18326.666666666668,619.5555555555555,43.333333333333336,540.0,720.0,-160.0,-6380.0,-178.66666666666663,500.0
2017-01-11 20:33:08,2017-01-11,Romanian Deadlift (Barbell),3,21,4465.0,225.0,211.66666666666666,285.0,8,255.0,5520.0,24.0,306.0,4.0,255.0,6385.0,297.5,255.0,6060.0,306.0,-30.0,-1055.0,-3.0,-21.0,-30.0,-1920.0,-12.5,32.154074074074074,9,255.0,5988.333333333333,303.1666666666667,25.0,255.0,306.0,0.0,-540.0,0.0,225.0
2017-01-11 20:33:08,2017-01-11,Squat (Barbell),8,40,10400.0,315.0,260.0,367.5,5,315.0,10195.0,41.0,367.5,8.0,325.0,11775.0,379.1666666666667,365.0,15755.0,425.83333333333337,0.0,205.0,-1.0,0.0,-10.0,-1375.0,-11.666666666666686,10.178194444444445,63,335.0,12575.0,390.8333333333333,47.333333333333336,365.0,425.83333333333337,-50.0,-5560.0,-58.33333333333337,315.0
2017-01-12 20:38:44,2017-01-12,Seated Shoulder Press (Barbell),7,48,9800.0,230.0,202.14285714285714,285.0,8,225.0,11220.0,60.0,285.0,8.0,225.0,8220.0,285.0,225.0,6085.0,285.0,5.0,-1420.0,-12.0,0.0,5.0,1580.0,0.0,9.08611111111111,44,225.0,8508.333333333334,285.0,47.0,225.0,285.0,0.0,5135.0,0.0,230.0
2017-01-17 20:48:00,2017-01-17,Incline Bench Press (Barbell),8,50,11120.0,250.0,218.75,300.0,8,245.0,11245.0,51.0,294.0,8.0,260.0,9800.0,303.33333333333337,262.5,9175.0,306.25,5.0,-125.0,-1.0,6.0,-10.0,1320.0,-3.3333333333333712,9.609988425925925,50,255.83333333333334,10073.333333333334,301.1944444444445,45.333333333333336,262.5,306.25,-17.5,2070.0,-12.25,250.0
2017-01-18 19:40:32,2017-01-18,Leg press (hinge ),3,30,13800.0,520.0,460.0,693.3333333333333,10,500.0,15000.0,30.0,666.6666666666666,3.0,360.0,14400.0,480.0,540.0,19800.0,720.0,20.0,-1200.0,0.0,26.66666666666663,160.0,-600.0,213.33333333333326,6.963472222222222,32,466.6666666666667,16400.0,622.2222222222223,36.666666666666664,540.0,720.0,-40.0,-4800.0,-53.33333333333337,520.0
2017-01-18 19:40:32,2017-01-18,Romanian Deadlift (Barbell),5,36,8740.0,265.0,245.0,318.0,8,225.0,4465.0,21.0,285.0,3.0,255.0,5520.0,306.0,255.0,6385.0,297.5,40.0,4275.0,15.0,33.0,10.0,3220.0,12.0,6.963472222222222,10,245.0,5456.666666666667,296.1666666666667,24.0,255.0,306.0,-30.0,-1920.0,-12.5,265.0
2017-01-18 19:40:32,2017-01-18,Squat (Barbell),10,56,14570.0,315.0,256.0,378.0,6,315.0,10400.0,40.0,367.5,8.0,315.0,10195.0,367.5,325.0,11775.0,379.1666666666667,0.0,4170.0,16.0,10.5,0.0,4375.0,10.5,6.963472222222222,64,318.3333333333333,10790.0,371.3888888888889,42.0,325.0,379.1666666666667,-10.0,-1375.0,-11.666666666666686,315.0
2017-01-20 15:57:19,2017-01-20,Seated Cable Row (close Grip),4,40,7700.0,210.0,192.5,280.0,10,190.0,7460.0,44.0,253.3333333333333,4.0,180.0,7200.0,240.0,190.0,5700.0,253.3333333333333,20.0,240.0,-4.0,26.666666666666714,30.0,500.0,40.0,11.407962962962962,41,186.66666666666666,6786.666666666667,248.88888888888889,38.0,190.0,253.3333333333333,0.0,1760.0,0.0,210.0
2017-01-22 18:53:10,2017-01-22,Seated Shoulder Press (Barbell),7,53,9710.0,230.0,189.28571428571428,285.0,10,230.0,9800.0,48.0,285.0,7.0,225.0,11220.0,285.0,225.0,8220.0,285.0,0.0,-90.0,5.0,0.0,5.0,-1510.0,0.0,9.926689814814814,45,226.66666666666666,9746.666666666666,285.0,52.0,230.0,285.0,5.0,1580.0,0.0,230.0
2017-01-24 21:08:28,2017-01-24,Leg press (hinge ),3,32,12800.0,400.0,400.0,560.0,12,520.0,13800.0,30.0,693.3333333333333,3.0,500.0,15000.0,666.6666666666666,360.0,14400.0,480.0,-120.0,-1000.0,2.0,-133.33333333333326,-100.0,-2200.0,-106.66666666666663,6.061064814814815,33,460.0,14400.0,613.3333333333333,33.333333333333336,520.0,693.3333333333333,160.0,-600.0,213.33333333333326,400.0
2017-01-24 21:08:28,2017-01-24,Romanian Deadlift (Barbell),2,16,3600.0,225.0,225.0,285.0,8,265.0,8740.0,36.0,318.0,5.0,225.0,4465.0,285.0,255.0,5520.0,306.0,-40.0,-5140.0,-20.0,-33.0,0.0,-865.0,0.0,6.061064814814815,11,248.33333333333334,6241.666666666667,303.0,27.0,265.0,318.0,10.0,3220.0,12.0,225.0
2017-01-24 21:08:28,2017-01-24,Squat (Barbell),9,56,16600.0,345.0,295.0,414.0,8,315.0,14570.0,56.0,378.0,10.0,315.0,10400.0,367.5,315.0,10195.0,367.5,30.0,2030.0,0.0,36.0,30.0,6200.0,46.5,6.061064814814815,65,315.0,11721.666666666666,371.0,45.666666666666664,315.0,378.0,0.0,4375.0,10.5,345.0
2017-01-28 14:51:22,2017-01-28,Incline Bench Press (Barbell),7,47,10355.0,255.0,215.71428571428572,310.3333333333333,8,250.0,11120.0,50.0,300.0,8.0,245.0,11245.0,294.0,260.0,9800.0,303.33333333333337,5.0,-765.0,-3.0,10.333333333333314,10.0,-890.0,16.333333333333314,10.752337962962963,51,251.66666666666666,10721.666666666666,299.11111111111114,48.666666666666664,260.0,303.33333333333337,-10.0,1320.0,-3.3333333333333712,255.0
2017-01-29 19:23:58,2017-01-29,Leg press (hinge ),4,40,18000.0,450.0,450.0,600.0,10,400.0,12800.0,32.0,560.0,3.0,520.0,13800.0,693.3333333333333,500.0,15000.0,666.6666666666666,50.0,5200.0,8.0,40.0,-70.0,4200.0,-93.33333333333326,4.9274305555555555,34,473.3333333333333,13866.666666666666,640.0,30.666666666666668,520.0,693.3333333333333,-100.0,-2200.0,-106.66666666666663,450.0
2017-01-29 19:23:58,2017-01-29,Squat (Barbell),6,46,10670.0,255.0,230.0,323.0,8,345.0,16600.0,56.0,414.0,9.0,315.0,14570.0,378.0,315.0,10400.0,367.5,-90.0,-5930.0,-10.0,-91.0,-60.0,-3900.0,-55.0,4.9274305555555555,66,325.0,13856.666666666666,386.5,50.666666666666664,345.0,414.0,30.0,6200.0,46.5,255.0
2017-02-02 21:06:41,2017-02-02,Seated Shoulder Press (Barbell),9,68,12400.0,225.0,177.22222222222223,285.0,10,230.0,9710.0,53.0,285.0,7.0,230.0,9800.0,285.0,225.0,11220.0,285.0,-5.0,2690.0,15.0,0.0,-5.0,2600.0,0.0,11.092719907407407,46,228.33333333333334,10243.333333333334,285.0,53.666666666666664,230.0,285.0,5.0,-1510.0,0.0,225.0
2017-02-04 19:03:35,2017-02-04,Leg press (hinge ),3,30,13500.0,450.0,450.0,600.0,10,450.0,18000.0,40.0,600.0,4.0,400.0,12800.0,560.0,520.0,13800.0,693.3333333333333,0.0,-4500.0,-10.0,0.0,50.0,700.0,40.0,5.985844907407407,35,456.6666666666667,14866.666666666666,617.7777777777777,34.0,520.0,693.3333333333333,-70.0,4200.0,-93.33333333333326,450.0
2017-02-07 08:52:17,2017-02-07,Bicep Curl (Barbell),3,30,2700.0,90.0,90.0,120.0,10,90.0,3690.0,41.0,123.0,4.0,100.0,3000.0,133.33333333333331,85.0,2550.0,113.33333333333331,0.0,-990.0,-11.0,-3.0,-10.0,-300.0,-13.333333333333314,29.112800925925924,48,91.66666666666667,3080.0,123.22222222222221,33.666666666666664,100.0,133.33333333333331,5.0,1140.0,9.666666666666686,90.0
2017-02-07 08:52:17,2017-02-07,Hammer seated row (CLOSE GRIP),6,60,11550.0,205.0,192.5,273.3333333333333,10,155.0,5850.0,40.0,206.66666666666663,4.0,155.0,3050.0,206.66666666666663,170.0,6980.0,231.0,50.0,5700.0,20.0,66.66666666666669,50.0,8500.0,66.66666666666669,41.53054398148148,18,160.0,5293.333333333333,214.77777777777774,34.0,170.0,231.0,-15.0,-1130.0,-24.33333333333337,205.0
2017-02-07 08:52:17,2017-02-07,Rear delt fly,3,34,4210.0,145.0,125.0,193.3333333333333,12,145.0,3480.0,24.0,203.0,2.0,130.0,4680.0,182.0,145.0,5220.0,203.0,0.0,730.0,10.0,-9.666666666666714,15.0,-470.0,11.333333333333286,29.112800925925924,58,140.0,4460.0,196.0,32.0,145.0,203.0,0.0,-1740.0,0.0,145.0
2017-02-08 07:17:51,2017-02-08,Squat (Barbell),7,39,9565.0,295.0,240.71428571428572,354.0,6,255.0,10670.0,46.0,323.0,6.0,345.0,16600.0,414.0,315.0,14570.0,378.0,40.0,-1105.0,-7.0,31.0,-50.0,-7035.0,-60.0,9.495752314814816,67,305.0,13946.666666666666,371.6666666666667,52.666666666666664,345.0,414.0,-60.0,-3900.0,-55.0,295.0
2017-02-10 15:18:03,2017-02-10,Bench Press (Barbell),8,46,10705.0,275.0,233.75,330.0,6,185.0,3705.0,23.0,215.83333333333331,4.0,0.0,0.0,0.0,0.0,0.0,0.0,90.0,7000.0,23.0,114.16666666666669,0.0,0.0,0.0,167.92506944444443,1,185.0,3705.0,215.83333333333331,23.0,185.0,215.83333333333331,0.0,0.0,0.0,275.0
2017-02-10 15:18:03,2017-02-10,Lateral Raise (Dumbbells),2,20,1200.0,60.0,60.0,80.0,10,50.0,1500.0,30.0,66.66666666666666,3.0,30.0,900.0,45.0,40.0,800.0,53.33333333333333,10.0,-300.0,-10.0,13.333333333333343,30.0,300.0,35.0,37.86341435185185,25,40.0,1066.6666666666667,55.0,26.666666666666668,50.0,66.66666666666666,10.0,700.0,13.333333333333329,60.0
2017-02-10 15:18:03,2017-02-10,Seated Shoulder Press (Barbell),9,58,10820.0,230.0,185.0,276.0,8,225.0,12400.0,68.0,285.0,9.0,230.0,9710.0,285.0,230.0,9800.0,285.0,5.0,-1580.0,-10.0,-9.0,0.0,1110.0,-9.0,7.757893518518519,47,228.33333333333334,10636.666666666666,285.0,56.333333333333336,230.0,285.0,-5.0,2600.0,0.0,230.0
2017-02-11 14:33:10,2017-02-11,Bicep Curl (Barbell),2,24,2400.0,100.0,100.0,140.0,12,90.0,2700.0,30.0,120.0,3.0,90.0,3690.0,123.0,100.0,3000.0,133.33333333333331,10.0,-300.0,-6.0,20.0,10.0,-1290.0,17.0,4.236724537037037,49,93.33333333333333,3130.0,125.44444444444444,33.666666666666664,100.0,133.33333333333331,-10.0,-300.0,-13.333333333333314,100.0
2017-02-11 14:33:10,2017-02-11,Deadlift (Barbell),4,21,5345.0,295.0,252.5,354.0,6,255.0,1275.0,5.0,297.5,1.0,350.0,6790.0,408.33333333333337,325.0,7375.0,379.1666666666667,40.0,4070.0,16.0,56.5,-55.0,-1445.0,-54.33333333333337,81.81166666666667,10,310.0,5146.666666666667,361.6666666666667,17.333333333333332,350.0,408.33333333333337,-70.0,-6100.0,-81.66666666666669,295.0
2017-02-11 14:33:10,2017-02-11,Hammer seated row (CLOSE GRIP),4,42,8520.0,210.0,202.5,294.0,12,205.0,11550.0,60.0,273.3333333333333,6.0,155.0,5850.0,206.66666666666663,155.0,3050.0,206.66666666666663,5.0,-3030.0,-18.0,20.666666666666686,55.0,2670.0,87.33333333333337,4.236724537037037,19,171.66666666666666,6816.666666666667,228.88888888888883,40.0,205.0,273.3333333333333,50.0,8500.0,66.66666666666669,210.0
2017-02-14 20:59:03,2017-02-14,Incline Bench Press (Barbell),8,64,12970.0,230.0,199.375,291.3333333333333,10,255.0,10355.0,47.0,310.3333333333333,7.0,250.0,11120.0,300.0,245.0,11245.0,294.0,-25.0,2615.0,17.0,-19.0,-20.0,1850.0,-8.666666666666686,17.255335648148147,52,250.0,10906.666666666666,301.4444444444444,49.333333333333336,255.0,310.3333333333333,10.0,-890.0,16.333333333333314,230.0
2017-02-15 22:11:14,2017-02-15,Squat (Barbell),10,64,15480.0,275.0,240.0,348.3333333333333,8,295.0,9565.0,39.0,354.0,7.0,255.0,10670.0,323.0,345.0,16600.0,414.0,-20.0,5915.0,25.0,-5.666666666666686,20.0,4810.0,25.333333333333314,7.620405092592593,68,298.3333333333333,12278.333333333334,363.6666666666667,47.0,345.0,414.0,-50.0,-7035.0,-60.0,275.0
2017-02-16 12:06:00,2017-02-16,Deadlift (Barbell),1,5,1025.0,205.0,205.0,239.16666666666669,5,295.0,5345.0,21.0,354.0,4.0,255.0,1275.0,297.5,350.0,6790.0,408.33333333333337,-90.0,-4320.0,-16.0,-114.83333333333331,-50.0,-250.0,-58.333333333333314,4.897800925925926,11,300.0,4470.0,353.2777777777778,16.0,350.0,408.33333333333337,-55.0,-1445.0,-54.33333333333337,205.0
2017-02-16 12:06:00,2017-02-16,Hammer seated row (CLOSE GRIP),5,54,10620.0,210.0,198.0,280.0,12,210.0,8520.0,42.0,294.0,4.0,205.0,11550.0,273.3333333333333,155.0,5850.0,206.66666666666663,0.0,2100.0,12.0,-14.0,5.0,-930.0,6.666666666666686,4.897800925925926,20,190.0,8640.0,257.99999999999994,47.333333333333336,210.0,294.0,55.0,2670.0,87.33333333333337,210.0
2017-02-16 12:06:00,2017-02-16,Neutral Chin,3,32,1260.0,45.0,40.0,57.0,12,35.0,950.0,30.0,46.66666666666666,3.0,0.0,0.0,0.0,0.0,0.0,0.0,10.0,310.0,2.0,10.333333333333343,0.0,0.0,0.0,4.897800925925926,1,35.0,950.0,46.66666666666666,30.0,35.0,46.66666666666666,0.0,0.0,0.0,45.0
2017-02-18 12:17:42,2017-02-18,Bench Press (Barbell),5,27,6490.0,280.0,242.0,326.6666666666667,6,275.0,10705.0,46.0,330.0,8.0,185.0,3705.0,215.83333333333331,0.0,0.0,0.0,5.0,-4215.0,-19.0,-3.3333333333333144,95.0,2785.0,110.83333333333337,7.874756944444444,2,230.0,7205.0,272.91666666666663,34.5,275.0,330.0,0.0,0.0,0.0,280.0
2017-02-18 12:17:42,2017-02-18,Incline Bench Press (Barbell),6,39,8755.0,245.0,220.83333333333334,304.0,8,230.0,12970.0,64.0,291.3333333333333,8.0,255.0,10355.0,310.3333333333333,250.0,11120.0,300.0,15.0,-4215.0,-25.0,12.666666666666686,-10.0,-1600.0,-6.333333333333314,3.637951388888889,53,245.0,11481.666666666666,300.5555555555555,53.666666666666664,255.0,310.3333333333333,-20.0,1850.0,-8.666666666666686,245.0
2017-02-19 10:59:10,2017-02-19,Leg press (hinge ),4,40,14400.0,360.0,360.0,480.0,10,450.0,13500.0,30.0,600.0,3.0,450.0,18000.0,600.0,400.0,12800.0,560.0,-90.0,900.0,10.0,-120.0,-90.0,-3600.0,-120.0,14.663599537037037,36,433.3333333333333,14766.666666666666,586.6666666666666,34.0,450.0,600.0,50.0,700.0,40.0,360.0
2017-02-19 10:59:10,2017-02-19,Squat (Barbell),10,58,15740.0,315.0,268.5,378.0,6,275.0,15480.0,64.0,348.3333333333333,10.0,295.0,9565.0,354.0,255.0,10670.0,323.0,40.0,260.0,-6.0,29.666666666666686,20.0,6175.0,24.0,3.533287037037037,69,275.0,11905.0,341.77777777777777,49.666666666666664,295.0,354.0,20.0,4810.0,25.333333333333314,315.0
2017-02-21 21:05:28,2017-02-21,Hammer Curl (Dumbbell ),3,36,2520.0,70.0,70.0,98.0,12,50.0,1200.0,24.0,70.0,2.0,50.0,500.0,66.66666666666666,50.0,1800.0,71.66666666666667,20.0,1320.0,12.0,28.0,20.0,2020.0,31.333333333333343,138.14175925925926,15,50.0,1166.6666666666667,69.44444444444444,23.333333333333332,50.0,71.66666666666667,0.0,-600.0,-1.6666666666666714,70.0
2017-02-21 21:05:28,2017-02-21,Hammer seated row (CLOSE GRIP),5,54,10840.0,210.0,200.0,294.0,12,210.0,10620.0,54.0,280.0,5.0,210.0,8520.0,294.0,205.0,11550.0,273.3333333333333,0.0,220.0,0.0,14.0,0.0,2320.0,0.0,5.37462962962963,21,208.33333333333334,10230.0,282.4444444444444,52.0,210.0,294.0,5.0,-930.0,6.666666666666686,210.0
2017-02-21 21:05:28,2017-02-21,Neutral Chin,3,30,1200.0,40.0,40.0,53.33333333333333,10,45.0,1260.0,32.0,57.0,3.0,35.0,950.0,46.66666666666666,0.0,0.0,0.0,-5.0,-60.0,-2.0,-3.6666666666666714,5.0,250.0,6.666666666666671,5.37462962962963,2,40.0,1105.0,51.83333333333333,31.0,45.0,57.0,0.0,0.0,0.0,40.0
2017-02-21 21:05:28,2017-02-21,Rear delt fly,1,15,1800.0,120.0,120.0,180.0,15,145.0,4210.0,34.0,193.3333333333333,3.0,145.0,3480.0,203.0,130.0,4680.0,182.0,-25.0,-2410.0,-19.0,-13.333333333333286,-25.0,-1680.0,-23.0,14.509155092592593,59,140.0,4123.333333333333,192.77777777777774,31.333333333333332,145.0,203.0,15.0,-470.0,11.333333333333286,120.0
2017-02-22 16:51:05,2017-02-22,Seated Shoulder Press (Barbell),7,57,11065.0,225.0,195.0,285.0,10,230.0,10820.0,58.0,276.0,9.0,225.0,12400.0,285.0,230.0,9710.0,285.0,-5.0,245.0,-1.0,9.0,0.0,-1335.0,0.0,12.064606481481482,48,228.33333333333334,10976.666666666666,282.0,59.666666666666664,230.0,285.0,0.0,1110.0,-9.0,225.0
2017-02-25 15:30:23,2017-02-25,Leg press (hinge ),3,36,16200.0,450.0,450.0,630.0,12,360.0,14400.0,40.0,480.0,4.0,450.0,13500.0,600.0,450.0,18000.0,600.0,90.0,1800.0,-4.0,150.0,0.0,2700.0,30.0,6.188344907407408,37,420.0,15300.0,560.0,36.666666666666664,450.0,600.0,-90.0,-3600.0,-120.0,450.0
2017-02-25 15:30:23,2017-02-25,Squat (Barbell),8,52,13380.0,315.0,255.0,388.5,7,315.0,15740.0,58.0,378.0,10.0,275.0,15480.0,348.3333333333333,295.0,9565.0,354.0,0.0,-2360.0,-6.0,10.5,40.0,-2100.0,40.166666666666686,6.188344907407408,70,295.0,13595.0,360.1111111111111,53.666666666666664,315.0,378.0,20.0,6175.0,24.0,315.0
2017-02-27 07:26:38,2017-02-27,Hammer seated row (CLOSE GRIP),4,48,9120.0,190.0,190.0,266.0,12,210.0,10840.0,54.0,294.0,5.0,210.0,10620.0,280.0,210.0,8520.0,294.0,-20.0,-1720.0,-6.0,-28.0,-20.0,-1500.0,-14.0,5.43136574074074,22,210.0,9993.333333333334,289.3333333333333,50.0,210.0,294.0,0.0,2320.0,0.0,190.0
2017-02-27 07:26:38,2017-02-27,Rear delt fly,2,24,3240.0,135.0,135.0,189.0,12,120.0,1800.0,15.0,180.0,1.0,145.0,4210.0,193.3333333333333,145.0,3480.0,203.0,15.0,1440.0,9.0,9.0,-10.0,-970.0,-4.333333333333286,5.43136574074074,60,136.66666666666666,3163.3333333333335,192.1111111111111,24.333333333333332,145.0,203.0,-25.0,-1680.0,-23.0,135.0
2017-02-27 07:26:38,2017-02-27,T-bar Row,2,20,2000.0,100.0,100.0,133.33333333333331,10,135.0,3780.0,28.0,180.0,3.0,125.0,4000.0,158.33333333333331,137.5,5250.0,183.3333333333333,-35.0,-1780.0,-8.0,-46.666666666666686,-25.0,-2000.0,-25.0,153.5928125,15,132.5,4343.333333333333,173.88888888888889,33.333333333333336,137.5,183.3333333333333,-2.5,-1470.0,-3.333333333333286,100.0
2017-03-02 21:41:27,2017-03-02,Incline Bench Press (Barbell),7,46,9905.0,255.0,207.14285714285714,312.0,9,245.0,8755.0,39.0,304.0,6.0,230.0,12970.0,291.3333333333333,255.0,10355.0,310.3333333333333,10.0,1150.0,7.0,8.0,25.0,-3065.0,20.666666666666686,12.391493055555555,54,243.33333333333334,10693.333333333334,301.88888888888886,50.0,255.0,310.3333333333333,-10.0,-1600.0,-6.333333333333314,255.0
2017-03-02 21:41:27,2017-03-02,Overhead Press (Dumbbell),3,32,4480.0,140.0,140.0,196.0,12,120.0,2240.0,22.0,168.0,2.0,60.0,600.0,80.0,40.0,1480.0,60.0,20.0,2240.0,10.0,28.0,80.0,3880.0,116.0,159.1841087962963,4,73.33333333333333,1440.0,102.66666666666667,23.0,120.0,168.0,80.0,760.0,108.0,140.0
2017-03-07 06:38:00,2017-03-07,Bench Press (Barbell),6,33,7505.0,290.0,232.5,332.5,6,280.0,6490.0,27.0,326.6666666666667,5.0,275.0,10705.0,330.0,185.0,3705.0,215.83333333333331,10.0,1015.0,6.0,5.833333333333314,15.0,-3200.0,2.5,16.764097222222222,3,246.66666666666666,6966.666666666667,290.8333333333333,32.0,280.0,330.0,95.0,2785.0,110.83333333333337,290.0
2017-03-07 06:38:00,2017-03-07,Seated Shoulder Press (Barbell),7,47,9655.0,225.0,203.57142857142858,285.0,8,225.0,11065.0,57.0,285.0,7.0,230.0,10820.0,276.0,225.0,12400.0,285.0,0.0,-1410.0,-10.0,0.0,-5.0,-1165.0,9.0,12.574247685185185,49,226.66666666666666,11428.333333333334,282.0,61.0,230.0,285.0,0.0,-1335.0,0.0,225.0
2017-03-08 06:23:04,2017-03-08,Hammer seated row (CLOSE GRIP),5,50,10750.0,215.0,215.0,286.66666666666663,10,190.0,9120.0,48.0,266.0,4.0,210.0,10840.0,294.0,210.0,10620.0,280.0,25.0,1630.0,2.0,20.66666666666663,5.0,-90.0,-7.333333333333371,8.955856481481481,23,203.33333333333334,10193.333333333334,280.0,52.0,210.0,294.0,-20.0,-1500.0,-14.0,215.0
2017-03-10 15:23:27,2017-03-10,Leg press (hinge ),4,40,20000.0,500.0,500.0,666.6666666666666,10,450.0,16200.0,36.0,630.0,3.0,360.0,14400.0,480.0,450.0,13500.0,600.0,50.0,3800.0,4.0,36.66666666666663,140.0,5600.0,186.66666666666663,12.995185185185186,38,420.0,14700.0,570.0,35.333333333333336,450.0,630.0,0.0,2700.0,30.0,500.0
2017-03-10 15:23:27,2017-03-10,Squat (Barbell),10,64,16140.0,315.0,254.0,378.0,8,315.0,13380.0,52.0,388.5,8.0,315.0,15740.0,378.0,275.0,15480.0,348.3333333333333,0.0,2760.0,12.0,-10.5,0.0,400.0,0.0,12.995185185185186,71,301.6666666666667,14866.666666666666,371.6111111111111,58.0,315.0,388.5,40.0,-2100.0,40.166666666666686,315.0
2017-03-11 12:56:33,2017-03-11,Incline Bench Press (Barbell),7,54,11360.0,240.0,205.71428571428572,304.0,10,255.0,9905.0,46.0,312.0,7.0,245.0,8755.0,304.0,230.0,12970.0,291.3333333333333,-15.0,1455.0,8.0,-8.0,-5.0,2605.0,0.0,8.635486111111112,55,243.33333333333334,10543.333333333334,302.4444444444444,49.666666666666664,255.0,312.0,25.0,-3065.0,20.666666666666686,240.0
2017-03-18 09:05:26,2017-03-18,Leg curl,3,36,5040.0,140.0,140.0,196.0,12,140.0,2700.0,20.0,186.66666666666663,2.0,150.0,3600.0,210.0,145.0,5220.0,203.0,0.0,2340.0,16.0,9.333333333333371,-10.0,1440.0,-14.0,121.72384259259259,14,145.0,3840.0,199.88888888888889,26.666666666666668,150.0,210.0,-5.0,-2520.0,-16.33333333333337,140.0
2017-03-18 09:05:26,2017-03-18,Squat (Barbell),8,52,13260.0,315.0,257.5,378.0,8,315.0,16140.0,64.0,378.0,10.0,315.0,13380.0,388.5,315.0,15740.0,378.0,0.0,-2880.0,-12.0,0.0,0.0,-120.0,-10.5,7.737488425925926,72,315.0,15086.666666666666,381.5,58.0,315.0,388.5,0.0,400.0,0.0,315.0
2017-03-19 06:19:29,2017-03-19,Bench Press (Barbell),4,22,5350.0,285.0,242.5,332.5,6,290.0,7505.0,33.0,332.5,6.0,280.0,6490.0,326.6666666666667,275.0,10705.0,330.0,-5.0,-2155.0,-11.0,0.0,5.0,-1140.0,5.833333333333314,11.987141203703704,4,281.6666666666667,8233.333333333334,329.72222222222223,35.333333333333336,290.0,332.5,15.0,-3200.0,2.5,285.0
2017-03-19 06:19:29,2017-03-19,Incline Bench Press (Barbell),6,42,9160.0,240.0,210.83333333333334,304.0,8,240.0,11360.0,54.0,304.0,7.0,255.0,9905.0,312.0,245.0,8755.0,304.0,0.0,-2200.0,-12.0,0.0,-15.0,-745.0,-8.0,7.724259259259259,56,246.66666666666666,10006.666666666666,306.6666666666667,46.333333333333336,255.0,312.0,-5.0,2605.0,0.0,240.0
2017-03-21 20:19:48,2017-03-21,Hammer Curl (Dumbbell ),3,45,2700.0,60.0,60.0,90.0,15,70.0,2520.0,36.0,98.0,3.0,50.0,1200.0,70.0,50.0,500.0,66.66666666666666,-10.0,180.0,9.0,-8.0,10.0,1500.0,20.0,27.968287037037037,16,56.666666666666664,1406.6666666666667,78.22222222222221,23.333333333333332,70.0,98.0,20.0,2020.0,31.333333333333343,60.0
2017-03-21 20:19:48,2017-03-21,Hammer seated row (CLOSE GRIP),4,38,8400.0,225.0,221.25,293.3333333333333,10,215.0,10750.0,50.0,286.66666666666663,5.0,190.0,9120.0,266.0,210.0,10840.0,294.0,10.0,-2350.0,-12.0,6.666666666666686,35.0,-720.0,27.333333333333314,13.581064814814814,24,205.0,10236.666666666666,282.22222222222223,50.666666666666664,215.0,294.0,5.0,-90.0,-7.333333333333371,225.0
2017-03-21 20:19:48,2017-03-21,Rear delt fly,3,39,5430.0,145.0,140.0,203.0,15,135.0,3240.0,24.0,189.0,2.0,120.0,1800.0,180.0,145.0,4210.0,193.3333333333333,10.0,2190.0,15.0,14.0,25.0,3630.0,23.0,22.536921296296295,61,133.33333333333334,3083.3333333333335,187.44444444444443,24.333333333333332,145.0,193.3333333333333,-10.0,-970.0,-4.333333333333286,145.0
2017-03-25 14:52:18,2017-03-25,Hammer seated row (CLOSE GRIP),3,24,5640.0,235.0,235.0,297.66666666666663,8,225.0,8400.0,38.0,293.3333333333333,4.0,215.0,10750.0,286.66666666666663,190.0,9120.0,266.0,10.0,-2760.0,-14.0,4.333333333333314,20.0,-5110.0,11.0,3.7725694444444446,25,210.0,9423.333333333334,282.0,45.333333333333336,225.0,293.3333333333333,35.0,-720.0,27.333333333333314,235.0
2017-03-25 14:52:18,2017-03-25,Rear delt fly,2,20,2900.0,145.0,145.0,193.3333333333333,10,145.0,5430.0,39.0,203.0,3.0,135.0,3240.0,189.0,120.0,1800.0,180.0,0.0,-2530.0,-19.0,-9.666666666666714,10.0,-340.0,4.333333333333286,3.7725694444444446,62,133.33333333333334,3490.0,190.66666666666666,26.0,145.0,203.0,25.0,3630.0,23.0,145.0
2017-03-27 20:43:26,2017-03-27,Bench Press (Barbell),5,25,6400.0,290.0,256.0,338.33333333333337,5,285.0,5350.0,22.0,332.5,4.0,290.0,7505.0,332.5,280.0,6490.0,326.6666666666667,5.0,1050.0,3.0,5.833333333333371,0.0,-1105.0,5.833333333333371,8.599965277777779,5,285.0,6448.333333333333,330.5555555555556,27.333333333333332,290.0,332.5,5.0,-1140.0,5.833333333333314,290.0
2017-03-27 20:43:26,2017-03-27,Incline Bench Press (Barbell),7,53,11225.0,237.5,206.78571428571428,300.8333333333333,10,240.0,9160.0,42.0,304.0,6.0,240.0,11360.0,304.0,255.0,9905.0,312.0,-2.5,2065.0,11.0,-3.1666666666666856,-2.5,-135.0,-3.1666666666666856,8.599965277777779,57,245.0,10141.666666666666,306.6666666666667,47.333333333333336,255.0,312.0,-15.0,-745.0,-8.0,237.5
2017-03-27 20:43:26,2017-03-27,Lateral Raise (Dumbbells),4,50,2280.0,60.0,45.0,90.0,15,60.0,1200.0,20.0,80.0,2.0,50.0,1500.0,66.66666666666666,30.0,900.0,45.0,0.0,1080.0,30.0,10.0,10.0,780.0,23.333333333333343,45.225960648148146,26,46.666666666666664,1200.0,63.888888888888886,26.666666666666668,60.0,80.0,30.0,300.0,35.0,60.0
2017-04-02 10:30:48,2017-04-02,Squat (Barbell),7,39,10745.0,330.0,276.42857142857144,396.0,6,315.0,13260.0,52.0,378.0,8.0,315.0,16140.0,378.0,315.0,13380.0,388.5,15.0,-2515.0,-13.0,18.0,15.0,-5395.0,18.0,15.059282407407407,73,315.0,14260.0,381.5,56.0,315.0,388.5,0.0,-120.0,-10.5,330.0
2017-04-05 00:38:48,2017-04-05,Incline Bench Press (Barbell),6,44,9450.0,240.0,207.5,304.0,10,237.5,11225.0,53.0,300.8333333333333,7.0,240.0,9160.0,304.0,240.0,11360.0,304.0,2.5,-1775.0,-9.0,3.1666666666666856,0.0,290.0,0.0,8.163449074074075,58,239.16666666666666,10581.666666666666,302.94444444444446,49.666666666666664,240.0,304.0,-2.5,-135.0,-3.1666666666666856,240.0
2017-04-05 00:38:48,2017-04-05,Overhead Press (Dumbbell),2,16,1440.0,90.0,90.0,114.0,8,140.0,4480.0,32.0,196.0,3.0,120.0,2240.0,168.0,60.0,600.0,80.0,-50.0,-3040.0,-16.0,-82.0,-30.0,-800.0,-54.0,33.12315972222222,5,106.66666666666667,2440.0,148.0,21.333333333333332,140.0,196.0,80.0,3880.0,116.0,90.0
2017-04-07 12:16:04,2017-04-07,Incline Bench Press (Barbell),6,44,9190.0,235.0,203.33333333333334,297.66666666666663,10,240.0,9450.0,44.0,304.0,6.0,237.5,11225.0,300.8333333333333,240.0,9160.0,304.0,-5.0,-260.0,0.0,-6.333333333333371,-2.5,-2035.0,-3.1666666666666856,2.484212962962963,59,239.16666666666666,9945.0,302.9444444444444,46.333333333333336,240.0,304.0,0.0,290.0,0.0,235.0
2017-04-09 19:16:18,2017-04-09,Bicep Curl (Barbell),2,20,1900.0,95.0,95.0,126.66666666666666,10,100.0,2400.0,24.0,140.0,2.0,90.0,2700.0,120.0,90.0,3690.0,123.0,-5.0,-500.0,-4.0,-13.333333333333343,5.0,-800.0,6.666666666666657,57.19662037037037,50,93.33333333333333,2930.0,127.66666666666667,31.666666666666668,100.0,140.0,10.0,-1290.0,17.0,95.0
2017-04-09 19:16:18,2017-04-09,Hammer seated row (CLOSE GRIP),4,44,9920.0,230.0,225.0,322.0,12,235.0,5640.0,24.0,297.66666666666663,3.0,225.0,8400.0,293.3333333333333,215.0,10750.0,286.66666666666663,-5.0,4280.0,20.0,24.33333333333337,5.0,1520.0,28.666666666666686,15.183333333333334,26,225.0,8263.333333333334,292.5555555555555,37.333333333333336,235.0,297.66666666666663,20.0,-5110.0,11.0,230.0
2017-04-09 19:16:18,2017-04-09,Lat Pulldown,2,20,3400.0,170.0,170.0,226.66666666666663,10,185.0,4380.0,24.0,259.0,2.0,150.0,2850.0,200.0,195.0,4110.0,260.0,-15.0,-980.0,-4.0,-32.33333333333337,20.0,550.0,26.66666666666663,90.54614583333333,22,176.66666666666666,3780.0,239.66666666666666,22.0,195.0,260.0,-10.0,270.0,-1.0,170.0
2017-04-09 19:16:18,2017-04-09,Rear delt fly,3,36,3060.0,85.0,85.0,119.0,12,145.0,2900.0,20.0,193.3333333333333,2.0,145.0,5430.0,203.0,135.0,3240.0,189.0,-60.0,160.0,16.0,-74.33333333333329,-60.0,-2370.0,-84.0,15.183333333333334,63,141.66666666666666,3856.6666666666665,195.1111111111111,27.666666666666668,145.0,203.0,10.0,-340.0,4.333333333333286,85.0
2017-04-12 22:01:51,2017-04-12,Bench Press (Barbell),5,31,6760.0,280.0,216.0,345.33333333333337,7,290.0,6400.0,25.0,338.33333333333337,5.0,285.0,5350.0,332.5,290.0,7505.0,332.5,-10.0,360.0,6.0,7.0,-5.0,1410.0,12.833333333333371,16.05445601851852,6,288.3333333333333,6418.333333333333,334.44444444444446,26.666666666666668,290.0,338.33333333333337,0.0,-1105.0,5.833333333333371,280.0
2017-04-12 22:01:51,2017-04-12,Seated Shoulder Press (Barbell),9,68,12840.0,225.0,187.22222222222223,285.0,8,225.0,9655.0,47.0,285.0,7.0,225.0,11065.0,285.0,230.0,10820.0,276.0,0.0,3185.0,21.0,0.0,0.0,1775.0,0.0,36.6415625,50,226.66666666666666,10513.333333333334,282.0,54.0,230.0,285.0,-5.0,-1165.0,9.0,225.0
2017-04-13 15:14:59,2017-04-13,Hammer seated row (CLOSE GRIP),4,40,10000.0,250.0,250.0,333.3333333333333,10,230.0,9920.0,44.0,322.0,4.0,235.0,5640.0,297.66666666666663,225.0,8400.0,293.3333333333333,20.0,80.0,-4.0,11.333333333333314,15.0,4360.0,35.666666666666686,3.8324189814814815,27,230.0,7986.666666666667,304.3333333333333,35.333333333333336,235.0,322.0,5.0,1520.0,28.666666666666686,250.0
2017-04-16 15:15:15,2017-04-16,Incline Bench Press (Barbell),7,53,11080.0,237.5,204.28571428571428,300.8333333333333,10,235.0,9190.0,44.0,297.66666666666663,6.0,240.0,9450.0,304.0,237.5,11225.0,300.8333333333333,2.5,1890.0,9.0,3.1666666666666856,-2.5,1630.0,-3.1666666666666856,9.12443287037037,60,237.5,9955.0,300.8333333333333,47.0,240.0,304.0,-2.5,-2035.0,-3.1666666666666856,237.5
2017-04-18 08:30:12,2017-04-18,Leg curl,2,24,3480.0,145.0,145.0,203.0,12,140.0,5040.0,36.0,196.0,3.0,140.0,2700.0,186.66666666666663,150.0,3600.0,210.0,5.0,-1560.0,-12.0,7.0,5.0,780.0,16.33333333333337,30.975532407407407,15,143.33333333333334,3780.0,197.55555555555554,26.666666666666668,150.0,210.0,-10.0,1440.0,-14.0,145.0
2017-04-18 08:30:12,2017-04-18,Leg press (hinge ),2,20,7200.0,360.0,360.0,480.0,10,500.0,20000.0,40.0,666.6666666666666,4.0,450.0,16200.0,630.0,360.0,14400.0,480.0,-140.0,-12800.0,-20.0,-186.66666666666663,-90.0,-9000.0,-150.0,38.71302083333333,39,436.6666666666667,16866.666666666668,592.2222222222222,38.666666666666664,500.0,666.6666666666666,140.0,5600.0,186.66666666666663,360.0
2017-04-18 08:30:12,2017-04-18,Squat (Barbell),8,44,11980.0,340.0,276.25,402.0,6,330.0,10745.0,39.0,396.0,7.0,315.0,13260.0,378.0,315.0,16140.0,378.0,10.0,1235.0,5.0,6.0,25.0,-1280.0,24.0,15.91625,74,320.0,13381.666666666666,384.0,51.666666666666664,330.0,396.0,15.0,-5395.0,18.0,340.0
2017-04-21 11:51:57,2017-04-21,Seated Shoulder Press (Barbell),7,52,9520.0,225.0,182.14285714285714,285.0,9,225.0,12840.0,68.0,285.0,9.0,225.0,9655.0,285.0,225.0,11065.0,285.0,0.0,-3320.0,-16.0,0.0,0.0,-135.0,0.0,8.576458333333333,51,225.0,11186.666666666666,285.0,57.333333333333336,225.0,285.0,0.0,1775.0,0.0,225.0
2017-04-23 16:23:07,2017-04-23,Leg curl,3,30,4350.0,145.0,145.0,193.3333333333333,10,145.0,3480.0,24.0,203.0,2.0,140.0,5040.0,196.0,140.0,2700.0,186.66666666666663,0.0,870.0,6.0,-9.666666666666714,5.0,-690.0,-2.666666666666714,5.328414351851852,16,141.66666666666666,3740.0,195.2222222222222,26.666666666666668,145.0,203.0,5.0,780.0,16.33333333333337,145.0
2017-04-23 16:23:07,2017-04-23,Squat (Barbell),8,57,14035.0,295.0,242.5,373.6666666666666,8,340.0,11980.0,44.0,402.0,8.0,330.0,10745.0,396.0,315.0,13260.0,378.0,-45.0,2055.0,13.0,-28.333333333333428,-35.0,3290.0,-22.333333333333428,5.328414351851852,75,328.3333333333333,11995.0,392.0,45.0,340.0,402.0,25.0,-1280.0,24.0,295.0
2017-04-27 12:29:06,2017-04-27,Bench Press (Barbell),5,34,7480.0,255.0,211.0,323.0,8,280.0,6760.0,31.0,345.33333333333337,5.0,290.0,6400.0,338.33333333333337,285.0,5350.0,332.5,-25.0,720.0,3.0,-22.33333333333337,-35.0,1080.0,-15.333333333333371,14.602256944444445,7,285.0,6170.0,338.72222222222223,26.0,290.0,345.33333333333337,-5.0,1410.0,12.833333333333371,255.0
2017-04-27 12:29:06,2017-04-27,Incline Bench Press (Barbell),6,40,8590.0,240.0,208.33333333333334,304.0,8,237.5,11080.0,53.0,300.8333333333333,7.0,235.0,9190.0,297.66666666666663,240.0,9450.0,304.0,2.5,-2490.0,-13.0,3.1666666666666856,5.0,-600.0,6.333333333333371,10.884618055555556,61,237.5,9906.666666666666,300.8333333333333,47.0,240.0,304.0,-2.5,1630.0,-3.1666666666666856,240.0
2017-05-03 20:07:57,2017-05-03,Seated Shoulder Press (Barbell),7,60,10820.0,205.0,175.0,273.3333333333333,10,225.0,9520.0,52.0,285.0,7.0,225.0,12840.0,285.0,225.0,9655.0,285.0,-20.0,1300.0,8.0,-11.666666666666686,-20.0,-2020.0,-11.666666666666686,12.344444444444445,52,225.0,10671.666666666666,285.0,55.666666666666664,225.0,285.0,0.0,-135.0,0.0,205.0
2017-05-04 15:26:50,2017-05-04,Seated Cable Row (close Grip),2,20,4200.0,210.0,210.0,280.0,10,210.0,7700.0,40.0,280.0,4.0,190.0,7460.0,253.3333333333333,180.0,7200.0,240.0,0.0,-3500.0,-20.0,0.0,20.0,-3260.0,26.666666666666714,103.97883101851852,42,193.33333333333334,7453.333333333333,257.77777777777777,41.333333333333336,210.0,280.0,30.0,500.0,40.0,210.0
2017-05-06 11:41:46,2017-05-06,Leg outward fly,3,36,4320.0,120.0,120.0,168.0,12,130.0,5240.0,44.0,173.33333333333331,4.0,120.0,4320.0,168.0,120.0,5040.0,176.0,-10.0,-920.0,-8.0,-5.333333333333314,0.0,0.0,0.0,187.75381944444445,11,123.33333333333333,4866.666666666667,172.44444444444443,40.666666666666664,130.0,176.0,10.0,200.0,-2.6666666666666856,120.0
2017-05-06 11:41:46,2017-05-06,Romanian Deadlift (Barbell),3,24,4520.0,195.0,188.33333333333334,247.0,8,225.0,3600.0,16.0,285.0,2.0,265.0,8740.0,318.0,225.0,4465.0,285.0,-30.0,920.0,8.0,-38.0,-70.0,-4220.0,-71.0,101.60645833333334,12,238.33333333333334,5601.666666666667,296.0,24.333333333333332,265.0,318.0,0.0,-865.0,0.0,195.0
2017-05-06 11:41:46,2017-05-06,Squat (Barbell),10,65,15385.0,325.0,237.0,379.1666666666667,8,295.0,14035.0,57.0,373.6666666666666,8.0,340.0,11980.0,402.0,330.0,10745.0,396.0,30.0,1350.0,8.0,5.500000000000114,-15.0,3405.0,-22.833333333333314,12.804618055555556,76,321.6666666666667,12253.333333333334,390.5555555555555,46.666666666666664,340.0,402.0,-35.0,3290.0,-22.333333333333428,325.0
2017-05-07 12:55:29,2017-05-07,Incline Bench Press (Barbell),6,40,8170.0,240.0,195.0,304.0,8,240.0,8590.0,40.0,304.0,6.0,237.5,11080.0,300.8333333333333,235.0,9190.0,297.66666666666663,0.0,-420.0,0.0,0.0,2.5,-2910.0,3.1666666666666856,10.018321759259258,62,237.5,9620.0,300.8333333333333,45.666666666666664,240.0,304.0,5.0,-600.0,6.333333333333371,240.0
2017-05-07 12:55:29,2017-05-07,Incline Press (Dumbbell),3,32,5860.0,190.0,183.33333333333334,253.3333333333333,12,150.0,3300.0,22.0,210.0,2.0,180.0,5040.0,240.0,190.0,5700.0,253.3333333333333,40.0,2560.0,10.0,43.333333333333286,10.0,820.0,13.333333333333286,119.28185185185185,15,173.33333333333334,4680.0,234.44444444444443,26.666666666666668,190.0,253.3333333333333,-40.0,-2400.0,-43.333333333333286,190.0
2017-05-07 12:55:29,2017-05-07,Lateral Raise (Dumbbells),2,30,600.0,20.0,20.0,30.0,15,60.0,2280.0,50.0,90.0,4.0,60.0,1200.0,80.0,50.0,1500.0,66.66666666666666,-40.0,-1680.0,-20.0,-60.0,-40.0,-600.0,-50.0,40.67503472222222,27,56.666666666666664,1660.0,78.88888888888889,33.333333333333336,60.0,90.0,10.0,780.0,23.333333333333343,20.0
2017-05-10 21:21:37,2017-05-10,Good Morning (Barbell),2,16,3280.0,205.0,205.0,259.66666666666663,8,95.0,2090.0,22.0,133.0,2.0,100.0,3200.0,140.0,100.0,2100.0,136.66666666666666,110.0,1190.0,-6.0,126.66666666666663,105.0,80.0,119.66666666666663,228.97224537037036,10,98.33333333333333,2463.3333333333335,136.55555555555554,25.0,100.0,140.0,-5.0,-10.0,-3.666666666666657,205.0
2017-05-10 21:21:37,2017-05-10,Leg outward fly,3,36,4320.0,120.0,120.0,168.0,12,120.0,4320.0,36.0,168.0,3.0,130.0,5240.0,173.33333333333331,120.0,4320.0,168.0,0.0,0.0,0.0,0.0,-10.0,-920.0,-5.333333333333314,4.402673611111111,12,123.33333333333333,4626.666666666667,169.77777777777777,38.666666666666664,130.0,173.33333333333331,0.0,0.0,0.0,120.0
2017-05-10 21:21:37,2017-05-10,Squat (Barbell),8,46,11990.0,365.0,263.125,425.83333333333337,6,325.0,15385.0,65.0,379.1666666666667,10.0,295.0,14035.0,373.6666666666666,340.0,11980.0,402.0,40.0,-3395.0,-19.0,46.666666666666686,70.0,-2045.0,52.1666666666668,4.402673611111111,77,320.0,13800.0,384.9444444444444,55.333333333333336,340.0,402.0,-15.0,3405.0,-22.833333333333314,365.0
2017-05-12 10:54:08,2017-05-12,Lateral Raise (Dumbbells),3,36,1800.0,50.0,50.0,70.0,12,20.0,600.0,30.0,30.0,2.0,60.0,2280.0,90.0,60.0,1200.0,80.0,30.0,1200.0,6.0,40.0,-10.0,-480.0,-20.0,4.915729166666667,28,46.666666666666664,1360.0,66.66666666666667,33.333333333333336,60.0,90.0,-40.0,-600.0,-50.0,50.0
2017-05-12 10:54:08,2017-05-12,Seated Shoulder Press (Barbell),8,53,9915.0,225.0,181.25,285.0,8,205.0,10820.0,60.0,273.3333333333333,7.0,225.0,9520.0,285.0,225.0,12840.0,285.0,20.0,-905.0,-7.0,11.666666666666686,0.0,395.0,0.0,8.615405092592592,53,218.33333333333334,11060.0,281.1111111111111,60.0,225.0,285.0,-20.0,-2020.0,-11.666666666666686,225.0
2017-05-14 11:20:36,2017-05-14,Bent Over Row (Dumbbell),3,30,5400.0,180.0,180.0,240.0,10,90.0,1980.0,22.0,126.0,2.0,100.0,3000.0,133.33333333333331,100.0,4000.0,133.33333333333331,90.0,3420.0,8.0,114.0,80.0,2400.0,106.66666666666669,128.6737962962963,10,96.66666666666667,2993.3333333333335,130.88888888888889,30.666666666666668,100.0,133.33333333333331,-10.0,-2020.0,-7.333333333333314,180.0
2017-05-14 11:20:36,2017-05-14,Bicep Curl (Barbell),1,10,650.0,65.0,65.0,86.66666666666666,10,95.0,1900.0,20.0,126.66666666666666,2.0,100.0,2400.0,140.0,90.0,2700.0,120.0,-30.0,-1250.0,-10.0,-40.0,-35.0,-1750.0,-53.33333333333334,34.66965277777778,51,95.0,2333.3333333333335,128.88888888888889,24.666666666666668,100.0,140.0,5.0,-800.0,6.666666666666657,65.0
2017-05-14 11:20:36,2017-05-14,Seated Cable Row (close Grip),3,34,6120.0,180.0,180.0,252.0,12,210.0,4200.0,20.0,280.0,2.0,210.0,7700.0,280.0,190.0,7460.0,253.3333333333333,-30.0,1920.0,14.0,-28.0,-30.0,-1580.0,-28.0,9.82900462962963,43,203.33333333333334,6453.333333333333,271.1111111111111,34.666666666666664,210.0,280.0,20.0,-3260.0,26.666666666666714,180.0
2017-05-15 18:02:56,2017-05-15,Squat (Barbell),7,53,14185.0,315.0,267.85714285714283,399.0,8,365.0,11990.0,46.0,425.83333333333337,8.0,325.0,15385.0,379.1666666666667,295.0,14035.0,373.6666666666666,-50.0,2195.0,7.0,-26.83333333333337,-10.0,-1200.0,19.833333333333314,4.862025462962963,78,328.3333333333333,13803.333333333334,392.8888888888889,56.0,365.0,425.83333333333337,70.0,-2045.0,52.1666666666668,315.0
2017-05-16 22:54:45,2017-05-16,Bench Press (Barbell),5,35,7680.0,280.0,215.0,345.33333333333337,8,255.0,7480.0,34.0,323.0,5.0,280.0,6760.0,345.33333333333337,290.0,6400.0,338.33333333333337,25.0,200.0,1.0,22.33333333333337,0.0,920.0,0.0,19.434479166666666,8,275.0,6880.0,335.5555555555556,30.0,290.0,345.33333333333337,-35.0,1080.0,-15.333333333333371,280.0
2017-05-16 22:54:45,2017-05-16,Incline Bench Press (Barbell),6,48,9830.0,235.0,201.66666666666666,297.66666666666663,14,240.0,8170.0,40.0,304.0,6.0,240.0,8590.0,304.0,237.5,11080.0,300.8333333333333,-5.0,1660.0,8.0,-6.333333333333371,-5.0,1240.0,-6.333333333333371,9.416157407407407,63,239.16666666666666,9280.0,302.9444444444444,44.333333333333336,240.0,304.0,2.5,-2910.0,3.1666666666666856,235.0
2017-05-21 12:14:15,2017-05-21,Lateral Raise (Dumbbells),2,20,800.0,40.0,40.0,53.33333333333333,10,50.0,1800.0,36.0,70.0,3.0,20.0,600.0,30.0,60.0,2280.0,90.0,-10.0,-1000.0,-16.0,-16.66666666666667,20.0,200.0,23.33333333333333,9.055636574074073,29,43.333333333333336,1560.0,63.333333333333336,38.666666666666664,60.0,90.0,-10.0,-480.0,-20.0,40.0
2017-05-21 12:14:15,2017-05-21,Seated Shoulder Press (Barbell),7,50,9810.0,225.0,191.42857142857142,285.0,8,225.0,9915.0,53.0,285.0,8.0,205.0,10820.0,273.3333333333333,225.0,9520.0,285.0,0.0,-105.0,-3.0,0.0,20.0,-1010.0,11.666666666666686,9.055636574074073,54,218.33333333333334,10085.0,281.1111111111111,55.0,225.0,285.0,0.0,395.0,0.0,225.0
2017-05-21 12:14:15,2017-05-21,Shoulder Press (Standing),3,30,1850.0,70.0,61.666666666666664,93.33333333333331,10,65.0,750.0,14.0,78.0,2.0,105.0,1850.0,126.0,80.0,1600.0,106.66666666666666,5.0,1100.0,16.0,15.333333333333314,-35.0,0.0,-32.666666666666686,183.87189814814815,12,83.33333333333333,1400.0,103.55555555555554,18.0,105.0,126.0,-15.0,-850.0,-28.666666666666657,70.0
2017-05-23 21:03:11,2017-05-23,Bent Over Row (Dumbbell),4,46,4600.0,100.0,100.0,140.0,12,180.0,5400.0,30.0,240.0,3.0,90.0,1980.0,126.0,100.0,3000.0,133.33333333333331,-80.0,-800.0,16.0,-100.0,10.0,2620.0,14.0,9.404571759259259,11,123.33333333333333,3460.0,166.44444444444443,27.333333333333332,180.0,240.0,80.0,2400.0,106.66666666666669,100.0
2017-05-23 21:03:11,2017-05-23,Hammer Curl (Dumbbell ),1,10,600.0,60.0,60.0,80.0,10,60.0,2700.0,45.0,90.0,3.0,70.0,2520.0,98.0,50.0,1200.0,70.0,0.0,-2100.0,-35.0,-10.0,-10.0,-1920.0,-18.0,63.03012731481481,17,60.0,2140.0,86.0,35.0,70.0,98.0,10.0,1500.0,20.0,60.0
2017-05-23 21:03:11,2017-05-23,Pull Up,1,8,0.0,0.0,0.0,0.0,8,10.0,240.0,24.0,14.0,2.0,30.0,900.0,40.0,25.0,500.0,33.33333333333333,-10.0,-240.0,-16.0,-14.0,-30.0,-900.0,-40.0,134.62037037037038,14,21.666666666666668,546.6666666666666,29.11111111111111,24.666666666666668,30.0,40.0,-15.0,-260.0,-19.33333333333333,0.0
2017-05-30 21:15:03,2017-05-30,Leg outward fly,4,50,5800.0,140.0,120.0,186.66666666666663,15,120.0,4320.0,36.0,168.0,3.0,120.0,4320.0,168.0,130.0,5240.0,173.33333333333331,20.0,1480.0,14.0,18.66666666666663,20.0,1480.0,18.66666666666663,19.995439814814816,13,123.33333333333333,4626.666666666667,169.77777777777777,38.666666666666664,130.0,173.33333333333331,-10.0,-920.0,-5.333333333333314,140.0
2017-05-30 21:15:03,2017-05-30,Romanian Deadlift (Barbell),3,20,4500.0,225.0,225.0,285.0,8,195.0,4520.0,24.0,247.0,3.0,225.0,3600.0,285.0,265.0,8740.0,318.0,30.0,-20.0,-4.0,38.0,0.0,900.0,0.0,24.398113425925924,13,228.33333333333334,5620.0,283.3333333333333,25.333333333333332,265.0,318.0,-70.0,-4220.0,-71.0,225.0
2017-05-30 21:15:03,2017-05-30,Squat (Barbell),9,53,14470.0,330.0,272.77777777777777,385.0,8,315.0,14185.0,53.0,399.0,7.0,365.0,11990.0,425.83333333333337,325.0,15385.0,379.1666666666667,15.0,285.0,0.0,-14.0,-35.0,2480.0,-40.83333333333337,15.133414351851853,79,335.0,13853.333333333334,401.3333333333333,54.666666666666664,365.0,425.83333333333337,-10.0,-1200.0,19.833333333333314,330.0
2017-05-31 19:40:23,2017-05-31,Seated Shoulder Press (Barbell),7,57,10390.0,225.0,185.71428571428572,292.5,12,225.0,9810.0,50.0,285.0,7.0,225.0,9915.0,285.0,205.0,10820.0,273.3333333333333,0.0,580.0,7.0,7.5,0.0,475.0,7.5,10.309814814814814,55,218.33333333333334,10181.666666666666,281.1111111111111,54.333333333333336,225.0,285.0,20.0,-1010.0,11.666666666666686,225.0
2017-06-03 13:21:47,2017-06-03,Deadlift (Barbell),2,12,2820.0,235.0,235.0,282.0,6,205.0,1025.0,5.0,239.16666666666669,1.0,295.0,5345.0,354.0,255.0,1275.0,297.5,30.0,1795.0,7.0,42.833333333333314,-60.0,-2525.0,-72.0,107.05262731481481,12,251.66666666666666,2548.3333333333335,296.8888888888889,10.333333333333334,295.0,354.0,-50.0,-250.0,-58.333333333333314,235.0
2017-06-03 13:21:47,2017-06-03,Romanian Deadlift (Barbell),2,16,3760.0,235.0,235.0,297.66666666666663,8,225.0,4500.0,20.0,285.0,3.0,195.0,4520.0,247.0,225.0,3600.0,285.0,10.0,-740.0,-4.0,12.666666666666629,40.0,-760.0,50.66666666666663,3.6713425925925924,14,215.0,4206.666666666667,272.3333333333333,20.0,225.0,285.0,0.0,900.0,0.0,235.0
2017-06-03 13:21:47,2017-06-03,Squat (Barbell),8,62,13250.0,245.0,211.25,310.3333333333333,8,330.0,14470.0,53.0,385.0,9.0,315.0,14185.0,399.0,365.0,11990.0,425.83333333333337,-85.0,-1220.0,9.0,-74.66666666666669,-70.0,-935.0,-88.66666666666669,3.6713425925925924,80,336.6666666666667,13548.333333333334,403.27777777777777,50.666666666666664,365.0,425.83333333333337,-35.0,2480.0,-40.83333333333337,245.0
2017-06-04 00:50:32,2017-06-04,Incline Bench Press (Barbell),7,46,10070.0,245.0,214.28571428571428,297.66666666666663,8,235.0,9830.0,48.0,297.66666666666663,6.0,240.0,8170.0,304.0,240.0,8590.0,304.0,10.0,240.0,-2.0,0.0,5.0,1900.0,-6.333333333333371,18.080405092592592,64,238.33333333333334,8863.333333333334,301.8888888888889,42.666666666666664,240.0,304.0,-5.0,1240.0,-6.333333333333371,245.0
2017-06-04 00:50:32,2017-06-04,Incline Press (Dumbbell),2,18,3420.0,190.0,190.0,253.3333333333333,10,190.0,5860.0,32.0,253.3333333333333,3.0,150.0,3300.0,210.0,180.0,5040.0,240.0,0.0,-2440.0,-14.0,0.0,40.0,120.0,43.333333333333286,27.4965625,16,173.33333333333334,4733.333333333333,234.44444444444443,27.333333333333332,190.0,253.3333333333333,10.0,820.0,13.333333333333286,190.0
2017-06-04 00:50:32,2017-06-04,Shoulder Press (Standing),2,20,1700.0,85.0,85.0,113.33333333333331,10,70.0,1850.0,30.0,93.33333333333331,3.0,65.0,750.0,78.0,105.0,1850.0,126.0,15.0,-150.0,-10.0,20.0,20.0,950.0,35.333333333333314,13.52519675925926,13,80.0,1483.3333333333333,99.1111111111111,21.333333333333332,105.0,126.0,-35.0,0.0,-32.666666666666686,85.0
2017-06-05 19:50:48,2017-06-05,Bicep Curl (Barbell),2,20,1600.0,80.0,80.0,106.66666666666666,10,65.0,650.0,10.0,86.66666666666666,1.0,95.0,1900.0,126.66666666666666,100.0,2400.0,140.0,15.0,950.0,10.0,20.0,-15.0,-300.0,-20.0,22.354305555555555,52,86.66666666666667,1650.0,117.77777777777777,18.0,100.0,140.0,-35.0,-1750.0,-53.33333333333334,80.0
2017-06-05 19:50:48,2017-06-05,Hammer seated row (CLOSE GRIP),5,50,8620.0,230.0,184.0,314.3333333333333,16,250.0,10000.0,40.0,333.3333333333333,4.0,230.0,9920.0,322.0,235.0,5640.0,297.66666666666663,-20.0,-1380.0,10.0,-19.0,0.0,-1300.0,-7.666666666666686,53.19153935185185,28,238.33333333333334,8520.0,317.6666666666667,36.0,250.0,333.3333333333333,15.0,4360.0,35.666666666666686,230.0
2017-07-17 13:29:23,2017-07-17,Bicep Curl (Barbell),3,31,2625.0,95.0,85.0,126.66666666666666,11,80.0,1600.0,20.0,106.66666666666666,2.0,65.0,650.0,86.66666666666666,95.0,1900.0,126.66666666666666,15.0,1025.0,11.0,20.0,30.0,1975.0,40.0,41.73512731481482,53,80.0,1383.3333333333333,106.66666666666667,16.666666666666668,95.0,126.66666666666666,-15.0,-300.0,-20.0,95.0
2017-07-17 13:29:23,2017-07-17,Seated Cable Row (close Grip),4,40,6600.0,170.0,165.0,226.66666666666663,10,180.0,6120.0,34.0,252.0,3.0,210.0,4200.0,280.0,210.0,7700.0,280.0,-10.0,480.0,6.0,-25.33333333333337,-40.0,2400.0,-53.33333333333337,64.08943287037037,44,200.0,6006.666666666667,270.6666666666667,31.333333333333332,210.0,280.0,-30.0,-1580.0,-28.0,170.0
2017-07-20 21:58:46,2017-07-20,Incline Bench Press (Barbell),8,54,11210.0,250.0,198.75,310.3333333333333,10,245.0,10070.0,46.0,297.66666666666663,7.0,235.0,9830.0,297.66666666666663,240.0,8170.0,304.0,5.0,1140.0,8.0,12.666666666666686,15.0,1380.0,12.666666666666686,46.880717592592596,65,240.0,9356.666666666666,299.77777777777777,44.666666666666664,245.0,304.0,5.0,1900.0,-6.333333333333371,250.0
2017-07-20 21:58:46,2017-07-20,Incline Press (Dumbbell),3,30,5400.0,180.0,180.0,240.0,10,190.0,3420.0,18.0,253.3333333333333,2.0,190.0,5860.0,253.3333333333333,150.0,3300.0,210.0,-10.0,1980.0,12.0,-13.333333333333286,-10.0,-460.0,-13.333333333333286,46.880717592592596,17,176.66666666666666,4193.333333333333,238.88888888888883,24.0,190.0,253.3333333333333,40.0,120.0,43.333333333333286,180.0
2017-07-24 12:48:01,2017-07-24,Lateral Raise (Dumbbells),3,36,1320.0,40.0,36.666666666666664,56.0,12,40.0,800.0,20.0,53.33333333333333,2.0,50.0,1800.0,70.0,20.0,600.0,30.0,0.0,520.0,16.0,2.6666666666666714,-10.0,-480.0,-14.0,64.02344907407408,30,36.666666666666664,1066.6666666666667,51.11111111111111,28.666666666666668,50.0,70.0,20.0,200.0,23.33333333333333,40.0
2017-07-24 12:48:01,2017-07-24,Rope Never Ending,1,5,5000.0,1000.0,1000.0,1166.6666666666667,5,450.0,0.0,0.0,450.0,1.0,0.0,0.0,0.0,0.0,0.0,0.0,550.0,5000.0,5.0,716.6666666666667,0.0,0.0,0.0,3.617534722222222,1,450.0,0.0,450.0,0.0,450.0,450.0,0.0,0.0,0.0,1000.0
2017-07-24 12:48:01,2017-07-24,Seated Shoulder Press (Barbell),6,49,10010.0,230.0,200.83333333333334,299.0,12,225.0,10390.0,57.0,292.5,7.0,225.0,9810.0,285.0,225.0,9915.0,285.0,5.0,-380.0,-8.0,6.5,5.0,200.0,14.0,53.71363425925926,56,225.0,10038.333333333334,287.5,53.333333333333336,225.0,292.5,0.0,475.0,7.5,230.0
2017-07-24 12:48:01,2017-07-24,Shoulder Press (Standing),2,20,1400.0,75.0,70.0,100.0,10,85.0,1700.0,20.0,113.33333333333331,2.0,70.0,1850.0,93.33333333333331,65.0,750.0,78.0,-10.0,-300.0,0.0,-13.333333333333314,5.0,-450.0,6.666666666666686,50.49825231481481,14,73.33333333333333,1433.3333333333333,94.88888888888887,21.333333333333332,85.0,113.33333333333331,20.0,950.0,35.333333333333314,75.0
2017-07-28 22:34:27,2017-07-28,Incline Bench Press (Barbell),7,51,10465.0,230.0,195.0,299.0,9,250.0,11210.0,54.0,310.3333333333333,8.0,245.0,10070.0,297.66666666666663,235.0,9830.0,297.66666666666663,-20.0,-745.0,-3.0,-11.333333333333314,-15.0,395.0,1.3333333333333712,8.024780092592593,66,243.33333333333334,10370.0,301.88888888888886,49.333333333333336,250.0,310.3333333333333,15.0,1380.0,12.666666666666686,230.0
2017-07-28 22:34:27,2017-07-28,Lateral Raise (Dumbbells),2,30,1200.0,40.0,40.0,60.0,15,40.0,1320.0,36.0,56.0,3.0,40.0,800.0,53.33333333333333,50.0,1800.0,70.0,0.0,-120.0,-6.0,4.0,0.0,400.0,6.666666666666671,4.4072453703703705,31,43.333333333333336,1306.6666666666667,59.77777777777777,30.666666666666668,50.0,70.0,-10.0,-480.0,-14.0,40.0
2017-07-28 22:34:27,2017-07-28,Rope Never Ending,1,5,5500.0,1100.0,1100.0,1283.3333333333337,5,1000.0,5000.0,5.0,1166.6666666666667,1.0,450.0,0.0,450.0,0.0,0.0,0.0,100.0,500.0,0.0,116.66666666666697,650.0,5500.0,833.3333333333337,4.4072453703703705,2,725.0,2500.0,808.3333333333334,2.5,1000.0,1166.6666666666667,0.0,0.0,0.0,1100.0
2017-07-28 22:34:27,2017-07-28,Shoulder Press (Standing),2,20,1800.0,90.0,90.0,120.0,10,75.0,1400.0,20.0,100.0,2.0,85.0,1700.0,113.33333333333331,70.0,1850.0,93.33333333333331,15.0,400.0,0.0,20.0,5.0,100.0,6.666666666666686,4.4072453703703705,15,76.66666666666667,1650.0,102.22222222222221,23.333333333333332,85.0,113.33333333333331,5.0,-450.0,6.666666666666686,90.0
2017-07-29 20:19:26,2017-07-29,Bent Over Row (Dumbbell),3,30,2700.0,90.0,90.0,120.0,10,100.0,4600.0,46.0,140.0,4.0,180.0,5400.0,240.0,90.0,1980.0,126.0,-10.0,-1900.0,-16.0,-20.0,-90.0,-2700.0,-120.0,66.96961805555556,12,123.33333333333333,3993.3333333333335,168.66666666666666,32.666666666666664,180.0,240.0,10.0,2620.0,14.0,90.0
2017-07-29 20:19:26,2017-07-29,Hammer Curl (Dumbbell ),5,52,3480.0,80.0,68.0,101.33333333333331,12,60.0,600.0,10.0,80.0,1.0,60.0,2700.0,90.0,70.0,2520.0,98.0,20.0,2880.0,42.0,21.333333333333314,20.0,780.0,11.333333333333314,66.96961805555556,18,63.333333333333336,1940.0,89.33333333333333,30.333333333333332,70.0,98.0,-10.0,-1920.0,-18.0,80.0
2017-07-29 20:19:26,2017-07-29,Pull Up,2,20,0.0,0.0,0.0,0.0,10,0.0,0.0,8.0,0.0,1.0,10.0,240.0,14.0,30.0,900.0,40.0,0.0,0.0,12.0,0.0,-10.0,-240.0,-14.0,66.96961805555556,15,13.333333333333334,380.0,18.0,20.666666666666668,30.0,40.0,-30.0,-900.0,-40.0,0.0
2017-07-30 22:07:52,2017-07-30,Deadlift (Barbell),4,20,4700.0,255.0,235.0,297.5,5,235.0,2820.0,12.0,282.0,2.0,205.0,1025.0,239.16666666666669,295.0,5345.0,354.0,20.0,1880.0,8.0,15.5,50.0,3675.0,58.333333333333314,57.36533564814815,13,245.0,3063.3333333333335,291.72222222222223,12.666666666666666,295.0,354.0,-60.0,-2525.0,-72.0,255.0
2017-07-30 22:07:52,2017-07-30,Leg curl,1,10,1300.0,130.0,130.0,173.33333333333331,10,145.0,4350.0,30.0,193.3333333333333,3.0,145.0,3480.0,203.0,140.0,5040.0,196.0,-15.0,-3050.0,-20.0,-19.99999999999997,-15.0,-2180.0,-29.666666666666686,98.23940972222222,17,143.33333333333334,4290.0,197.44444444444443,30.0,145.0,203.0,5.0,-690.0,-2.666666666666714,130.0
2017-07-30 22:07:52,2017-07-30,Leg outward fly,3,36,5400.0,150.0,150.0,210.0,12,140.0,5800.0,50.0,186.66666666666663,4.0,120.0,4320.0,168.0,120.0,4320.0,168.0,10.0,-400.0,-14.0,23.33333333333337,30.0,1080.0,42.0,61.03667824074074,14,126.66666666666667,4813.333333333333,174.2222222222222,40.666666666666664,140.0,186.66666666666663,20.0,1480.0,18.66666666666663,150.0
2017-07-30 22:07:52,2017-07-30,Squat (Barbell),8,45,12910.0,345.0,286.875,414.0,6,245.0,13250.0,62.0,310.3333333333333,8.0,330.0,14470.0,385.0,315.0,14185.0,399.0,100.0,-340.0,-17.0,103.66666666666669,15.0,-1560.0,29.0,57.36533564814815,81,296.6666666666667,13968.333333333334,364.7777777777778,56.0,330.0,399.0,-70.0,-935.0,-88.66666666666669,345.0
2017-08-01 22:27:44,2017-08-01,Seated Shoulder Press (Barbell),7,48,9730.0,235.0,199.28571428571428,297.66666666666663,8,230.0,10010.0,49.0,299.0,6.0,225.0,10390.0,292.5,225.0,9810.0,285.0,5.0,-280.0,-1.0,-1.3333333333333712,10.0,-660.0,5.166666666666629,8.402581018518518,57,226.66666666666666,10070.0,292.1666666666667,52.0,230.0,299.0,5.0,200.0,14.0,235.0
2017-08-01 22:27:44,2017-08-01,Shoulder Press (Standing),5,31,2905.0,125.0,97.0,150.0,8,90.0,1800.0,20.0,120.0,2.0,75.0,1400.0,100.0,85.0,1700.0,113.33333333333331,35.0,1105.0,11.0,30.0,50.0,1505.0,50.0,3.9953356481481483,16,83.33333333333333,1633.3333333333333,111.1111111111111,20.0,90.0,120.0,5.0,100.0,6.666666666666686,125.0
2017-08-02 19:31:57,2017-08-02,Bicep Curl (Barbell),3,27,2565.0,95.0,95.0,123.5,9,95.0,2625.0,31.0,126.66666666666666,3.0,80.0,1600.0,106.66666666666666,65.0,650.0,86.66666666666666,0.0,-60.0,-4.0,-3.166666666666657,15.0,965.0,16.833333333333343,16.251782407407408,54,80.0,1625.0,106.66666666666667,20.333333333333332,95.0,126.66666666666666,30.0,1975.0,40.0,95.0
2017-08-02 19:31:57,2017-08-02,Hammer seated row (CLOSE GRIP),3,39,7500.0,200.0,193.33333333333334,280.0,15,230.0,8620.0,50.0,314.3333333333333,5.0,250.0,10000.0,333.3333333333333,230.0,9920.0,322.0,-30.0,-1120.0,-11.0,-34.333333333333314,-50.0,-2500.0,-53.333333333333314,57.98690972222222,29,236.66666666666666,9513.333333333334,323.2222222222222,44.666666666666664,250.0,333.3333333333333,0.0,-1300.0,-7.666666666666686,200.0
2017-08-05 14:59:00,2017-08-05,Incline Bench Press (Barbell),7,41,9370.0,260.0,225.71428571428572,310.3333333333333,8,230.0,10465.0,51.0,299.0,7.0,250.0,11210.0,310.3333333333333,245.0,10070.0,297.66666666666663,30.0,-1095.0,-10.0,11.333333333333314,10.0,-1840.0,0.0,7.683715277777778,67,241.66666666666666,10581.666666666666,302.3333333333333,50.333333333333336,250.0,310.3333333333333,-15.0,395.0,1.3333333333333712,260.0
2017-08-05 14:59:00,2017-08-05,Incline Press (Dumbbell),3,30,5300.0,180.0,176.66666666666666,240.0,10,180.0,5400.0,30.0,240.0,3.0,190.0,3420.0,253.3333333333333,190.0,5860.0,253.3333333333333,0.0,-100.0,0.0,0.0,-10.0,1880.0,-13.333333333333286,15.70849537037037,18,186.66666666666666,4893.333333333333,248.88888888888883,26.666666666666668,190.0,253.3333333333333,-10.0,-460.0,-13.333333333333286,180.0
2017-08-06 20:13:19,2017-08-06,Leg press (hinge ),5,60,28440.0,520.0,474.0,728.0,12,360.0,7200.0,20.0,480.0,2.0,500.0,20000.0,666.6666666666666,450.0,16200.0,630.0,160.0,21240.0,40.0,248.0,20.0,8440.0,61.33333333333337,110.48827546296296,40,436.6666666666667,14466.666666666666,592.2222222222222,32.0,500.0,666.6666666666666,-90.0,-9000.0,-150.0,520.0
2017-08-06 20:13:19,2017-08-06,Squat (Barbell),8,42,11560.0,345.0,278.75,402.5,6,345.0,12910.0,45.0,414.0,8.0,245.0,13250.0,310.3333333333333,330.0,14470.0,385.0,0.0,-1350.0,-3.0,-11.5,100.0,-1690.0,92.16666666666669,6.920451388888889,82,306.6666666666667,13543.333333333334,369.7777777777778,53.333333333333336,345.0,414.0,15.0,-1560.0,29.0,345.0
2017-08-07 22:47:36,2017-08-07,Bicep Curl (Barbell),3,32,2800.0,95.0,88.33333333333333,126.66666666666666,12,95.0,2565.0,27.0,123.5,3.0,95.0,2625.0,126.66666666666666,80.0,1600.0,106.66666666666666,0.0,235.0,5.0,3.166666666666657,0.0,175.0,0.0,5.135868055555555,55,90.0,2263.3333333333335,118.94444444444444,26.0,95.0,126.66666666666666,15.0,965.0,16.833333333333343,95.0
2017-08-07 22:47:36,2017-08-07,Neutral Chin,2,16,320.0,20.0,20.0,25.33333333333333,8,40.0,1200.0,30.0,53.33333333333333,3.0,45.0,1260.0,57.0,35.0,950.0,46.66666666666666,-20.0,-880.0,-14.0,-28.0,-25.0,-940.0,-31.66666666666667,167.07092592592593,3,40.0,1136.6666666666667,52.333333333333336,30.666666666666668,45.0,57.0,5.0,250.0,6.666666666666671,20.0
2017-08-07 22:47:36,2017-08-07,Rear delt fly,3,36,3600.0,100.0,100.0,140.0,12,85.0,3060.0,36.0,119.0,3.0,145.0,2900.0,193.3333333333333,145.0,5430.0,203.0,15.0,540.0,0.0,21.0,-45.0,700.0,-53.333333333333286,120.14673611111111,64,125.0,3796.6666666666665,171.77777777777774,31.666666666666668,145.0,203.0,-60.0,-2370.0,-84.0,100.0
2017-08-07 22:47:36,2017-08-07,Seated Cable Row (close Grip),4,40,6400.0,170.0,160.0,226.66666666666663,10,170.0,6600.0,40.0,226.66666666666663,4.0,180.0,6120.0,252.0,210.0,4200.0,280.0,0.0,-200.0,0.0,0.0,-10.0,280.0,-25.33333333333337,21.387650462962963,45,186.66666666666666,5640.0,252.8888888888889,31.333333333333332,210.0,280.0,-40.0,2400.0,-53.33333333333337,170.0
2017-08-09 21:16:36,2017-08-09,Seated Shoulder Press (Barbell),7,56,11280.0,240.0,201.42857142857142,304.0,8,235.0,9730.0,48.0,297.66666666666663,7.0,230.0,10010.0,299.0,225.0,10390.0,292.5,5.0,1550.0,8.0,6.333333333333371,10.0,1270.0,5.0,7.950601851851852,58,230.0,10043.333333333334,296.38888888888886,51.333333333333336,235.0,299.0,10.0,-660.0,5.166666666666629,240.0
2017-08-09 21:16:36,2017-08-09,Shoulder Press (Standing),5,31,3655.0,135.0,120.0,162.0,8,125.0,2905.0,31.0,150.0,5.0,90.0,1800.0,120.0,75.0,1400.0,100.0,10.0,750.0,0.0,12.0,45.0,1855.0,42.0,7.950601851851852,17,96.66666666666667,2035.0,123.33333333333333,23.666666666666668,125.0,150.0,50.0,1505.0,50.0,135.0
2017-08-11 23:16:08,2017-08-11,Deadlift (Barbell),4,20,6000.0,345.0,300.0,402.5,5,255.0,4700.0,20.0,297.5,4.0,235.0,2820.0,282.0,205.0,1025.0,239.16666666666669,90.0,1300.0,0.0,105.0,110.0,3180.0,120.5,12.047407407407407,14,231.66666666666666,2848.3333333333335,272.8888888888889,12.333333333333334,255.0,297.5,50.0,3675.0,58.333333333333314,345.0
2017-08-11 23:16:08,2017-08-11,Leg outward fly,3,36,5400.0,150.0,150.0,210.0,12,150.0,5400.0,36.0,210.0,3.0,140.0,5800.0,186.66666666666663,120.0,4320.0,168.0,0.0,0.0,0.0,0.0,10.0,-400.0,23.33333333333337,12.047407407407407,15,136.66666666666666,5173.333333333333,188.2222222222222,40.666666666666664,150.0,210.0,30.0,1080.0,42.0,150.0
2017-08-11 23:16:08,2017-08-11,Leg press (hinge ),2,24,8640.0,360.0,360.0,504.0,12,520.0,28440.0,60.0,728.0,5.0,360.0,7200.0,480.0,500.0,20000.0,666.6666666666666,-160.0,-19800.0,-36.0,-224.0,0.0,1440.0,24.0,5.126956018518518,41,460.0,18546.666666666668,624.8888888888888,40.0,520.0,728.0,20.0,8440.0,61.33333333333337,360.0
2017-08-11 23:16:08,2017-08-11,Squat (Barbell),8,45,12795.0,355.0,285.0,426.0,6,345.0,11560.0,42.0,402.5,8.0,345.0,12910.0,414.0,245.0,13250.0,310.3333333333333,10.0,1235.0,3.0,23.5,10.0,-115.0,12.0,5.126956018518518,83,311.6666666666667,12573.333333333334,375.61111111111114,49.666666666666664,345.0,414.0,100.0,-1690.0,92.16666666666669,355.0
2017-08-13 14:23:34,2017-08-13,Bent Over Row (Dumbbell),2,20,1700.0,90.0,85.0,120.0,10,90.0,2700.0,30.0,120.0,3.0,100.0,4600.0,140.0,180.0,5400.0,240.0,0.0,-1000.0,-10.0,0.0,-10.0,-2900.0,-20.0,14.75287037037037,13,123.33333333333333,4233.333333333333,166.66666666666666,35.333333333333336,180.0,240.0,-90.0,-2700.0,-120.0,90.0
2017-08-13 14:23:34,2017-08-13,Bicep Curl (Barbell),3,24,2400.0,100.0,100.0,126.66666666666666,8,95.0,2800.0,32.0,126.66666666666666,3.0,95.0,2565.0,123.5,95.0,2625.0,126.66666666666666,5.0,-400.0,-8.0,0.0,5.0,-165.0,3.166666666666657,5.649976851851852,56,95.0,2663.3333333333335,125.6111111111111,30.0,95.0,126.66666666666666,0.0,175.0,0.0,100.0
2017-08-13 14:23:34,2017-08-13,Face pull,3,30,3000.0,100.0,100.0,133.33333333333331,10,90.0,900.0,10.0,120.0,1.0,0.0,0.0,0.0,0.0,0.0,0.0,10.0,2100.0,20.0,13.333333333333314,0.0,0.0,0.0,10.785844907407407,1,90.0,900.0,120.0,10.0,90.0,120.0,0.0,0.0,0.0,100.0
2017-08-13 14:23:34,2017-08-13,Pull Up,1,8,80.0,10.0,10.0,12.666666666666666,8,0.0,0.0,20.0,0.0,2.0,0.0,0.0,0.0,10.0,240.0,14.0,10.0,80.0,-12.0,12.666666666666666,10.0,80.0,12.666666666666666,14.75287037037037,16,3.3333333333333335,80.0,4.666666666666667,17.333333333333332,10.0,14.0,-10.0,-240.0,-14.0,10.0
2017-08-13 14:23:34,2017-08-13,Seated Cable Row (close Grip),4,40,7100.0,180.0,177.5,240.0,10,170.0,6400.0,40.0,226.66666666666663,4.0,170.0,6600.0,226.66666666666663,180.0,6120.0,252.0,10.0,700.0,0.0,13.333333333333371,10.0,500.0,13.333333333333371,5.649976851851852,46,173.33333333333334,6373.333333333333,235.1111111111111,38.0,180.0,252.0,-10.0,280.0,-25.33333333333337,180.0
2017-08-14 11:07:27,2017-08-14,Incline Bench Press (Barbell),8,46,9065.0,257.5,189.6875,313.5,8,260.0,9370.0,41.0,310.3333333333333,7.0,230.0,10465.0,299.0,250.0,11210.0,310.3333333333333,-2.5,-305.0,5.0,3.1666666666666856,27.5,-1400.0,14.5,8.839201388888888,68,246.66666666666666,10348.333333333334,306.5555555555555,48.666666666666664,260.0,310.3333333333333,10.0,-1840.0,0.0,257.5
2017-08-14 11:07:27,2017-08-14,Incline Press (Dumbbell),3,32,5520.0,180.0,173.33333333333334,240.0,12,180.0,5300.0,30.0,240.0,3.0,180.0,5400.0,240.0,190.0,3420.0,253.3333333333333,0.0,220.0,2.0,0.0,0.0,120.0,0.0,8.839201388888888,19,183.33333333333334,4706.666666666667,244.44444444444443,26.0,190.0,253.3333333333333,-10.0,1880.0,-13.333333333333286,180.0
2017-08-17 23:57:04,2017-08-17,Seated Cable Row (close Grip),3,24,4560.0,190.0,190.0,240.66666666666663,8,180.0,7100.0,40.0,240.0,4.0,170.0,6400.0,226.66666666666663,170.0,6600.0,226.66666666666663,10.0,-2540.0,-16.0,0.6666666666666288,20.0,-1840.0,14.0,4.398263888888889,47,173.33333333333334,6700.0,231.1111111111111,40.0,180.0,240.0,10.0,500.0,13.333333333333371,190.0
2017-08-18 21:20:37,2017-08-18,Seated Shoulder Press (Barbell),8,53,10990.0,240.0,203.125,296.0,8,240.0,11280.0,56.0,304.0,7.0,235.0,9730.0,297.66666666666663,230.0,10010.0,299.0,0.0,-290.0,-3.0,-8.0,5.0,1260.0,-1.6666666666666288,9.002789351851852,59,235.0,10340.0,300.22222222222223,51.0,240.0,304.0,10.0,1270.0,5.0,240.0
2017-08-19 16:49:58,2017-08-19,Deadlift (Barbell),5,25,7875.0,375.0,315.0,437.5,5,345.0,6000.0,20.0,402.5,4.0,255.0,4700.0,297.5,235.0,2820.0,282.0,30.0,1875.0,5.0,35.0,120.0,3175.0,140.0,7.7318287037037035,15,278.3333333333333,4506.666666666667,327.3333333333333,17.333333333333332,345.0,402.5,110.0,3180.0,120.5,375.0
2017-08-19 16:49:58,2017-08-19,Squat (Barbell),9,60,14680.0,280.0,243.33333333333334,354.66666666666663,8,355.0,12795.0,45.0,426.0,8.0,345.0,11560.0,402.5,345.0,12910.0,414.0,-75.0,1885.0,15.0,-71.33333333333337,-65.0,3120.0,-47.83333333333337,7.7318287037037035,84,348.3333333333333,12421.666666666666,414.1666666666667,44.0,355.0,426.0,10.0,-115.0,12.0,280.0
2017-08-21 19:15:32,2017-08-21,Bent Over Row (Dumbbell),2,20,1850.0,95.0,92.5,126.66666666666666,10,90.0,1700.0,20.0,120.0,2.0,90.0,2700.0,120.0,100.0,4600.0,140.0,5.0,150.0,0.0,6.666666666666657,5.0,-850.0,6.666666666666657,8.202754629629629,14,93.33333333333333,3000.0,126.66666666666667,32.0,100.0,140.0,-10.0,-2900.0,-20.0,95.0
2017-08-21 19:15:32,2017-08-21,Pull Up,2,20,250.0,12.5,12.5,16.666666666666664,10,10.0,80.0,8.0,12.666666666666666,1.0,0.0,0.0,0.0,0.0,0.0,0.0,2.5,170.0,12.0,3.9999999999999982,12.5,250.0,16.666666666666664,8.202754629629629,17,3.3333333333333335,26.666666666666668,4.222222222222222,12.0,10.0,12.666666666666666,10.0,80.0,12.666666666666666,12.5
2017-08-22 20:19:36,2017-08-22,Seated Shoulder Press (Barbell),7,47,9755.0,240.0,200.71428571428572,297.66666666666663,8,240.0,10990.0,53.0,296.0,8.0,240.0,11280.0,304.0,235.0,9730.0,297.66666666666663,0.0,-1235.0,-6.0,1.6666666666666288,0.0,-1525.0,-6.333333333333371,3.9576273148148147,60,238.33333333333334,10666.666666666666,299.22222222222223,52.333333333333336,240.0,304.0,5.0,1260.0,-1.6666666666666288,240.0
2017-08-22 20:19:36,2017-08-22,Shoulder Press (Standing),2,16,1520.0,95.0,95.0,120.33333333333331,8,135.0,3655.0,31.0,162.0,5.0,125.0,2905.0,150.0,90.0,1800.0,120.0,-40.0,-2135.0,-15.0,-41.666666666666686,-30.0,-1385.0,-29.666666666666686,12.960416666666667,18,116.66666666666667,2786.6666666666665,144.0,27.333333333333332,135.0,162.0,45.0,1855.0,42.0,95.0
2017-08-25 18:09:58,2017-08-25,Leg press (hinge ),3,32,16800.0,540.0,526.6666666666666,720.0,12,360.0,8640.0,24.0,504.0,2.0,520.0,28440.0,728.0,360.0,7200.0,480.0,180.0,8160.0,8.0,216.0,20.0,-11640.0,-8.0,13.787384259259259,42,413.3333333333333,14760.0,570.6666666666666,34.666666666666664,520.0,728.0,0.0,1440.0,24.0,540.0
2017-08-25 18:09:58,2017-08-25,Squat (Barbell),9,55,14880.0,315.0,268.8888888888889,388.5,7,280.0,14680.0,60.0,354.66666666666663,9.0,355.0,12795.0,426.0,345.0,11560.0,402.5,35.0,200.0,-5.0,33.83333333333337,-40.0,2085.0,-37.5,6.055555555555555,85,326.6666666666667,13011.666666666666,394.38888888888886,49.0,355.0,426.0,-65.0,3120.0,-47.83333333333337,315.0
2017-08-26 13:07:44,2017-08-26,Bent Over Row (Dumbbell),3,30,2950.0,100.0,98.33333333333333,133.33333333333331,10,95.0,1850.0,20.0,126.66666666666666,2.0,90.0,1700.0,120.0,90.0,2700.0,120.0,5.0,1100.0,10.0,6.666666666666657,10.0,1250.0,13.333333333333314,4.744583333333333,15,91.66666666666667,2083.3333333333335,122.22222222222221,23.333333333333332,95.0,126.66666666666666,5.0,-850.0,6.666666666666657,100.0
2017-08-26 13:07:44,2017-08-26,Bicep Curl (Barbell),3,24,2400.0,100.0,100.0,126.66666666666666,8,100.0,2400.0,24.0,126.66666666666666,3.0,95.0,2800.0,126.66666666666666,95.0,2565.0,123.5,0.0,0.0,0.0,0.0,5.0,-400.0,0.0,12.947337962962964,57,96.66666666666667,2588.3333333333335,125.6111111111111,27.666666666666668,100.0,126.66666666666666,5.0,-165.0,3.166666666666657,100.0
2017-08-26 13:07:44,2017-08-26,Hammer seated row (CLOSE GRIP),2,20,4200.0,210.0,210.0,280.0,10,200.0,7500.0,39.0,280.0,3.0,230.0,8620.0,314.3333333333333,250.0,10000.0,333.3333333333333,10.0,-3300.0,-19.0,0.0,-20.0,-4420.0,-34.333333333333314,23.73318287037037,30,226.66666666666666,8706.666666666666,309.2222222222222,43.0,250.0,333.3333333333333,-50.0,-2500.0,-53.333333333333314,210.0
2017-08-27 18:48:13,2017-08-27,Incline Bench Press (Barbell),7,48,9730.0,235.0,195.71428571428572,291.3333333333333,8,257.5,9065.0,46.0,313.5,8.0,260.0,9370.0,310.3333333333333,230.0,10465.0,299.0,-22.5,665.0,2.0,-22.166666666666686,-25.0,360.0,-19.0,13.319976851851852,69,249.16666666666666,9633.333333333334,307.6111111111111,46.0,260.0,313.5,27.5,-1400.0,14.5,235.0
2017-08-27 18:48:13,2017-08-27,Incline Press (Dumbbell),4,43,6560.0,170.0,157.5,226.66666666666663,15,180.0,5520.0,32.0,240.0,3.0,180.0,5300.0,240.0,180.0,5400.0,240.0,-10.0,1040.0,11.0,-13.333333333333371,-10.0,1260.0,-13.333333333333371,13.319976851851852,20,180.0,5406.666666666667,240.0,30.666666666666668,180.0,240.0,0.0,120.0,0.0,170.0
2017-08-30 19:34:41,2017-08-30,Leg outward fly,3,36,5760.0,160.0,160.0,224.0,12,150.0,5400.0,36.0,210.0,3.0,150.0,5400.0,210.0,140.0,5800.0,186.66666666666663,10.0,360.0,0.0,14.0,10.0,360.0,14.0,18.846215277777777,16,146.66666666666666,5533.333333333333,202.2222222222222,40.666666666666664,150.0,210.0,10.0,-400.0,23.33333333333337,160.0
2017-08-30 19:34:41,2017-08-30,Squat (Barbell),6,34,9505.0,315.0,280.8333333333333,378.0,6,315.0,14880.0,55.0,388.5,9.0,280.0,14680.0,354.66666666666663,355.0,12795.0,426.0,0.0,-5375.0,-21.0,-10.5,35.0,-5175.0,23.33333333333337,5.058831018518519,86,316.6666666666667,14118.333333333334,389.7222222222222,53.333333333333336,355.0,426.0,-40.0,2085.0,-37.5,315.0
2017-08-31 17:53:15,2017-08-31,Hammer Curl (Dumbbell ),3,36,2880.0,80.0,80.0,112.0,12,80.0,3480.0,52.0,101.33333333333331,5.0,60.0,600.0,80.0,60.0,2700.0,90.0,0.0,-600.0,-16.0,10.666666666666686,20.0,2280.0,32.0,32.8984837962963,19,66.66666666666667,2260.0,90.44444444444444,35.666666666666664,80.0,101.33333333333331,20.0,780.0,11.333333333333314,80.0
2017-08-31 17:53:15,2017-08-31,Hammer seated row (CLOSE GRIP),3,33,7095.0,215.0,215.0,293.8333333333333,11,210.0,4200.0,20.0,280.0,2.0,200.0,7500.0,280.0,230.0,8620.0,314.3333333333333,5.0,2895.0,13.0,13.833333333333314,15.0,-405.0,13.833333333333314,5.198275462962963,31,213.33333333333334,6773.333333333333,291.4444444444444,36.333333333333336,230.0,314.3333333333333,-20.0,-4420.0,-34.333333333333314,215.0
2017-08-31 17:53:15,2017-08-31,Seated Cable Row (close Grip),3,29,5510.0,190.0,190.0,253.3333333333333,10,190.0,4560.0,24.0,240.66666666666663,3.0,180.0,7100.0,240.0,170.0,6400.0,226.66666666666663,0.0,950.0,5.0,12.666666666666657,10.0,-1590.0,13.333333333333286,13.747349537037037,48,180.0,6020.0,235.77777777777774,34.666666666666664,190.0,240.66666666666663,20.0,-1840.0,14.0,190.0
2017-09-01 18:24:39,2017-09-01,Bench Press (Barbell),7,54,11330.0,240.0,207.14285714285714,304.0,8,280.0,7680.0,35.0,345.33333333333337,5.0,255.0,7480.0,323.0,280.0,6760.0,345.33333333333337,-40.0,3650.0,19.0,-41.33333333333337,-15.0,3850.0,-19.0,107.81243055555555,9,271.6666666666667,7306.666666666667,337.8888888888889,33.333333333333336,280.0,345.33333333333337,0.0,920.0,0.0,240.0
2017-09-01 18:24:39,2017-09-01,Lateral Raise (Dumbbells),2,16,800.0,50.0,50.0,63.33333333333333,8,40.0,1200.0,30.0,60.0,2.0,40.0,1320.0,56.0,40.0,800.0,53.33333333333333,10.0,-400.0,-14.0,3.3333333333333286,10.0,-520.0,7.333333333333329,34.82652777777778,32,40.0,1106.6666666666667,56.444444444444436,28.666666666666668,40.0,60.0,0.0,400.0,6.666666666666671,50.0
2017-09-01 18:24:39,2017-09-01,Seated Shoulder Press (Barbell),9,66,11740.0,235.0,183.88888888888889,291.3333333333333,10,240.0,9755.0,47.0,297.66666666666663,7.0,240.0,10990.0,296.0,240.0,11280.0,304.0,-5.0,1985.0,19.0,-6.333333333333314,-5.0,750.0,-4.666666666666686,9.92017361111111,61,240.0,10675.0,299.22222222222223,52.0,240.0,304.0,0.0,-1525.0,-6.333333333333371,235.0
2017-09-03 13:38:41,2017-09-03,Bent Over Row (Dumbbell),2,20,2000.0,100.0,100.0,133.33333333333331,10,100.0,2950.0,30.0,133.33333333333331,3.0,95.0,1850.0,126.66666666666666,90.0,1700.0,120.0,0.0,-950.0,-10.0,0.0,5.0,150.0,6.666666666666657,8.021493055555556,16,95.0,2166.6666666666665,126.66666666666667,23.333333333333332,100.0,133.33333333333331,10.0,1250.0,13.333333333333314,100.0
2017-09-03 13:38:41,2017-09-03,Hammer Curl (Dumbbell ),2,20,1600.0,80.0,80.0,106.66666666666666,10,80.0,2880.0,36.0,112.0,3.0,80.0,3480.0,101.33333333333331,60.0,600.0,80.0,0.0,-1280.0,-16.0,-5.333333333333343,0.0,-1880.0,5.333333333333343,2.8232175925925924,20,73.33333333333333,2320.0,97.77777777777777,32.666666666666664,80.0,112.0,20.0,2280.0,32.0,80.0
2017-09-03 13:38:41,2017-09-03,Lat Pulldown,3,30,5190.0,190.0,175.0,240.66666666666663,12,170.0,3400.0,20.0,226.66666666666663,2.0,185.0,4380.0,259.0,150.0,2850.0,200.0,20.0,1790.0,10.0,14.0,5.0,810.0,-18.33333333333337,146.76554398148147,23,168.33333333333334,3543.3333333333335,228.55555555555554,21.333333333333332,185.0,259.0,20.0,550.0,26.66666666666663,190.0
2017-09-03 13:38:41,2017-09-03,Seated Cable Row (close Grip),4,44,6320.0,160.0,145.0,213.3333333333333,12,190.0,5510.0,29.0,253.3333333333333,3.0,190.0,4560.0,240.66666666666663,180.0,7100.0,240.0,-30.0,810.0,15.0,-40.0,-30.0,1760.0,-27.333333333333343,2.8232175925925924,49,186.66666666666666,5723.333333333333,244.66666666666666,31.0,190.0,253.3333333333333,10.0,-1590.0,13.333333333333286,160.0
2017-09-04 16:17:35,2017-09-04,Deadlift (Barbell),4,20,5750.0,325.0,287.5,379.1666666666667,5,375.0,7875.0,25.0,437.5,5.0,345.0,6000.0,402.5,255.0,4700.0,297.5,-50.0,-2125.0,-5.0,-58.333333333333314,-20.0,-250.0,-23.333333333333314,15.977511574074073,16,325.0,6191.666666666667,379.1666666666667,21.666666666666668,375.0,437.5,120.0,3175.0,140.0,325.0
2017-09-04 16:17:35,2017-09-04,Good Morning (Barbell),5,57,5590.0,100.0,98.0,140.0,12,205.0,3280.0,16.0,259.66666666666663,2.0,95.0,2090.0,133.0,100.0,3200.0,140.0,-105.0,2310.0,41.0,-119.66666666666663,5.0,3500.0,7.0,116.78886574074075,11,133.33333333333334,2856.6666666666665,177.55555555555554,23.333333333333332,205.0,259.66666666666663,105.0,80.0,119.66666666666663,100.0
2017-09-04 16:17:35,2017-09-04,Leg press (hinge ),3,31,15680.0,510.0,506.6666666666667,716.6666666666666,13,540.0,16800.0,32.0,720.0,3.0,360.0,8640.0,504.0,520.0,28440.0,728.0,-30.0,-1120.0,-1.0,-3.3333333333333712,150.0,7040.0,212.66666666666663,9.921956018518518,43,473.3333333333333,17960.0,650.6666666666666,38.666666666666664,540.0,728.0,20.0,-11640.0,-8.0,510.0
2017-09-04 16:17:35,2017-09-04,Squat (Barbell),7,43,12035.0,330.0,282.14285714285717,396.0,7,315.0,9505.0,34.0,378.0,6.0,315.0,14880.0,388.5,280.0,14680.0,354.66666666666663,15.0,2530.0,9.0,18.0,15.0,-2845.0,7.5,4.863125,87,303.3333333333333,13021.666666666666,373.7222222222222,49.666666666666664,315.0,388.5,35.0,-5175.0,23.33333333333337,330.0
2017-09-05 20:52:32,2017-09-05,Incline Bench Press (Barbell),7,49,10035.0,240.0,197.85714285714286,304.0,8,235.0,9730.0,48.0,291.3333333333333,7.0,257.5,9065.0,313.5,260.0,9370.0,310.3333333333333,5.0,305.0,1.0,12.666666666666686,-17.5,970.0,-9.5,9.086331018518518,70,250.83333333333334,9388.333333333334,305.05555555555554,45.0,260.0,313.5,-25.0,360.0,-19.0,240.0
2017-09-05 20:52:32,2017-09-05,Incline Press (Dumbbell),3,27,5030.0,190.0,186.66666666666666,247.0,10,170.0,6560.0,43.0,226.66666666666663,4.0,180.0,5520.0,240.0,180.0,5300.0,240.0,20.0,-1530.0,-16.0,20.33333333333337,10.0,-490.0,7.0,9.086331018518518,21,176.66666666666666,5793.333333333333,235.55555555555554,35.0,180.0,240.0,-10.0,1260.0,-13.333333333333371,190.0
2017-09-05 20:52:32,2017-09-05,Tricep pushdown,4,40,6000.0,160.0,150.0,213.3333333333333,10,70.0,2100.0,30.0,93.33333333333331,3.0,60.0,2700.0,90.0,65.0,3120.0,91.0,90.0,3900.0,10.0,119.99999999999997,100.0,3300.0,123.33333333333329,296.18179398148146,7,65.0,2640.0,91.44444444444444,41.0,70.0,93.33333333333331,5.0,-1020.0,2.3333333333333144,160.0
2017-09-08 18:09:53,2017-09-08,Bent Over Row (Dumbbell),4,40,3500.0,100.0,87.5,133.33333333333331,10,100.0,2000.0,20.0,133.33333333333331,2.0,100.0,2950.0,133.33333333333331,95.0,1850.0,126.66666666666666,0.0,1500.0,20.0,0.0,0.0,550.0,0.0,5.1883333333333335,17,98.33333333333333,2266.6666666666665,131.1111111111111,23.333333333333332,100.0,133.33333333333331,5.0,150.0,6.666666666666657,100.0
2017-09-08 18:09:53,2017-09-08,Bicep Curl (Barbell),2,20,2000.0,100.0,100.0,133.33333333333331,10,100.0,2400.0,24.0,126.66666666666666,3.0,100.0,2400.0,126.66666666666666,95.0,2800.0,126.66666666666666,0.0,-400.0,-4.0,6.666666666666657,0.0,-400.0,6.666666666666657,13.209826388888889,58,98.33333333333333,2533.3333333333335,126.66666666666666,26.666666666666668,100.0,126.66666666666666,5.0,-400.0,0.0,100.0
2017-09-08 18:09:53,2017-09-08,Hammer seated row (CLOSE GRIP),6,66,13740.0,220.0,205.83333333333334,315.3333333333333,13,215.0,7095.0,33.0,293.8333333333333,3.0,210.0,4200.0,280.0,200.0,7500.0,280.0,5.0,6645.0,33.0,21.5,10.0,9540.0,35.333333333333314,8.011550925925926,32,208.33333333333334,6265.0,284.61111111111114,30.666666666666668,215.0,293.8333333333333,15.0,-405.0,13.833333333333314,220.0
2017-09-09 11:57:53,2017-09-09,Leg outward fly,2,24,3840.0,160.0,160.0,224.0,12,160.0,5760.0,36.0,224.0,3.0,150.0,5400.0,210.0,150.0,5400.0,210.0,0.0,-1920.0,-12.0,0.0,10.0,-1560.0,14.0,9.682777777777778,17,153.33333333333334,5520.0,214.66666666666666,36.0,160.0,224.0,10.0,360.0,14.0,160.0
2017-09-09 11:57:53,2017-09-09,Squat (Barbell),8,43,12350.0,325.0,288.125,384.0,6,330.0,12035.0,43.0,396.0,7.0,315.0,9505.0,378.0,315.0,14880.0,388.5,-5.0,315.0,0.0,-12.0,10.0,2845.0,6.0,4.819652777777778,88,320.0,12140.0,387.5,44.0,330.0,396.0,15.0,-2845.0,7.5,325.0
2017-09-10 17:59:56,2017-09-10,Bench Press (Barbell),6,37,8410.0,250.0,226.66666666666666,308.33333333333337,7,240.0,11330.0,54.0,304.0,7.0,280.0,7680.0,345.33333333333337,255.0,7480.0,323.0,10.0,-2920.0,-17.0,4.333333333333371,-30.0,730.0,-37.0,8.982835648148148,10,258.3333333333333,8830.0,324.11111111111114,41.0,280.0,345.33333333333337,-15.0,3850.0,-19.0,250.0
2017-09-10 17:59:56,2017-09-10,Overhead Press (Dumbbell),2,26,3240.0,130.0,125.0,182.0,14,90.0,1440.0,16.0,114.0,2.0,140.0,4480.0,196.0,120.0,2240.0,168.0,40.0,1800.0,10.0,68.0,-10.0,-1240.0,-14.0,158.72300925925927,6,116.66666666666667,2720.0,159.33333333333334,23.333333333333332,140.0,196.0,-30.0,-800.0,-54.0,130.0
2017-09-10 17:59:56,2017-09-10,Seated Shoulder Press (Barbell),7,46,8690.0,230.0,179.28571428571428,291.3333333333333,8,235.0,11740.0,66.0,291.3333333333333,9.0,240.0,9755.0,297.66666666666663,240.0,10990.0,296.0,-5.0,-3050.0,-20.0,0.0,-10.0,-1065.0,-6.333333333333314,8.982835648148148,62,238.33333333333334,10828.333333333334,295.0,55.333333333333336,240.0,297.66666666666663,-5.0,750.0,-4.666666666666686,230.0
2017-09-10 17:59:56,2017-09-10,Shoulder Press (Standing),2,24,1560.0,65.0,65.0,91.0,12,95.0,1520.0,16.0,120.33333333333331,2.0,135.0,3655.0,162.0,125.0,2905.0,150.0,-30.0,40.0,8.0,-29.333333333333314,-70.0,-2095.0,-71.0,18.90300925925926,19,118.33333333333333,2693.3333333333335,144.11111111111111,26.0,135.0,162.0,-30.0,-1385.0,-29.666666666666686,65.0
2017-09-12 20:17:20,2017-09-12,Bicep Curl (Barbell),3,36,3240.0,90.0,90.0,126.0,12,100.0,2000.0,20.0,133.33333333333331,2.0,100.0,2400.0,126.66666666666666,100.0,2400.0,126.66666666666666,-10.0,1240.0,16.0,-7.333333333333314,-10.0,840.0,-0.6666666666666572,4.088506944444444,59,100.0,2266.6666666666665,128.88888888888889,22.666666666666668,100.0,133.33333333333331,0.0,-400.0,6.666666666666657,90.0
2017-09-12 20:17:20,2017-09-12,Hammer Curl (Dumbbell ),1,12,720.0,60.0,60.0,84.0,12,80.0,1600.0,20.0,106.66666666666666,2.0,80.0,2880.0,112.0,80.0,3480.0,101.33333333333331,-20.0,-880.0,-8.0,-22.666666666666657,-20.0,-2160.0,-28.0,9.276840277777778,21,80.0,2653.3333333333335,106.66666666666667,36.0,80.0,112.0,0.0,-1880.0,5.333333333333343,60.0
2017-09-12 20:17:20,2017-09-12,Hammer seated row (CLOSE GRIP),4,48,11100.0,235.0,231.25,329.0,12,220.0,13740.0,66.0,315.3333333333333,6.0,215.0,7095.0,293.8333333333333,210.0,4200.0,280.0,15.0,-2640.0,-18.0,13.666666666666686,20.0,4005.0,35.166666666666686,4.088506944444444,33,215.0,8345.0,296.38888888888886,39.666666666666664,220.0,315.3333333333333,10.0,9540.0,35.333333333333314,235.0
2017-09-12 20:17:20,2017-09-12,Lat Pulldown,3,32,5200.0,170.0,163.33333333333334,226.66666666666663,12,190.0,5190.0,30.0,240.66666666666663,3.0,170.0,3400.0,226.66666666666663,185.0,4380.0,259.0,-20.0,10.0,2.0,-14.0,0.0,1800.0,0.0,9.276840277777778,24,181.66666666666666,4323.333333333333,242.1111111111111,24.666666666666668,190.0,259.0,5.0,810.0,-18.33333333333337,170.0
2017-09-13 20:38:36,2017-09-13,Deadlift (Barbell),3,15,4275.0,315.0,285.0,367.5,5,325.0,5750.0,20.0,379.1666666666667,4.0,375.0,7875.0,437.5,345.0,6000.0,402.5,-10.0,-1475.0,-5.0,-11.666666666666686,-60.0,-3600.0,-70.0,9.181261574074075,17,348.3333333333333,6541.666666666667,406.38888888888886,21.666666666666668,375.0,437.5,-20.0,-250.0,-23.333333333333314,315.0
2017-09-13 20:38:36,2017-09-13,Glute extension.,2,24,2760.0,115.0,115.0,161.0,12,130.0,1560.0,12.0,182.0,1.0,130.0,2600.0,173.33333333333331,175.0,3500.0,233.3333333333333,-15.0,1200.0,12.0,-21.0,-15.0,160.0,-12.333333333333314,483.105775462963,3,145.0,2553.3333333333335,196.2222222222222,17.333333333333332,175.0,233.3333333333333,-45.0,-1940.0,-51.333333333333286,115.0
2017-09-13 20:38:36,2017-09-13,Good Morning (Barbell),3,36,3720.0,110.0,103.33333333333333,154.0,12,100.0,5590.0,57.0,140.0,5.0,205.0,3280.0,259.66666666666663,95.0,2090.0,133.0,10.0,-1870.0,-21.0,14.0,-95.0,440.0,-105.66666666666663,9.181261574074075,12,133.33333333333334,3653.3333333333335,177.55555555555554,31.666666666666668,205.0,259.66666666666663,5.0,3500.0,7.0,110.0
2017-09-13 20:38:36,2017-09-13,Leg outward fly,4,52,7360.0,160.0,142.5,224.0,16,160.0,3840.0,24.0,224.0,2.0,160.0,5760.0,224.0,150.0,5400.0,210.0,0.0,3520.0,28.0,0.0,0.0,1600.0,0.0,4.361608796296296,18,156.66666666666666,5000.0,219.33333333333334,32.0,160.0,224.0,10.0,-1560.0,14.0,160.0
2017-09-13 20:38:36,2017-09-13,Leg press (hinge ),2,24,12480.0,520.0,520.0,728.0,12,510.0,15680.0,31.0,716.6666666666666,3.0,540.0,16800.0,720.0,360.0,8640.0,504.0,10.0,-3200.0,-7.0,11.333333333333371,-20.0,-4320.0,8.0,9.181261574074075,44,470.0,13706.666666666666,646.8888888888889,29.0,540.0,720.0,150.0,7040.0,212.66666666666663,520.0
2017-09-13 20:38:36,2017-09-13,Squat (Barbell),7,38,10640.0,335.0,280.0,402.0,6,325.0,12350.0,43.0,384.0,8.0,330.0,12035.0,396.0,315.0,9505.0,378.0,10.0,-1710.0,-5.0,18.0,5.0,-1395.0,6.0,4.361608796296296,89,323.3333333333333,11296.666666666666,386.0,40.0,330.0,396.0,10.0,2845.0,6.0,335.0
2017-09-15 00:13:35,2017-09-15,Bench Press (Barbell),3,24,4760.0,225.0,198.33333333333334,285.0,8,250.0,8410.0,37.0,308.33333333333337,6.0,240.0,11330.0,304.0,280.0,7680.0,345.33333333333337,-25.0,-3650.0,-13.0,-23.33333333333337,-15.0,-6570.0,-19.0,4.259479166666667,11,256.6666666666667,9140.0,319.22222222222223,42.0,280.0,345.33333333333337,-30.0,730.0,-37.0,225.0
2017-09-15 00:13:35,2017-09-15,Incline Bench Press (Barbell),9,62,12880.0,235.0,200.55555555555554,297.66666666666663,8,240.0,10035.0,49.0,304.0,7.0,235.0,9730.0,291.3333333333333,257.5,9065.0,313.5,-5.0,2845.0,13.0,-6.333333333333371,0.0,3150.0,6.333333333333314,9.139618055555555,71,244.16666666666666,9610.0,302.9444444444444,47.666666666666664,257.5,313.5,-17.5,970.0,-9.5,235.0
2017-09-16 12:52:48,2017-09-16,Bicep Curl (Barbell),3,29,2600.0,100.0,91.66666666666667,130.0,12,90.0,3240.0,36.0,126.0,3.0,100.0,2000.0,133.33333333333331,100.0,2400.0,126.66666666666666,10.0,-640.0,-7.0,4.0,0.0,600.0,-3.3333333333333144,3.6912962962962963,60,96.66666666666667,2546.6666666666665,128.66666666666666,26.666666666666668,100.0,133.33333333333331,-10.0,840.0,-0.6666666666666572,100.0
2017-09-16 12:52:48,2017-09-16,Hammer seated row (CLOSE GRIP),4,46,9980.0,230.0,217.5,322.0,12,235.0,11100.0,48.0,329.0,4.0,220.0,13740.0,315.3333333333333,215.0,7095.0,293.8333333333333,-5.0,-1120.0,-2.0,-7.0,10.0,-3760.0,6.666666666666686,3.6912962962962963,34,223.33333333333334,10645.0,312.7222222222222,49.0,235.0,329.0,20.0,4005.0,35.166666666666686,230.0
2017-09-16 12:52:48,2017-09-16,Seated Cable Row (close Grip),5,60,9480.0,175.0,158.0,245.0,12,160.0,6320.0,44.0,213.3333333333333,4.0,190.0,5510.0,253.3333333333333,190.0,4560.0,240.66666666666663,15.0,3160.0,16.0,31.666666666666714,-15.0,3970.0,-8.333333333333286,12.968136574074075,50,180.0,5463.333333333333,235.77777777777774,32.333333333333336,190.0,253.3333333333333,-30.0,1760.0,-27.333333333333343,175.0
2017-09-17 14:07:44,2017-09-17,Squat (Barbell),5,26,6050.0,295.0,233.0,344.1666666666667,6,335.0,10640.0,38.0,402.0,7.0,325.0,12350.0,384.0,330.0,12035.0,396.0,-40.0,-4590.0,-12.0,-57.833333333333314,-30.0,-6300.0,-39.833333333333314,3.7285648148148147,90,330.0,11675.0,394.0,41.333333333333336,335.0,402.0,5.0,-1395.0,6.0,295.0
2017-09-18 21:39:00,2017-09-18,Bench Press (Barbell),5,32,7570.0,260.0,236.0,320.6666666666667,7,225.0,4760.0,24.0,285.0,3.0,250.0,8410.0,308.33333333333337,240.0,11330.0,304.0,35.0,2810.0,8.0,35.666666666666686,10.0,-840.0,12.333333333333314,3.892650462962963,12,238.33333333333334,8166.666666666667,299.11111111111114,38.333333333333336,250.0,308.33333333333337,-15.0,-6570.0,-19.0,260.0
2017-09-18 21:39:00,2017-09-18,Seated Shoulder Press (Barbell),8,56,10890.0,235.0,190.625,297.66666666666663,8,230.0,8690.0,46.0,291.3333333333333,7.0,235.0,11740.0,291.3333333333333,240.0,9755.0,297.66666666666663,5.0,2200.0,10.0,6.333333333333314,0.0,-850.0,6.333333333333314,8.152129629629629,63,235.0,10061.666666666666,293.4444444444444,53.0,240.0,297.66666666666663,-10.0,-1065.0,-6.333333333333314,235.0
2017-09-20 19:46:03,2017-09-20,Hammer seated row (CLOSE GRIP),6,65,14450.0,230.0,221.66666666666666,322.0,12,230.0,9980.0,46.0,322.0,4.0,235.0,11100.0,329.0,220.0,13740.0,315.3333333333333,0.0,4470.0,19.0,0.0,-5.0,3350.0,-7.0,4.286979166666667,35,228.33333333333334,11606.666666666666,322.1111111111111,53.333333333333336,235.0,329.0,10.0,-3760.0,6.666666666666686,230.0
2017-09-22 18:32:43,2017-09-22,Good Morning (Barbell),2,22,2430.0,115.0,110.0,161.0,12,110.0,3720.0,36.0,154.0,3.0,100.0,5590.0,140.0,205.0,3280.0,259.66666666666663,5.0,-1290.0,-14.0,7.0,15.0,-3160.0,21.0,8.912581018518518,13,138.33333333333334,4196.666666666667,184.55555555555554,36.333333333333336,205.0,259.66666666666663,-95.0,440.0,-105.66666666666663,115.0
2017-09-22 18:32:43,2017-09-22,Leg curl,2,19,2660.0,140.0,140.0,186.66666666666663,10,130.0,1300.0,10.0,173.33333333333331,1.0,145.0,4350.0,193.3333333333333,145.0,3480.0,203.0,10.0,1360.0,9.0,13.333333333333314,-5.0,-1690.0,-6.666666666666657,53.850590277777776,18,140.0,3043.3333333333335,189.88888888888889,21.333333333333332,145.0,203.0,-15.0,-2180.0,-29.666666666666686,140.0
2017-09-22 18:32:43,2017-09-22,Squat (Barbell),8,43,12720.0,350.0,296.875,408.33333333333337,6,295.0,6050.0,26.0,344.1666666666667,5.0,335.0,10640.0,402.0,325.0,12350.0,384.0,55.0,6670.0,17.0,64.16666666666669,15.0,2080.0,6.333333333333371,5.184016203703703,91,318.3333333333333,9680.0,376.72222222222223,35.666666666666664,335.0,402.0,-30.0,-6300.0,-39.833333333333314,350.0
2017-09-23 12:26:10,2017-09-23,Incline Bench Press (Barbell),7,45,9315.0,240.0,199.28571428571428,296.0,8,235.0,12880.0,62.0,297.66666666666663,9.0,240.0,10035.0,304.0,235.0,9730.0,291.3333333333333,5.0,-3565.0,-17.0,-1.6666666666666288,0.0,-720.0,-8.0,8.508738425925927,72,236.66666666666666,10881.666666666666,297.66666666666663,53.0,240.0,304.0,0.0,3150.0,6.333333333333314,240.0
2017-09-23 12:26:10,2017-09-23,Overhead Press (Barbell),2,20,3800.0,195.0,190.0,260.0,10,185.0,3250.0,18.0,246.66666666666663,2.0,165.0,3720.0,209.0,130.0,2600.0,173.33333333333331,10.0,550.0,2.0,13.333333333333371,30.0,80.0,51.0,292.71077546296294,6,160.0,3190.0,209.66666666666666,20.666666666666668,185.0,246.66666666666663,55.0,650.0,73.33333333333331,195.0
2017-09-24 13:35:45,2017-09-24,Bicep Curl (Barbell),3,32,3200.0,100.0,100.0,136.66666666666666,11,100.0,2600.0,29.0,130.0,3.0,90.0,3240.0,126.0,100.0,2000.0,133.33333333333331,0.0,600.0,3.0,6.666666666666657,10.0,-40.0,10.666666666666657,8.029826388888889,61,96.66666666666667,2613.3333333333335,129.77777777777777,28.333333333333332,100.0,133.33333333333331,0.0,600.0,-3.3333333333333144,100.0
2017-09-24 13:35:45,2017-09-24,Hammer Curl (Dumbbell ),2,26,1820.0,70.0,70.0,100.33333333333331,13,60.0,720.0,12.0,84.0,1.0,80.0,1600.0,106.66666666666666,80.0,2880.0,112.0,10.0,1100.0,14.0,16.333333333333314,-10.0,220.0,-6.333333333333343,11.721122685185184,22,73.33333333333333,1733.3333333333333,100.8888888888889,22.666666666666668,80.0,112.0,-20.0,-2160.0,-28.0,70.0
2017-09-24 13:35:45,2017-09-24,Seated Cable Row (close Grip),4,44,7880.0,190.0,180.0,253.3333333333333,12,175.0,9480.0,60.0,245.0,5.0,160.0,6320.0,213.3333333333333,190.0,5510.0,253.3333333333333,15.0,-1600.0,-16.0,8.333333333333286,30.0,1560.0,40.0,8.029826388888889,51,175.0,7103.333333333333,237.2222222222222,44.333333333333336,190.0,253.3333333333333,-15.0,3970.0,-8.333333333333286,190.0
2017-10-03 20:21:54,2017-10-03,Incline Bench Press (Barbell),8,62,12490.0,235.0,194.375,297.66666666666663,12,240.0,9315.0,45.0,296.0,7.0,235.0,12880.0,297.66666666666663,240.0,10035.0,304.0,-5.0,3175.0,17.0,1.6666666666666288,0.0,-390.0,0.0,10.330370370370371,73,238.33333333333334,10743.333333333334,299.22222222222223,52.0,240.0,304.0,0.0,-720.0,-8.0,235.0
2017-10-03 20:21:54,2017-10-03,Seated Shoulder Press (Barbell),3,28,4730.0,190.0,170.0,253.3333333333333,10,235.0,10890.0,56.0,297.66666666666663,8.0,230.0,8690.0,291.3333333333333,235.0,11740.0,291.3333333333333,-45.0,-6160.0,-28.0,-44.33333333333334,-40.0,-3960.0,-38.00000000000003,14.946458333333334,64,233.33333333333334,10440.0,293.4444444444444,56.0,235.0,297.66666666666663,0.0,-850.0,6.333333333333314,190.0
2017-10-04 19:13:58,2017-10-04,Bicep Curl (Barbell),3,36,2520.0,70.0,70.0,98.0,12,100.0,3200.0,32.0,136.66666666666666,3.0,100.0,2600.0,130.0,90.0,3240.0,126.0,-30.0,-680.0,4.0,-38.66666666666666,-30.0,-80.0,-32.0,10.234872685185184,62,96.66666666666667,3013.3333333333335,130.88888888888889,32.333333333333336,100.0,136.66666666666666,10.0,-40.0,10.666666666666657,70.0
2017-10-04 19:13:58,2017-10-04,Hammer Curl (Dumbbell ),3,36,2880.0,80.0,80.0,112.0,12,70.0,1820.0,26.0,100.33333333333331,2.0,60.0,720.0,84.0,80.0,1600.0,106.66666666666666,10.0,1060.0,10.0,11.666666666666686,20.0,2160.0,28.0,10.234872685185184,23,70.0,1380.0,97.0,19.333333333333332,80.0,106.66666666666666,-10.0,220.0,-6.333333333333343,80.0
2017-10-04 19:13:58,2017-10-04,Seated Cable Row (close Grip),4,48,7720.0,190.0,165.0,253.3333333333333,14,190.0,7880.0,44.0,253.3333333333333,4.0,175.0,9480.0,245.0,160.0,6320.0,213.3333333333333,0.0,-160.0,4.0,0.0,15.0,-1760.0,8.333333333333286,10.234872685185184,52,175.0,7893.333333333333,237.2222222222222,49.333333333333336,190.0,253.3333333333333,30.0,1560.0,40.0,190.0
2017-10-05 19:09:24,2017-10-05,Good Morning (Barbell),2,22,2530.0,115.0,115.0,161.0,12,115.0,2430.0,22.0,161.0,2.0,110.0,3720.0,154.0,100.0,5590.0,140.0,0.0,100.0,0.0,0.0,5.0,-1190.0,7.0,13.025474537037036,14,108.33333333333333,3913.3333333333335,151.66666666666666,38.333333333333336,115.0,161.0,15.0,-3160.0,21.0,115.0
2017-10-05 19:09:24,2017-10-05,Squat (Barbell),10,60,15430.0,330.0,263.5,385.0,10,350.0,12720.0,43.0,408.33333333333337,8.0,295.0,6050.0,344.1666666666667,335.0,10640.0,402.0,-20.0,2710.0,17.0,-23.33333333333337,35.0,9380.0,40.833333333333314,13.025474537037036,92,326.6666666666667,9803.333333333334,384.8333333333333,35.666666666666664,350.0,408.33333333333337,15.0,2080.0,6.333333333333371,330.0
2017-10-07 12:57:09,2017-10-07,Bench Press (Barbell),5,31,7320.0,260.0,237.0,306.0,8,260.0,7570.0,32.0,320.6666666666667,5.0,225.0,4760.0,285.0,250.0,8410.0,308.33333333333337,0.0,-250.0,-1.0,-14.666666666666686,35.0,2560.0,21.0,18.637604166666666,13,245.0,6913.333333333333,304.6666666666667,31.0,260.0,320.6666666666667,10.0,-840.0,12.333333333333314,260.0
2017-10-07 12:57:09,2017-10-07,Lateral Raise (Dumbbells),2,30,1200.0,40.0,40.0,60.0,15,50.0,800.0,16.0,63.33333333333333,2.0,40.0,1200.0,60.0,40.0,1320.0,56.0,-10.0,400.0,14.0,-3.3333333333333286,0.0,0.0,0.0,35.77256944444444,33,43.333333333333336,1106.6666666666667,59.77777777777777,27.333333333333332,50.0,63.33333333333333,10.0,-520.0,7.333333333333329,40.0
2017-10-07 12:57:09,2017-10-07,Seated Shoulder Press (Barbell),7,54,10250.0,230.0,185.71428571428572,291.3333333333333,10,190.0,4730.0,28.0,253.3333333333333,3.0,235.0,10890.0,297.66666666666663,230.0,8690.0,291.3333333333333,40.0,5520.0,26.0,38.00000000000003,-5.0,-640.0,-6.333333333333314,3.691145833333333,65,218.33333333333334,8103.333333333333,280.77777777777777,43.333333333333336,235.0,297.66666666666663,-40.0,-3960.0,-38.00000000000003,230.0
2017-10-08 13:12:58,2017-10-08,Bent Over Row (Dumbbell),2,20,2000.0,100.0,100.0,133.33333333333331,10,100.0,3500.0,40.0,133.33333333333331,4.0,100.0,2000.0,133.33333333333331,100.0,2950.0,133.33333333333331,0.0,-1500.0,-20.0,0.0,0.0,0.0,0.0,29.79380787037037,18,100.0,2816.6666666666665,133.33333333333331,30.0,100.0,133.33333333333331,0.0,550.0,0.0,100.0
2017-10-08 13:12:58,2017-10-08,Bicep Curl (Barbell),1,12,960.0,80.0,80.0,112.0,12,70.0,2520.0,36.0,98.0,3.0,100.0,3200.0,136.66666666666666,100.0,2600.0,130.0,10.0,-1560.0,-24.0,14.0,-20.0,-2240.0,-24.666666666666657,3.7493055555555554,63,90.0,2773.3333333333335,121.55555555555554,32.333333333333336,100.0,136.66666666666666,-30.0,-80.0,-32.0,80.0
2017-10-08 13:12:58,2017-10-08,Hammer seated row (CLOSE GRIP),3,45,10350.0,230.0,230.0,345.0,15,230.0,14450.0,65.0,322.0,6.0,230.0,9980.0,322.0,235.0,11100.0,329.0,0.0,-4100.0,-20.0,23.0,0.0,370.0,23.0,17.727025462962963,36,231.66666666666666,11843.333333333334,324.3333333333333,53.0,235.0,329.0,-5.0,3350.0,-7.0,230.0
2017-10-10 19:18:13,2017-10-10,Good Morning (Barbell),2,22,2530.0,115.0,115.0,161.0,12,115.0,2530.0,22.0,161.0,2.0,115.0,2430.0,161.0,110.0,3720.0,154.0,0.0,0.0,0.0,0.0,0.0,100.0,0.0,5.006122685185185,15,113.33333333333333,2893.3333333333335,158.66666666666666,26.666666666666668,115.0,161.0,5.0,-1190.0,7.0,115.0
2017-10-10 19:18:13,2017-10-10,Leg curl,2,30,3600.0,120.0,120.0,180.0,15,140.0,2660.0,19.0,186.66666666666663,2.0,130.0,1300.0,173.33333333333331,145.0,4350.0,193.3333333333333,-20.0,940.0,11.0,-6.666666666666629,-10.0,2300.0,6.666666666666686,18.03159722222222,19,138.33333333333334,2770.0,184.44444444444443,19.666666666666668,145.0,193.3333333333333,-5.0,-1690.0,-6.666666666666657,120.0
2017-10-10 19:18:13,2017-10-10,Leg outward fly,3,45,6750.0,150.0,150.0,225.0,15,160.0,7360.0,52.0,224.0,4.0,160.0,3840.0,224.0,160.0,5760.0,224.0,-10.0,-610.0,-7.0,1.0,-10.0,2910.0,1.0,26.94417824074074,19,160.0,5653.333333333333,224.0,37.333333333333336,160.0,224.0,0.0,1600.0,0.0,150.0
2017-10-10 19:18:13,2017-10-10,Squat (Barbell),10,59,15485.0,335.0,268.0,402.0,8,330.0,15430.0,60.0,385.0,10.0,350.0,12720.0,408.33333333333337,295.0,6050.0,344.1666666666667,5.0,55.0,-1.0,17.0,-15.0,2765.0,-6.333333333333371,5.006122685185185,93,325.0,11400.0,379.1666666666667,43.0,350.0,408.33333333333337,35.0,9380.0,40.833333333333314,335.0
2017-10-11 21:26:28,2017-10-11,Bench Press (Barbell),6,39,9265.0,265.0,240.0,318.0,8,260.0,7320.0,31.0,306.0,5.0,260.0,7570.0,320.6666666666667,225.0,4760.0,285.0,5.0,1945.0,8.0,12.0,5.0,1695.0,-2.6666666666666856,4.353692129629629,14,248.33333333333334,6550.0,303.8888888888889,29.0,260.0,320.6666666666667,35.0,2560.0,21.0,265.0
2017-10-11 21:26:28,2017-10-11,Lateral Raise (Dumbbells),1,15,600.0,40.0,40.0,60.0,15,40.0,1200.0,30.0,60.0,2.0,50.0,800.0,63.33333333333333,40.0,1200.0,60.0,0.0,-600.0,-15.0,0.0,-10.0,-200.0,-3.3333333333333286,4.353692129629629,34,43.333333333333336,1066.6666666666667,61.11111111111111,25.333333333333332,50.0,63.33333333333333,0.0,0.0,0.0,40.0
2017-10-11 21:26:28,2017-10-11,Seated Shoulder Press (Barbell),8,64,12290.0,235.0,189.375,297.66666666666663,10,230.0,10250.0,54.0,291.3333333333333,7.0,190.0,4730.0,253.3333333333333,235.0,10890.0,297.66666666666663,5.0,2040.0,10.0,6.333333333333314,45.0,7560.0,44.33333333333334,4.353692129629629,66,218.33333333333334,8623.333333333334,280.77777777777777,46.0,235.0,297.66666666666663,-5.0,-640.0,-6.333333333333314,235.0
2017-10-11 21:26:28,2017-10-11,Tricep pushdown,2,40,5600.0,140.0,140.0,233.3333333333333,20,160.0,6000.0,40.0,213.3333333333333,4.0,70.0,2100.0,93.33333333333331,60.0,2700.0,90.0,-20.0,-400.0,0.0,20.0,70.0,3500.0,139.99999999999997,36.02356481481481,8,96.66666666666667,3600.0,132.2222222222222,38.333333333333336,160.0,213.3333333333333,100.0,3300.0,123.33333333333329,140.0
2017-10-12 21:59:19,2017-10-12,Bicep Curl (Barbell),2,23,2070.0,90.0,90.0,126.0,12,80.0,960.0,12.0,112.0,1.0,70.0,2520.0,98.0,100.0,3200.0,136.66666666666666,10.0,1110.0,11.0,14.0,20.0,-450.0,28.0,4.365520833333333,64,83.33333333333333,2226.6666666666665,115.55555555555554,26.666666666666668,100.0,136.66666666666666,-20.0,-2240.0,-24.666666666666657,90.0
2017-10-12 21:59:19,2017-10-12,Hammer Curl (Dumbbell ),1,15,1050.0,70.0,70.0,105.0,15,80.0,2880.0,36.0,112.0,3.0,70.0,1820.0,100.33333333333331,60.0,720.0,84.0,-10.0,-1830.0,-21.0,-7.0,0.0,-770.0,4.666666666666686,8.114826388888888,24,70.0,1806.6666666666667,98.77777777777777,24.666666666666668,80.0,112.0,20.0,2160.0,28.0,70.0
2017-10-12 21:59:19,2017-10-12,Hammer seated row (CLOSE GRIP),4,40,9490.0,240.0,237.5,329.0,12,230.0,10350.0,45.0,345.0,3.0,230.0,14450.0,322.0,230.0,9980.0,322.0,10.0,-860.0,-5.0,-16.0,10.0,-4960.0,7.0,4.365520833333333,37,230.0,11593.333333333334,329.6666666666667,52.0,230.0,345.0,0.0,370.0,23.0,240.0
2017-10-12 21:59:19,2017-10-12,Rear delt fly,2,22,2060.0,110.0,95.0,146.66666666666666,12,100.0,3600.0,36.0,140.0,3.0,85.0,3060.0,119.0,145.0,2900.0,193.3333333333333,10.0,-1540.0,-14.0,6.666666666666657,25.0,-1000.0,27.666666666666657,65.9664699074074,65,110.0,3186.6666666666665,150.77777777777774,30.666666666666668,145.0,193.3333333333333,-45.0,700.0,-53.333333333333286,110.0
2017-10-14 10:28:15,2017-10-14,Leg curl,3,36,4320.0,130.0,120.0,182.0,12,120.0,3600.0,30.0,180.0,2.0,140.0,2660.0,186.66666666666663,130.0,1300.0,173.33333333333331,10.0,720.0,6.0,2.0,-10.0,1660.0,-4.666666666666629,3.6319675925925927,20,130.0,2520.0,180.0,19.666666666666668,140.0,186.66666666666663,-10.0,2300.0,6.666666666666686,130.0
2017-10-14 10:28:15,2017-10-14,Squat (Barbell),10,60,15865.0,345.0,270.5,402.5,8,335.0,15485.0,59.0,402.0,10.0,330.0,15430.0,385.0,350.0,12720.0,408.33333333333337,10.0,380.0,1.0,0.5,15.0,435.0,17.5,3.6319675925925927,94,338.3333333333333,14545.0,398.4444444444444,54.0,350.0,408.33333333333337,-15.0,2765.0,-6.333333333333371,345.0
2017-10-15 14:06:19,2017-10-15,Incline Bench Press (Barbell),8,48,10230.0,250.0,208.125,304.0,8,235.0,12490.0,62.0,297.66666666666663,8.0,240.0,9315.0,296.0,235.0,12880.0,297.66666666666663,15.0,-2260.0,-14.0,6.333333333333371,10.0,915.0,8.0,11.73917824074074,74,236.66666666666666,11561.666666666666,297.1111111111111,56.333333333333336,240.0,297.66666666666663,0.0,-390.0,0.0,250.0
2017-10-15 14:06:19,2017-10-15,Incline Press (Dumbbell),3,36,6240.0,180.0,173.33333333333334,252.0,12,190.0,5030.0,27.0,247.0,3.0,170.0,6560.0,226.66666666666663,180.0,5520.0,240.0,-10.0,1210.0,9.0,5.0,10.0,-320.0,25.33333333333337,39.717905092592595,22,180.0,5703.333333333333,237.88888888888889,34.0,190.0,247.0,10.0,-490.0,7.0,180.0
2017-10-15 14:06:19,2017-10-15,Shoulder Press (Standing),2,18,1780.0,110.0,100.0,139.33333333333331,10,65.0,1560.0,24.0,91.0,2.0,95.0,1520.0,120.33333333333331,135.0,3655.0,162.0,45.0,220.0,-6.0,48.333333333333314,15.0,260.0,19.0,34.8377662037037,20,98.33333333333333,2245.0,124.44444444444444,23.666666666666668,135.0,162.0,-70.0,-2095.0,-71.0,110.0
2017-10-16 21:50:06,2017-10-16,Bicep Curl (Barbell),2,20,1900.0,95.0,95.0,133.0,12,90.0,2070.0,23.0,126.0,2.0,80.0,960.0,112.0,70.0,2520.0,98.0,5.0,-170.0,-3.0,7.0,15.0,940.0,21.0,3.993599537037037,65,80.0,1850.0,112.0,23.666666666666668,90.0,126.0,20.0,-450.0,28.0,95.0
2017-10-16 21:50:06,2017-10-16,Hammer Curl (Dumbbell ),2,24,1200.0,50.0,50.0,70.0,12,70.0,1050.0,15.0,105.0,1.0,80.0,2880.0,112.0,70.0,1820.0,100.33333333333331,-20.0,150.0,9.0,-35.0,-30.0,-1680.0,-42.0,3.993599537037037,25,73.33333333333333,1916.6666666666667,105.77777777777777,25.666666666666668,80.0,112.0,0.0,-770.0,4.666666666666686,50.0
2017-10-16 21:50:06,2017-10-16,Hammer seated row (CLOSE GRIP),5,52,11760.0,240.0,224.0,322.0,12,240.0,9490.0,40.0,329.0,4.0,230.0,10350.0,345.0,230.0,14450.0,322.0,0.0,2270.0,12.0,-7.0,10.0,1410.0,-23.0,3.993599537037037,38,233.33333333333334,11430.0,332.0,50.0,240.0,345.0,10.0,-4960.0,7.0,240.0
2017-10-18 22:29:34,2017-10-18,Leg curl,3,36,4680.0,130.0,130.0,182.0,12,130.0,4320.0,36.0,182.0,3.0,120.0,3600.0,180.0,140.0,2660.0,186.66666666666663,0.0,360.0,0.0,0.0,10.0,1080.0,2.0,4.5009143518518515,21,130.0,3526.6666666666665,182.88888888888889,28.333333333333332,140.0,186.66666666666663,-10.0,1660.0,-4.666666666666629,130.0
2017-10-18 22:29:34,2017-10-18,Leg press (hinge ),4,44,22860.0,540.0,517.5,756.0,12,520.0,12480.0,24.0,728.0,2.0,510.0,15680.0,716.6666666666666,540.0,16800.0,720.0,20.0,10380.0,20.0,28.0,30.0,7180.0,39.33333333333337,35.07706018518518,45,523.3333333333334,14986.666666666666,721.5555555555555,29.0,540.0,728.0,-20.0,-4320.0,8.0,540.0
2017-10-18 22:29:34,2017-10-18,Squat (Barbell),7,40,10935.0,345.0,278.57142857142856,402.5,7,345.0,15865.0,60.0,402.5,10.0,335.0,15485.0,402.0,330.0,15430.0,385.0,0.0,-4930.0,-20.0,0.0,10.0,-4550.0,0.5,4.5009143518518515,95,336.6666666666667,15593.333333333334,396.5,59.666666666666664,345.0,402.5,15.0,435.0,17.5,345.0
2017-10-19 18:47:04,2017-10-19,Bench Press (Barbell),6,38,9345.0,280.0,251.66666666666666,326.6666666666667,8,265.0,9265.0,39.0,318.0,6.0,260.0,7320.0,306.0,260.0,7570.0,320.6666666666667,15.0,80.0,-1.0,8.666666666666686,20.0,2025.0,20.666666666666686,7.889305555555556,15,261.6666666666667,8051.666666666667,314.8888888888889,34.0,265.0,320.6666666666667,5.0,1695.0,-2.6666666666666856,280.0
2017-10-19 18:47:04,2017-10-19,Seated Shoulder Press (Barbell),8,60,10960.0,235.0,183.125,297.66666666666663,8,235.0,12290.0,64.0,297.66666666666663,8.0,230.0,10250.0,291.3333333333333,190.0,4730.0,253.3333333333333,0.0,-1330.0,-4.0,0.0,5.0,710.0,6.333333333333314,7.889305555555556,67,218.33333333333334,9090.0,280.77777777777777,48.666666666666664,235.0,297.66666666666663,45.0,7560.0,44.33333333333334,235.0
2017-10-19 18:47:04,2017-10-19,Tricep pushdown,1,10,1400.0,140.0,140.0,186.66666666666663,10,140.0,5600.0,40.0,233.3333333333333,2.0,160.0,6000.0,213.3333333333333,70.0,2100.0,93.33333333333331,0.0,-4200.0,-30.0,-46.66666666666666,-20.0,-4600.0,-26.666666666666657,7.889305555555556,9,123.33333333333333,4566.666666666667,179.99999999999997,36.666666666666664,160.0,233.3333333333333,70.0,3500.0,139.99999999999997,140.0
2017-10-20 19:45:59,2017-10-20,Bicep Curl (Barbell),3,24,2280.0,95.0,95.0,120.33333333333331,8,95.0,1900.0,20.0,133.0,2.0,90.0,2070.0,126.0,80.0,960.0,112.0,0.0,380.0,4.0,-12.666666666666686,5.0,210.0,-5.666666666666686,3.9138078703703703,66,88.33333333333333,1643.3333333333333,123.66666666666667,18.333333333333332,95.0,133.0,15.0,940.0,21.0,95.0
2017-10-20 19:45:59,2017-10-20,Hammer seated row (CLOSE GRIP),5,60,12960.0,240.0,216.0,336.0,12,240.0,11760.0,52.0,322.0,5.0,240.0,9490.0,329.0,230.0,10350.0,345.0,0.0,1200.0,8.0,14.0,0.0,3470.0,7.0,3.9138078703703703,39,236.66666666666666,10533.333333333334,332.0,45.666666666666664,240.0,345.0,10.0,1410.0,-23.0,240.0
2017-10-22 13:55:17,2017-10-22,Good Morning (Barbell),3,30,3600.0,125.0,120.0,166.66666666666666,10,115.0,2530.0,22.0,161.0,2.0,115.0,2530.0,161.0,115.0,2430.0,161.0,10.0,1070.0,8.0,5.666666666666657,10.0,1070.0,5.666666666666657,11.77574074074074,16,115.0,2496.6666666666665,161.0,22.0,115.0,161.0,0.0,100.0,0.0,125.0
2017-10-22 13:55:17,2017-10-22,Leg outward fly,3,36,5040.0,140.0,140.0,196.0,12,150.0,6750.0,45.0,225.0,3.0,160.0,7360.0,224.0,160.0,3840.0,224.0,-10.0,-1710.0,-9.0,-29.0,-20.0,-2320.0,-28.0,11.77574074074074,20,156.66666666666666,5983.333333333333,224.33333333333334,40.333333333333336,160.0,225.0,-10.0,2910.0,1.0,140.0
2017-10-22 13:55:17,2017-10-22,Leg press (hinge ),6,76,36360.0,570.0,490.0,798.0,15,540.0,22860.0,44.0,756.0,4.0,520.0,12480.0,728.0,510.0,15680.0,716.6666666666666,30.0,13500.0,32.0,42.0,50.0,23880.0,70.0,3.6428587962962964,46,523.3333333333334,17006.666666666668,733.5555555555555,33.0,540.0,756.0,30.0,7180.0,39.33333333333337,570.0
2017-10-22 13:55:17,2017-10-22,Squat (Barbell),9,53,14835.0,345.0,283.3333333333333,402.5,8,345.0,10935.0,40.0,402.5,7.0,345.0,15865.0,402.5,335.0,15485.0,402.0,0.0,3900.0,13.0,0.0,0.0,-1030.0,0.0,3.6428587962962964,96,341.6666666666667,14095.0,402.3333333333333,53.0,345.0,402.5,10.0,-4550.0,0.5,345.0
2017-10-23 18:57:50,2017-10-23,Incline Bench Press (Barbell),6,39,8670.0,250.0,216.25,310.3333333333333,8,250.0,10230.0,48.0,304.0,8.0,235.0,12490.0,297.66666666666663,240.0,9315.0,296.0,0.0,-1560.0,-9.0,6.333333333333314,15.0,-3820.0,12.666666666666686,8.20244212962963,75,241.66666666666666,10678.333333333334,299.22222222222223,51.666666666666664,250.0,304.0,10.0,915.0,8.0,250.0
2017-10-23 18:57:50,2017-10-23,Incline Press (Dumbbell),3,31,5890.0,200.0,190.0,266.66666666666663,11,180.0,6240.0,36.0,252.0,3.0,190.0,5030.0,247.0,170.0,6560.0,226.66666666666663,20.0,-350.0,-5.0,14.666666666666629,10.0,860.0,19.66666666666663,8.20244212962963,23,180.0,5943.333333333333,241.88888888888889,35.333333333333336,190.0,252.0,10.0,-320.0,25.33333333333337,200.0
2017-10-23 18:57:50,2017-10-23,Overhead Press (Dumbbell),2,24,2880.0,120.0,120.0,168.0,12,130.0,3240.0,26.0,182.0,2.0,90.0,1440.0,114.0,140.0,4480.0,196.0,-10.0,-360.0,-2.0,-14.0,30.0,1440.0,54.0,43.04020833333333,7,120.0,3053.3333333333335,164.0,24.666666666666668,140.0,196.0,-10.0,-1240.0,-14.0,120.0
2017-10-24 18:22:02,2017-10-24,Bicep Curl (Barbell),2,20,1300.0,70.0,65.0,93.33333333333331,10,95.0,2280.0,24.0,120.33333333333331,3.0,95.0,1900.0,133.0,90.0,2070.0,126.0,-25.0,-980.0,-4.0,-27.0,-25.0,-600.0,-39.666666666666686,3.9417013888888888,67,93.33333333333333,2083.3333333333335,126.44444444444444,22.333333333333332,95.0,133.0,5.0,210.0,-5.666666666666686,70.0
2017-10-24 18:22:02,2017-10-24,Hammer Curl (Dumbbell ),3,34,2720.0,80.0,80.0,112.0,12,50.0,1200.0,24.0,70.0,2.0,70.0,1050.0,105.0,80.0,2880.0,112.0,30.0,1520.0,10.0,42.0,10.0,1670.0,7.0,7.855509259259259,26,66.66666666666667,1710.0,95.66666666666667,25.0,80.0,112.0,-30.0,-1680.0,-42.0,80.0
2017-10-24 18:22:02,2017-10-24,Hammer seated row (CLOSE GRIP),6,58,13160.0,245.0,225.83333333333334,336.0,12,240.0,12960.0,60.0,336.0,5.0,240.0,11760.0,322.0,240.0,9490.0,329.0,5.0,200.0,-2.0,0.0,5.0,1400.0,14.0,3.9417013888888888,40,240.0,11403.333333333334,329.0,50.666666666666664,240.0,336.0,0.0,3470.0,7.0,245.0
2017-10-26 19:47:20,2017-10-26,Good Morning (Barbell),3,30,3250.0,115.0,108.33333333333333,153.33333333333331,10,125.0,3600.0,30.0,166.66666666666666,3.0,115.0,2530.0,161.0,115.0,2530.0,161.0,-10.0,-350.0,0.0,-13.333333333333343,0.0,720.0,-7.666666666666686,4.244479166666666,17,118.33333333333333,2886.6666666666665,162.88888888888889,24.666666666666668,125.0,166.66666666666666,10.0,1070.0,5.666666666666657,115.0
2017-10-26 19:47:20,2017-10-26,Leg outward fly,3,34,4760.0,140.0,140.0,196.0,12,140.0,5040.0,36.0,196.0,3.0,150.0,6750.0,225.0,160.0,7360.0,224.0,0.0,-280.0,-2.0,0.0,-10.0,-1990.0,-29.0,4.244479166666666,21,150.0,6383.333333333333,215.0,44.333333333333336,160.0,225.0,-20.0,-2320.0,-28.0,140.0
2017-10-26 19:47:20,2017-10-26,Squat (Barbell),9,46,12650.0,355.0,276.1111111111111,414.1666666666667,6,345.0,14835.0,53.0,402.5,9.0,345.0,10935.0,402.5,345.0,15865.0,402.5,10.0,-2185.0,-7.0,11.666666666666686,10.0,1715.0,11.666666666666686,4.244479166666666,97,345.0,13878.333333333334,402.5,51.0,345.0,402.5,0.0,-1030.0,0.0,355.0
2017-10-26 19:47:20,2017-10-26,Stairmaster,1,0,0.0,0.0,0.0,0.0,0,0.0,0.0,0.0,0.0,2.0,0.0,0.0,0.0,0.0,0.0,0.0,0.0,0.0,0.0,0.0,0.0,0.0,0.0,2.0592361111111113,1,0.0,0.0,0.0,0.0,0.0,0.0,0.0,0.0,0.0,0.0
2017-10-27 17:40:15,2017-10-27,Bench Press (Barbell),6,32,8070.0,285.0,255.0,332.5,6,280.0,9345.0,38.0,326.6666666666667,6.0,265.0,9265.0,318.0,260.0,7320.0,306.0,5.0,-1275.0,-6.0,5.833333333333314,20.0,-1195.0,14.5,7.953599537037037,16,268.3333333333333,8643.333333333334,316.88888888888886,36.0,280.0,326.6666666666667,20.0,2025.0,20.666666666666686,285.0
2017-10-27 17:40:15,2017-10-27,Lateral Raise (Dumbbells),3,36,1800.0,50.0,50.0,70.0,12,40.0,600.0,15.0,60.0,1.0,40.0,1200.0,60.0,50.0,800.0,63.33333333333333,10.0,1200.0,21.0,10.0,10.0,600.0,10.0,15.842905092592593,35,43.333333333333336,866.6666666666666,61.11111111111111,20.333333333333332,50.0,63.33333333333333,-10.0,-200.0,-3.3333333333333286,50.0
2017-10-27 17:40:15,2017-10-27,Seated Shoulder Press (Barbell),7,52,9970.0,240.0,191.42857142857142,297.66666666666663,8,235.0,10960.0,60.0,297.66666666666663,8.0,235.0,12290.0,297.66666666666663,230.0,10250.0,291.3333333333333,5.0,-990.0,-8.0,0.0,5.0,-2320.0,0.0,7.953599537037037,68,233.33333333333334,11166.666666666666,295.55555555555554,59.333333333333336,235.0,297.66666666666663,5.0,710.0,6.333333333333314,240.0
2017-10-27 17:40:15,2017-10-27,Tricep pushdown,4,80,10200.0,130.0,127.5,216.66666666666663,20,140.0,1400.0,10.0,186.66666666666663,1.0,140.0,5600.0,233.3333333333333,160.0,6000.0,213.3333333333333,-10.0,8800.0,70.0,30.0,-10.0,4600.0,-16.666666666666657,7.953599537037037,10,146.66666666666666,4333.333333333333,211.1111111111111,30.0,160.0,233.3333333333333,-20.0,-4600.0,-26.666666666666657,130.0
2017-10-28 14:02:47,2017-10-28,Hammer seated row (CLOSE GRIP),3,36,6480.0,180.0,180.0,252.0,12,245.0,13160.0,58.0,336.0,6.0,240.0,12960.0,336.0,240.0,11760.0,322.0,-65.0,-6680.0,-22.0,-84.0,-60.0,-6480.0,-84.0,3.819965277777778,41,241.66666666666666,12626.666666666666,331.3333333333333,56.666666666666664,245.0,336.0,5.0,1400.0,14.0,180.0
2017-10-31 21:33:00,2017-10-31,Incline Bench Press (Barbell),6,40,9020.0,250.0,218.33333333333334,310.3333333333333,8,250.0,8670.0,39.0,310.3333333333333,6.0,250.0,10230.0,304.0,235.0,12490.0,297.66666666666663,0.0,350.0,1.0,0.0,0.0,-1210.0,6.333333333333314,8.10775462962963,76,245.0,10463.333333333334,304.0,49.666666666666664,250.0,310.3333333333333,15.0,-3820.0,12.666666666666686,250.0
2017-10-31 21:33:00,2017-10-31,Incline Press (Dumbbell),5,51,9100.0,200.0,182.0,260.0,14,200.0,5890.0,31.0,266.66666666666663,3.0,180.0,6240.0,252.0,190.0,5030.0,247.0,0.0,3210.0,20.0,-6.666666666666629,20.0,2860.0,8.0,8.10775462962963,24,190.0,5720.0,255.2222222222222,31.333333333333332,200.0,266.66666666666663,10.0,860.0,19.66666666666663,200.0
2017-10-31 21:33:00,2017-10-31,Tricep pushdown,2,25,2900.0,140.0,120.0,186.66666666666663,15,130.0,10200.0,80.0,216.66666666666663,4.0,140.0,1400.0,186.66666666666663,140.0,5600.0,233.3333333333333,10.0,-7300.0,-55.0,-30.0,0.0,1500.0,0.0,4.161631944444444,11,136.66666666666666,5733.333333333333,212.22222222222217,43.333333333333336,140.0,233.3333333333333,-10.0,4600.0,-16.666666666666657,140.0
2017-11-01 20:32:27,2017-11-01,Leg curl,3,32,3970.0,135.0,125.0,180.0,12,130.0,4680.0,36.0,182.0,3.0,130.0,4320.0,182.0,120.0,3600.0,180.0,5.0,-710.0,-4.0,-2.0,5.0,-350.0,-2.0,13.918668981481481,22,126.66666666666667,4200.0,181.33333333333334,34.0,130.0,182.0,10.0,1080.0,2.0,135.0
2017-11-01 20:32:27,2017-11-01,Leg outward fly,1,10,1300.0,130.0,130.0,173.33333333333331,10,140.0,4760.0,34.0,196.0,3.0,140.0,5040.0,196.0,150.0,6750.0,225.0,-10.0,-3460.0,-24.0,-22.666666666666686,-10.0,-3740.0,-22.666666666666686,6.031331018518519,22,143.33333333333334,5516.666666666667,205.66666666666666,38.333333333333336,150.0,225.0,-10.0,-1990.0,-29.0,130.0
2017-11-01 20:32:27,2017-11-01,Leg press (hinge ),3,39,21450.0,550.0,550.0,788.3333333333334,13,570.0,36360.0,76.0,798.0,6.0,540.0,22860.0,756.0,520.0,12480.0,728.0,-20.0,-14910.0,-37.0,-9.666666666666629,10.0,-1410.0,32.33333333333337,10.275810185185184,47,543.3333333333334,23900.0,760.6666666666666,48.0,570.0,798.0,50.0,23880.0,70.0,550.0
2017-11-01 20:32:27,2017-11-01,Squat (Barbell),10,51,14625.0,345.0,288.0,402.5,6,355.0,12650.0,46.0,414.1666666666667,9.0,345.0,14835.0,402.5,345.0,10935.0,402.5,-10.0,1975.0,5.0,-11.666666666666686,0.0,-210.0,0.0,6.031331018518519,98,348.3333333333333,12806.666666666666,406.3888888888889,46.333333333333336,355.0,414.1666666666667,10.0,1715.0,11.666666666666686,345.0
2017-11-02 18:39:23,2017-11-02,Deadlift (Barbell),6,29,8825.0,425.0,308.3333333333333,481.6666666666666,5,315.0,4275.0,15.0,367.5,3.0,325.0,5750.0,379.1666666666667,375.0,7875.0,437.5,110.0,4550.0,14.0,114.16666666666657,100.0,3075.0,102.49999999999989,49.91721064814815,18,338.3333333333333,5966.666666666667,394.7222222222222,20.0,375.0,437.5,-60.0,-3600.0,-70.0,425.0
2017-11-02 18:39:23,2017-11-02,Hammer seated row (CLOSE GRIP),5,60,12960.0,220.0,216.0,308.0,12,180.0,6480.0,36.0,252.0,3.0,245.0,13160.0,336.0,240.0,12960.0,336.0,40.0,6480.0,24.0,56.0,-25.0,-200.0,-28.0,5.192083333333334,42,221.66666666666666,10866.666666666666,308.0,51.333333333333336,245.0,336.0,-60.0,-6480.0,-84.0,220.0
2017-11-05 13:05:49,2017-11-05,Leg curl,2,18,2520.0,140.0,140.0,182.0,9,135.0,3970.0,32.0,180.0,3.0,130.0,4680.0,182.0,130.0,4320.0,182.0,5.0,-1450.0,-14.0,2.0,10.0,-2160.0,0.0,3.689837962962963,23,131.66666666666666,4323.333333333333,181.33333333333334,34.666666666666664,135.0,182.0,5.0,-350.0,-2.0,140.0
2017-11-05 13:05:49,2017-11-05,Leg press (hinge ),4,42,25620.0,610.0,610.0,833.6666666666666,11,550.0,21450.0,39.0,788.3333333333334,3.0,570.0,36360.0,798.0,540.0,22860.0,756.0,60.0,4170.0,3.0,45.33333333333326,40.0,-10740.0,35.66666666666663,3.689837962962963,48,553.3333333333334,26890.0,780.7777777777778,53.0,570.0,798.0,10.0,-1410.0,32.33333333333337,610.0
2017-11-05 13:05:49,2017-11-05,Squat (Barbell),8,45,13155.0,345.0,291.875,402.5,8,345.0,14625.0,51.0,402.5,10.0,355.0,12650.0,414.1666666666667,345.0,14835.0,402.5,0.0,-1470.0,-6.0,0.0,-10.0,505.0,-11.666666666666686,3.689837962962963,99,348.3333333333333,14036.666666666666,406.3888888888889,50.0,355.0,414.1666666666667,0.0,-210.0,0.0,345.0
2017-11-06 18:43:57,2017-11-06,Deadlift (Barbell),6,26,7555.0,405.0,305.8333333333333,455.00000000000006,5,425.0,8825.0,29.0,481.6666666666666,6.0,315.0,4275.0,367.5,325.0,5750.0,379.1666666666667,-20.0,-1270.0,-3.0,-26.666666666666515,90.0,3280.0,87.50000000000006,4.003171296296296,19,355.0,6283.333333333333,409.4444444444444,21.333333333333332,425.0,481.6666666666666,100.0,3075.0,102.49999999999989,405.0
2017-11-06 18:43:57,2017-11-06,Hammer Curl (Dumbbell ),4,44,2340.0,60.0,52.5,84.0,12,80.0,2720.0,34.0,112.0,3.0,50.0,1200.0,70.0,70.0,1050.0,105.0,-20.0,-380.0,10.0,-28.0,10.0,1140.0,14.0,13.015219907407408,27,66.66666666666667,1656.6666666666667,95.66666666666667,24.333333333333332,80.0,112.0,10.0,1670.0,7.0,60.0
2017-11-06 18:43:57,2017-11-06,Hammer seated row (CLOSE GRIP),5,50,12150.0,245.0,243.0,326.66666666666663,10,220.0,12960.0,60.0,308.0,5.0,180.0,6480.0,252.0,245.0,13160.0,336.0,25.0,-810.0,-10.0,18.66666666666663,65.0,5670.0,74.66666666666663,4.003171296296296,43,215.0,10866.666666666666,298.6666666666667,51.333333333333336,245.0,336.0,-25.0,-200.0,-28.0,245.0
2017-11-06 18:43:57,2017-11-06,Lat Pulldown,4,34,5620.0,190.0,165.0,240.66666666666663,10,170.0,5200.0,32.0,226.66666666666663,3.0,190.0,5190.0,240.66666666666663,170.0,3400.0,226.66666666666663,20.0,420.0,2.0,14.0,0.0,430.0,0.0,54.935150462962966,25,176.66666666666666,4596.666666666667,231.3333333333333,27.333333333333332,190.0,240.66666666666663,0.0,1800.0,0.0,190.0
2017-11-08 21:20:47,2017-11-08,Incline Bench Press (Barbell),6,39,8885.0,255.0,221.66666666666666,316.66666666666663,8,250.0,9020.0,40.0,310.3333333333333,6.0,250.0,8670.0,310.3333333333333,250.0,10230.0,304.0,5.0,-135.0,-1.0,6.333333333333314,5.0,215.0,6.333333333333314,7.9915162037037035,77,250.0,9306.666666666666,308.22222222222223,42.333333333333336,250.0,310.3333333333333,0.0,-1210.0,6.333333333333314,255.0
2017-11-08 21:20:47,2017-11-08,Incline Press (Dumbbell),4,38,7480.0,210.0,197.5,266.66666666666663,10,200.0,9100.0,51.0,260.0,5.0,200.0,5890.0,266.66666666666663,180.0,6240.0,252.0,10.0,-1620.0,-13.0,6.666666666666629,10.0,1590.0,0.0,7.9915162037037035,25,193.33333333333334,7076.666666666667,259.55555555555554,39.333333333333336,200.0,266.66666666666663,20.0,2860.0,8.0,210.0
2017-11-08 21:20:47,2017-11-08,Lateral Raise (Dumbbells),4,60,1800.0,30.0,30.0,45.0,15,50.0,1800.0,36.0,70.0,3.0,40.0,600.0,60.0,40.0,1200.0,60.0,-20.0,0.0,24.0,-25.0,-10.0,1200.0,-15.0,12.153148148148148,36,43.333333333333336,1200.0,63.333333333333336,27.0,50.0,70.0,10.0,600.0,10.0,30.0
2017-11-09 18:38:19,2017-11-09,Good Morning (Barbell),2,16,1680.0,105.0,105.0,133.0,8,115.0,3250.0,30.0,153.33333333333331,3.0,125.0,3600.0,166.66666666666666,115.0,2530.0,161.0,-10.0,-1570.0,-14.0,-20.333333333333314,-20.0,-1920.0,-33.66666666666666,13.95207175925926,18,118.33333333333333,3126.6666666666665,160.33333333333334,27.333333333333332,125.0,166.66666666666666,0.0,720.0,-7.666666666666686,105.0
2017-11-09 18:38:19,2017-11-09,Leg curl,3,25,2450.0,110.0,96.66666666666667,143.0,9,140.0,2520.0,18.0,182.0,2.0,135.0,3970.0,180.0,130.0,4680.0,182.0,-30.0,-70.0,7.0,-39.0,-25.0,-1520.0,-37.0,4.230902777777778,24,135.0,3723.3333333333335,181.33333333333334,28.666666666666668,140.0,182.0,10.0,-2160.0,0.0,110.0
2017-11-09 18:38:19,2017-11-09,Leg press (hinge ),4,37,23310.0,630.0,630.0,840.0,10,610.0,25620.0,42.0,833.6666666666666,4.0,550.0,21450.0,788.3333333333334,570.0,36360.0,798.0,20.0,-2310.0,-5.0,6.333333333333371,80.0,1860.0,51.66666666666663,4.230902777777778,49,576.6666666666666,27810.0,806.6666666666666,52.333333333333336,610.0,833.6666666666666,40.0,-10740.0,35.66666666666663,630.0
2017-11-09 18:38:19,2017-11-09,Squat (Barbell),8,40,12250.0,365.0,306.25,425.83333333333337,5,345.0,13155.0,45.0,402.5,8.0,345.0,14625.0,402.5,355.0,12650.0,414.1666666666667,20.0,-905.0,-5.0,23.33333333333337,20.0,-2375.0,23.33333333333337,4.230902777777778,100,348.3333333333333,13476.666666666666,406.3888888888889,47.333333333333336,355.0,414.1666666666667,-10.0,505.0,-11.666666666666686,365.0
2017-11-10 20:18:54,2017-11-10,Bicep Curl (Barbell),4,38,3300.0,100.0,87.5,130.0,10,70.0,1300.0,20.0,93.33333333333331,2.0,95.0,2280.0,120.33333333333331,95.0,1900.0,133.0,30.0,2000.0,18.0,36.666666666666686,5.0,1020.0,9.666666666666686,17.081157407407407,68,86.66666666666667,1826.6666666666667,115.55555555555554,21.333333333333332,95.0,133.0,-25.0,-600.0,-39.666666666666686,100.0
2017-11-10 20:18:54,2017-11-10,Hammer seated row (CLOSE GRIP),4,40,9900.0,250.0,247.5,333.3333333333333,10,245.0,12150.0,50.0,326.66666666666663,5.0,220.0,12960.0,308.0,180.0,6480.0,252.0,5.0,-2250.0,-10.0,6.666666666666686,30.0,-3060.0,25.333333333333314,4.0659375,44,215.0,10530.0,295.5555555555556,48.666666666666664,245.0,326.66666666666663,65.0,5670.0,74.66666666666663,250.0
2017-11-12 17:55:28,2017-11-12,Bench Press (Barbell),5,28,7220.0,290.0,260.0,348.0,6,285.0,8070.0,32.0,332.5,6.0,280.0,9345.0,326.6666666666667,265.0,9265.0,318.0,5.0,-850.0,-4.0,15.5,10.0,-2125.0,21.333333333333314,16.010567129629628,17,276.6666666666667,8893.333333333334,325.72222222222223,36.333333333333336,285.0,332.5,20.0,-1195.0,14.5,290.0
2017-11-12 17:55:28,2017-11-12,Lateral Raise (Dumbbells),3,36,1440.0,40.0,40.0,56.0,12,30.0,1800.0,60.0,45.0,4.0,50.0,1800.0,70.0,40.0,600.0,60.0,10.0,-360.0,-24.0,11.0,-10.0,-360.0,-14.0,3.8574189814814814,37,40.0,1400.0,58.333333333333336,37.0,50.0,70.0,-10.0,1200.0,-15.0,40.0
2017-11-12 17:55:28,2017-11-12,Overhead Press (Dumbbell),2,20,2900.0,150.0,145.0,200.0,10,120.0,2880.0,24.0,168.0,2.0,130.0,3240.0,182.0,90.0,1440.0,114.0,30.0,20.0,-4.0,32.0,20.0,-340.0,18.0,19.956689814814816,8,113.33333333333333,2520.0,154.66666666666666,22.0,130.0,182.0,30.0,1440.0,54.0,150.0
2017-11-12 17:55:28,2017-11-12,Seated Shoulder Press (Barbell),8,63,11940.0,240.0,191.25,304.0,10,240.0,9970.0,52.0,297.66666666666663,7.0,235.0,10960.0,297.66666666666663,235.0,12290.0,297.66666666666663,0.0,1970.0,11.0,6.333333333333371,5.0,980.0,6.333333333333371,16.010567129629628,69,236.66666666666666,11073.333333333334,297.66666666666663,58.666666666666664,240.0,297.66666666666663,5.0,-2320.0,0.0,240.0
2017-11-13 19:51:24,2017-11-13,Leg curl,3,26,3380.0,130.0,130.0,169.0,9,110.0,2450.0,25.0,143.0,3.0,140.0,2520.0,182.0,135.0,3970.0,180.0,20.0,930.0,1.0,26.0,-10.0,860.0,-13.0,4.050752314814815,25,128.33333333333334,2980.0,168.33333333333334,25.0,140.0,182.0,-25.0,-1520.0,-37.0,130.0
2017-11-13 19:51:24,2017-11-13,Romanian Deadlift (Barbell),3,18,3930.0,225.0,218.33333333333334,270.0,6,235.0,3760.0,16.0,297.66666666666663,2.0,225.0,4500.0,285.0,195.0,4520.0,247.0,-10.0,170.0,2.0,-27.66666666666663,0.0,-570.0,-15.0,163.27056712962963,15,218.33333333333334,4260.0,276.5555555555556,20.0,235.0,297.66666666666663,40.0,-760.0,50.66666666666663,225.0
2017-11-13 19:51:24,2017-11-13,Squat (Barbell),10,52,15175.0,370.0,292.5,431.6666666666667,6,365.0,12250.0,40.0,425.83333333333337,8.0,345.0,13155.0,402.5,345.0,14625.0,402.5,5.0,2925.0,12.0,5.833333333333314,25.0,2020.0,29.166666666666686,4.050752314814815,101,351.6666666666667,13343.333333333334,410.2777777777778,45.333333333333336,365.0,425.83333333333337,20.0,-2375.0,23.33333333333337,370.0
2017-11-14 22:32:35,2017-11-14,Hammer Curl (Dumbbell ),2,20,1400.0,70.0,70.0,93.33333333333331,10,60.0,2340.0,44.0,84.0,4.0,80.0,2720.0,112.0,50.0,1200.0,70.0,10.0,-940.0,-24.0,9.333333333333314,-10.0,-1320.0,-18.666666666666686,8.158773148148148,28,63.333333333333336,2086.6666666666665,88.66666666666667,34.0,80.0,112.0,10.0,1140.0,14.0,70.0
2017-11-14 22:32:35,2017-11-14,Hammer seated row (CLOSE GRIP),4,40,10100.0,252.5,252.5,336.66666666666663,10,250.0,9900.0,40.0,333.3333333333333,4.0,245.0,12150.0,326.66666666666663,220.0,12960.0,308.0,2.5,200.0,0.0,3.3333333333333144,7.5,-2050.0,10.0,4.0928356481481485,45,238.33333333333334,11670.0,322.6666666666667,50.0,250.0,333.3333333333333,30.0,-3060.0,25.333333333333314,252.5
2017-11-16 21:17:53,2017-11-16,Incline Bench Press (Barbell),7,44,9675.0,260.0,212.14285714285714,316.66666666666663,8,255.0,8885.0,39.0,316.66666666666663,6.0,250.0,9020.0,310.3333333333333,250.0,8670.0,310.3333333333333,5.0,790.0,5.0,0.0,10.0,655.0,6.333333333333314,7.9979861111111115,78,251.66666666666666,8858.333333333334,312.4444444444444,39.333333333333336,255.0,316.66666666666663,5.0,215.0,6.333333333333314,260.0
2017-11-16 21:17:53,2017-11-16,Incline Press (Dumbbell),5,45,9050.0,210.0,202.0,273.0,10,210.0,7480.0,38.0,266.66666666666663,4.0,200.0,9100.0,260.0,200.0,5890.0,266.66666666666663,0.0,1570.0,7.0,6.333333333333371,10.0,-50.0,13.0,7.9979861111111115,26,203.33333333333334,7490.0,264.4444444444444,40.0,210.0,266.66666666666663,10.0,1590.0,0.0,210.0
2017-11-16 21:17:53,2017-11-16,Tricep pushdown,2,24,2160.0,100.0,90.0,140.0,12,140.0,2900.0,25.0,186.66666666666663,2.0,130.0,10200.0,216.66666666666663,140.0,1400.0,186.66666666666663,-40.0,-740.0,-1.0,-46.66666666666663,-30.0,-8040.0,-76.66666666666663,15.989502314814814,12,136.66666666666666,4833.333333333333,196.66666666666663,38.333333333333336,140.0,216.66666666666663,0.0,1500.0,0.0,100.0
2017-11-18 18:40:39,2017-11-18,Leg curl,3,28,3440.0,130.0,123.33333333333333,164.66666666666666,10,130.0,3380.0,26.0,169.0,3.0,110.0,2450.0,143.0,140.0,2520.0,182.0,0.0,60.0,2.0,-4.333333333333343,20.0,990.0,21.666666666666657,4.9508680555555555,26,126.66666666666667,2783.3333333333335,164.66666666666666,23.0,140.0,182.0,-10.0,860.0,-13.0,130.0
2017-11-18 18:40:39,2017-11-18,Leg outward fly,3,36,4800.0,140.0,133.33333333333334,196.0,12,130.0,1300.0,10.0,173.33333333333331,1.0,140.0,4760.0,196.0,140.0,5040.0,196.0,10.0,3500.0,26.0,22.666666666666686,0.0,40.0,0.0,16.922361111111112,23,136.66666666666666,3700.0,188.44444444444443,26.666666666666668,140.0,196.0,-10.0,-3740.0,-22.666666666666686,140.0
2017-11-18 18:40:39,2017-11-18,Leg press (hinge ),3,26,17730.0,685.0,681.6666666666666,913.3333333333331,10,630.0,23310.0,37.0,840.0,4.0,610.0,25620.0,833.6666666666666,550.0,21450.0,788.3333333333334,55.0,-5580.0,-11.0,73.33333333333314,75.0,-7890.0,79.66666666666652,9.00162037037037,50,596.6666666666666,23460.0,820.6666666666666,39.333333333333336,630.0,840.0,80.0,1860.0,51.66666666666663,685.0
2017-11-18 18:40:39,2017-11-18,Squat (Barbell),9,46,14465.0,380.0,313.3333333333333,443.33333333333337,6,370.0,15175.0,52.0,431.6666666666667,10.0,365.0,12250.0,425.83333333333337,345.0,13155.0,402.5,10.0,-710.0,-6.0,11.666666666666686,15.0,2215.0,17.5,4.9508680555555555,102,360.0,13526.666666666666,420.0,45.666666666666664,370.0,431.6666666666667,25.0,2020.0,29.166666666666686,380.0
2017-11-19 15:24:57,2017-11-19,Bicep Curl (Barbell),2,20,1500.0,75.0,75.0,100.0,10,100.0,3300.0,38.0,130.0,4.0,70.0,1300.0,93.33333333333331,95.0,2280.0,120.33333333333331,-25.0,-1800.0,-18.0,-30.0,5.0,200.0,6.666666666666686,8.795868055555555,69,88.33333333333333,2293.3333333333335,114.55555555555554,27.333333333333332,100.0,130.0,5.0,1020.0,9.666666666666686,75.0
2017-11-19 15:24:57,2017-11-19,Hammer seated row (CLOSE GRIP),6,65,13870.0,250.0,216.66666666666666,333.3333333333333,12,252.5,10100.0,40.0,336.66666666666663,4.0,250.0,9900.0,333.3333333333333,245.0,12150.0,326.66666666666663,-2.5,3770.0,25.0,-3.3333333333333144,0.0,3970.0,0.0,4.703032407407408,46,249.16666666666666,10716.666666666666,332.22222222222223,43.333333333333336,252.5,336.66666666666663,7.5,-2050.0,10.0,250.0
2017-11-20 20:13:37,2017-11-20,Bench Press (Barbell),4,21,5920.0,300.0,283.75,350.0,6,290.0,7220.0,28.0,348.0,5.0,285.0,8070.0,332.5,280.0,9345.0,326.6666666666667,10.0,-1300.0,-7.0,2.0,15.0,-2150.0,17.5,8.0959375,18,285.0,8211.666666666666,335.72222222222223,32.666666666666664,290.0,348.0,10.0,-2125.0,21.333333333333314,300.0
2017-11-20 20:13:37,2017-11-20,Incline Press (Dumbbell),3,33,5280.0,160.0,160.0,218.66666666666669,11,210.0,9050.0,45.0,273.0,5.0,210.0,7480.0,266.66666666666663,200.0,9100.0,260.0,-50.0,-3770.0,-12.0,-54.333333333333314,-50.0,-2200.0,-47.99999999999994,3.95537037037037,27,206.66666666666666,8543.333333333334,266.55555555555554,44.666666666666664,210.0,273.0,10.0,-50.0,13.0,160.0
2017-11-20 20:13:37,2017-11-20,Seated Shoulder Press (Barbell),8,54,11185.0,240.0,204.375,296.0,8,240.0,11940.0,63.0,304.0,8.0,240.0,9970.0,297.66666666666663,235.0,10960.0,297.66666666666663,0.0,-755.0,-9.0,-8.0,0.0,1215.0,-1.6666666666666288,8.0959375,70,238.33333333333334,10956.666666666666,299.77777777777777,58.333333333333336,240.0,304.0,5.0,980.0,6.333333333333371,240.0
2017-11-22 14:59:09,2017-11-22,Leg outward fly,3,40,4880.0,130.0,123.33333333333333,182.0,16,140.0,4800.0,36.0,196.0,3.0,130.0,1300.0,173.33333333333331,140.0,4760.0,196.0,-10.0,80.0,4.0,-14.0,0.0,3580.0,8.666666666666686,3.8461805555555557,24,136.66666666666666,3620.0,188.44444444444443,26.666666666666668,140.0,196.0,0.0,40.0,0.0,130.0
2017-11-22 14:59:09,2017-11-22,Leg press (hinge ),4,35,23760.0,720.0,675.0,936.0,9,685.0,17730.0,26.0,913.3333333333331,3.0,630.0,23310.0,840.0,610.0,25620.0,833.6666666666666,35.0,6030.0,9.0,22.666666666666856,90.0,450.0,96.0,3.8461805555555557,51,641.6666666666666,22220.0,862.3333333333331,35.0,685.0,913.3333333333331,75.0,-7890.0,79.66666666666652,720.0
2017-11-22 14:59:09,2017-11-22,Romanian Deadlift (Barbell),3,24,3400.0,155.0,141.66666666666666,196.3333333333333,8,225.0,3930.0,18.0,270.0,3.0,235.0,3760.0,297.66666666666663,225.0,4500.0,285.0,-70.0,-530.0,6.0,-73.66666666666671,-80.0,-360.0,-101.33333333333334,8.79704861111111,16,228.33333333333334,4063.3333333333335,284.22222222222223,18.0,235.0,297.66666666666663,0.0,-570.0,-15.0,155.0
2017-11-22 14:59:09,2017-11-22,Squat (Barbell),9,45,14100.0,365.0,313.3333333333333,425.83333333333337,5,380.0,14465.0,46.0,443.33333333333337,9.0,370.0,15175.0,431.6666666666667,365.0,12250.0,425.83333333333337,-15.0,-365.0,-1.0,-17.5,-5.0,-1075.0,-5.833333333333314,3.8461805555555557,103,371.6666666666667,13963.333333333334,433.61111111111114,46.0,380.0,443.33333333333337,15.0,2215.0,17.5,365.0
2017-11-23 13:16:47,2017-11-23,Face pull,4,52,1920.0,50.0,37.5,70.0,14,100.0,3000.0,30.0,133.33333333333331,3.0,90.0,900.0,120.0,0.0,0.0,0.0,-50.0,-1080.0,22.0,-63.333333333333314,-40.0,1020.0,-50.0,101.95362268518518,2,95.0,1950.0,126.66666666666666,20.0,100.0,133.33333333333331,0.0,0.0,0.0,50.0
2017-11-23 13:16:47,2017-11-23,Hammer Curl (Dumbbell ),3,34,1900.0,70.0,56.666666666666664,93.33333333333331,12,70.0,1400.0,20.0,93.33333333333331,2.0,60.0,2340.0,84.0,80.0,2720.0,112.0,0.0,500.0,14.0,0.0,10.0,-440.0,9.333333333333314,8.614027777777778,29,70.0,2153.3333333333335,96.44444444444444,32.666666666666664,80.0,112.0,-10.0,-1320.0,-18.666666666666686,70.0
2017-11-23 13:16:47,2017-11-23,Hammer seated row (CLOSE GRIP),6,68,14520.0,230.0,211.66666666666666,322.0,12,250.0,13870.0,65.0,333.3333333333333,6.0,252.5,10100.0,336.66666666666663,250.0,9900.0,333.3333333333333,-20.0,650.0,3.0,-11.333333333333314,-22.5,4420.0,-14.666666666666629,3.91099537037037,47,250.83333333333334,11290.0,334.4444444444444,48.333333333333336,252.5,336.66666666666663,0.0,3970.0,0.0,230.0
2017-11-24 13:09:49,2017-11-24,Incline Bench Press (Barbell),6,39,8910.0,255.0,225.0,323.0,8,260.0,9675.0,44.0,316.66666666666663,7.0,255.0,8885.0,316.66666666666663,250.0,9020.0,310.3333333333333,-5.0,-765.0,-5.0,6.333333333333371,0.0,25.0,6.333333333333371,7.661064814814814,79,255.0,9193.333333333334,314.55555555555554,41.0,260.0,316.66666666666663,10.0,655.0,6.333333333333314,255.0
2017-11-24 13:09:49,2017-11-24,Incline Press (Dumbbell),3,29,5800.0,200.0,200.0,266.66666666666663,10,160.0,5280.0,33.0,218.66666666666669,3.0,210.0,9050.0,273.0,210.0,7480.0,266.66666666666663,40.0,520.0,-4.0,47.99999999999994,-10.0,-3250.0,-6.333333333333371,3.7056944444444446,28,193.33333333333334,7270.0,252.77777777777774,38.666666666666664,210.0,273.0,-50.0,-2200.0,-47.99999999999994,200.0
2017-11-26 17:35:57,2017-11-26,Leg curl,2,20,2400.0,120.0,120.0,160.0,10,130.0,3440.0,28.0,164.66666666666666,3.0,130.0,3380.0,169.0,110.0,2450.0,143.0,-10.0,-1040.0,-8.0,-4.666666666666657,-10.0,-980.0,-9.0,7.955069444444445,27,123.33333333333333,3090.0,158.88888888888889,26.333333333333332,130.0,169.0,20.0,990.0,21.666666666666657,120.0
2017-11-26 17:35:57,2017-11-26,Leg press (hinge ),3,30,18900.0,630.0,630.0,840.0,10,720.0,23760.0,35.0,936.0,4.0,685.0,17730.0,913.3333333333331,630.0,23310.0,840.0,-90.0,-4860.0,-5.0,-96.0,-55.0,1170.0,-73.33333333333314,4.108888888888889,52,678.3333333333334,21600.0,896.4444444444443,32.666666666666664,720.0,936.0,90.0,450.0,96.0,630.0
2017-11-26 17:35:57,2017-11-26,Romanian Deadlift (Barbell),5,42,7610.0,205.0,181.0,259.66666666666663,9,155.0,3400.0,24.0,196.3333333333333,3.0,225.0,3930.0,270.0,235.0,3760.0,297.66666666666663,50.0,4210.0,18.0,63.33333333333334,-20.0,3680.0,-10.333333333333371,4.108888888888889,17,205.0,3696.6666666666665,254.66666666666666,19.333333333333332,235.0,297.66666666666663,-80.0,-360.0,-101.33333333333334,205.0
2017-11-26 17:35:57,2017-11-26,Squat (Barbell),9,44,14260.0,365.0,325.0,425.83333333333337,5,365.0,14100.0,45.0,425.83333333333337,9.0,380.0,14465.0,443.33333333333337,370.0,15175.0,431.6666666666667,0.0,160.0,-1.0,0.0,-15.0,-205.0,-17.5,4.108888888888889,104,371.6666666666667,14580.0,433.61111111111114,47.666666666666664,380.0,443.33333333333337,-5.0,-1075.0,-5.833333333333314,365.0
2017-11-27 21:50:25,2017-11-27,Hammer seated row (CLOSE GRIP),8,85,18780.0,270.0,223.75,350.0,12,230.0,14520.0,68.0,322.0,6.0,250.0,13870.0,333.3333333333333,252.5,10100.0,336.66666666666663,40.0,4260.0,17.0,28.0,20.0,4910.0,16.666666666666686,4.356689814814815,48,244.16666666666666,12830.0,330.6666666666667,57.666666666666664,252.5,336.66666666666663,-22.5,4420.0,-14.666666666666629,270.0
2017-11-30 16:57:05,2017-11-30,Romanian Deadlift (Barbell),3,24,5400.0,225.0,225.0,285.0,8,205.0,7610.0,42.0,259.66666666666663,5.0,155.0,3400.0,196.3333333333333,225.0,3930.0,270.0,20.0,-2210.0,-18.0,25.33333333333337,70.0,2000.0,88.66666666666671,3.973009259259259,18,195.0,4980.0,242.0,28.0,225.0,270.0,-20.0,3680.0,-10.333333333333371,225.0
2017-11-30 16:57:05,2017-11-30,Squat (Barbell),9,49,14825.0,365.0,307.22222222222223,425.83333333333337,6,365.0,14260.0,44.0,425.83333333333337,9.0,365.0,14100.0,425.83333333333337,380.0,14465.0,443.33333333333337,0.0,565.0,5.0,0.0,0.0,725.0,0.0,3.973009259259259,105,370.0,14275.0,431.6666666666667,45.0,380.0,443.33333333333337,-15.0,-205.0,-17.5,365.0
2017-12-02 00:14:13,2017-12-02,Hammer lat pulldown,4,40,7600.0,210.0,190.0,280.0,10,180.0,5400.0,30.0,240.0,3.0,0.0,0.0,0.0,0.0,0.0,0.0,30.0,2200.0,10.0,40.0,0.0,0.0,0.0,671.3839814814814,1,180.0,5400.0,240.0,30.0,180.0,240.0,0.0,0.0,0.0,210.0
2017-12-02 00:14:13,2017-12-02,Hammer seated row (CLOSE GRIP),4,48,11040.0,230.0,230.0,322.0,12,270.0,18780.0,85.0,350.0,8.0,230.0,14520.0,322.0,250.0,13870.0,333.3333333333333,-40.0,-7740.0,-37.0,-28.0,0.0,-3480.0,0.0,4.099861111111111,49,250.0,15723.333333333334,335.1111111111111,72.66666666666667,270.0,350.0,20.0,4910.0,16.666666666666686,230.0
2017-12-03 13:23:06,2017-12-03,Incline Bench Press (Barbell),8,58,12530.0,245.0,211.25,310.3333333333333,8,255.0,8910.0,39.0,323.0,6.0,260.0,9675.0,316.66666666666663,255.0,8885.0,316.66666666666663,-10.0,3620.0,19.0,-12.666666666666686,-15.0,2855.0,-6.333333333333314,9.009224537037037,80,256.6666666666667,9156.666666666666,318.77777777777777,40.666666666666664,260.0,323.0,0.0,25.0,6.333333333333371,245.0
2017-12-03 13:23:06,2017-12-03,Overhead Press (Dumbbell),2,20,2600.0,130.0,130.0,173.33333333333331,10,150.0,2900.0,20.0,200.0,2.0,120.0,2880.0,168.0,130.0,3240.0,182.0,-20.0,-300.0,0.0,-26.666666666666686,10.0,-280.0,5.333333333333314,20.81085648148148,9,133.33333333333334,3006.6666666666665,183.33333333333334,23.333333333333332,150.0,200.0,20.0,-340.0,18.0,130.0
2017-12-05 22:56:50,2017-12-05,Bicep Curl (Barbell),2,28,1400.0,50.0,50.0,73.33333333333334,14,75.0,1500.0,20.0,100.0,2.0,100.0,3300.0,130.0,70.0,1300.0,93.33333333333331,-25.0,-100.0,8.0,-26.666666666666657,-50.0,-1900.0,-56.66666666666666,16.313807870370372,70,81.66666666666667,2033.3333333333333,107.77777777777777,26.0,100.0,130.0,5.0,200.0,6.666666666666686,50.0
2017-12-05 22:56:50,2017-12-05,Hammer seated row (CLOSE GRIP),7,74,18180.0,270.0,245.71428571428572,364.0,12,230.0,11040.0,48.0,322.0,4.0,270.0,18780.0,350.0,230.0,14520.0,322.0,40.0,7140.0,26.0,42.0,0.0,-600.0,14.0,3.946261574074074,50,243.33333333333334,14780.0,331.3333333333333,67.0,270.0,350.0,0.0,-3480.0,0.0,270.0
2017-12-06 21:13:03,2017-12-06,Front Squat (Barbell),5,19,4035.0,225.0,213.0,255.0,4,155.0,1450.0,10.0,180.83333333333331,2.0,225.0,5450.0,262.5,175.0,2460.0,204.16666666666669,70.0,2585.0,9.0,74.16666666666669,0.0,-1415.0,-7.5,380.0893634259259,3,185.0,3120.0,215.83333333333334,18.333333333333332,225.0,262.5,-20.0,-1010.0,-23.33333333333337,225.0
2017-12-06 21:13:03,2017-12-06,Squat (Barbell),8,40,12150.0,365.0,303.75,425.83333333333337,5,365.0,14825.0,49.0,425.83333333333337,9.0,365.0,14260.0,425.83333333333337,365.0,14100.0,425.83333333333337,0.0,-2675.0,-9.0,0.0,0.0,-2110.0,0.0,6.1777546296296295,106,365.0,14395.0,425.83333333333337,46.0,365.0,425.83333333333337,0.0,725.0,0.0,365.0
2017-12-07 20:30:37,2017-12-07,Bench Press (Barbell),5,29,7425.0,285.0,257.0,342.0,6,300.0,5920.0,21.0,350.0,4.0,290.0,7220.0,348.0,285.0,8070.0,332.5,-15.0,1505.0,8.0,-8.0,-5.0,205.0,-6.0,17.011805555555554,19,291.6666666666667,7070.0,343.5,27.0,300.0,350.0,15.0,-2150.0,17.5,285.0
2017-12-07 20:30:37,2017-12-07,Seated Shoulder Press (Barbell),8,48,9600.0,235.0,200.0,282.0,6,240.0,11185.0,54.0,296.0,8.0,240.0,11940.0,304.0,240.0,9970.0,297.66666666666663,-5.0,-1585.0,-6.0,-14.0,-5.0,-2340.0,-22.0,17.011805555555554,71,240.0,11031.666666666666,299.22222222222223,56.333333333333336,240.0,304.0,0.0,1215.0,-1.6666666666666288,235.0
2017-12-09 15:27:51,2017-12-09,Hammer Curl (Dumbbell ),2,24,1440.0,60.0,60.0,84.0,12,70.0,1900.0,34.0,93.33333333333331,3.0,70.0,1400.0,93.33333333333331,60.0,2340.0,84.0,-10.0,-460.0,-10.0,-9.333333333333314,-10.0,40.0,-9.333333333333314,16.091018518518517,30,66.66666666666667,1880.0,90.22222222222221,32.666666666666664,70.0,93.33333333333331,10.0,-440.0,9.333333333333314,60.0
2017-12-09 15:27:51,2017-12-09,Hammer lat pulldown,2,20,3900.0,195.0,195.0,260.0,10,210.0,7600.0,40.0,280.0,4.0,180.0,5400.0,240.0,0.0,0.0,0.0,-15.0,-3700.0,-20.0,-20.0,15.0,-1500.0,20.0,7.634467592592593,2,195.0,6500.0,260.0,35.0,210.0,280.0,0.0,0.0,0.0,195.0
2017-12-09 15:27:51,2017-12-09,Hammer seated row (CLOSE GRIP),5,60,14160.0,240.0,236.0,336.0,12,270.0,18180.0,74.0,364.0,7.0,230.0,11040.0,322.0,270.0,18780.0,350.0,-30.0,-4020.0,-14.0,-28.0,10.0,3120.0,14.0,3.6882060185185184,51,256.6666666666667,16000.0,345.3333333333333,69.0,270.0,364.0,0.0,-600.0,14.0,240.0
2017-12-10 12:46:23,2017-12-10,Glute extension.,2,24,3120.0,130.0,130.0,182.0,12,115.0,2760.0,24.0,161.0,2.0,130.0,1560.0,182.0,130.0,2600.0,173.33333333333331,15.0,360.0,0.0,21.0,0.0,1560.0,0.0,87.67207175925925,4,125.0,2306.6666666666665,172.11111111111111,18.666666666666668,130.0,182.0,-15.0,160.0,-12.333333333333314,130.0
2017-12-10 12:46:23,2017-12-10,Good Morning (Barbell),4,44,4700.0,115.0,107.5,153.33333333333331,12,105.0,1680.0,16.0,133.0,2.0,115.0,3250.0,153.33333333333331,125.0,3600.0,166.66666666666666,10.0,3020.0,28.0,20.333333333333314,0.0,1450.0,0.0,30.755601851851853,19,115.0,2843.3333333333335,151.0,25.333333333333332,125.0,166.66666666666666,-20.0,-1920.0,-33.66666666666666,115.0
2017-12-10 12:46:23,2017-12-10,Leg curl,2,20,2650.0,135.0,132.5,180.0,10,120.0,2400.0,20.0,160.0,2.0,130.0,3440.0,164.66666666666666,130.0,3380.0,169.0,15.0,250.0,0.0,20.0,5.0,-790.0,15.333333333333343,13.798912037037036,28,126.66666666666667,3073.3333333333335,164.55555555555554,24.666666666666668,130.0,169.0,-10.0,-980.0,-9.0,135.0
2017-12-10 12:46:23,2017-12-10,Leg outward fly,4,57,6600.0,120.0,115.0,180.0,15,130.0,4880.0,40.0,182.0,3.0,140.0,4800.0,196.0,130.0,1300.0,173.33333333333331,-10.0,1720.0,17.0,-2.0,-20.0,1800.0,-16.0,17.907800925925926,25,133.33333333333334,3660.0,183.77777777777774,28.666666666666668,140.0,196.0,0.0,3580.0,8.666666666666686,120.0
2017-12-10 12:46:23,2017-12-10,Leg press (hinge ),1,10,2700.0,270.0,270.0,360.0,10,630.0,18900.0,30.0,840.0,3.0,720.0,23760.0,936.0,685.0,17730.0,913.3333333333331,-360.0,-16200.0,-20.0,-480.0,-450.0,-21060.0,-576.0,13.798912037037036,53,678.3333333333334,20130.0,896.4444444444443,30.333333333333332,720.0,936.0,-55.0,1170.0,-73.33333333333314,270.0
2017-12-10 12:46:23,2017-12-10,Romanian Deadlift (Barbell),1,8,1800.0,225.0,225.0,285.0,8,225.0,5400.0,24.0,285.0,3.0,205.0,7610.0,259.66666666666663,155.0,3400.0,196.3333333333333,0.0,-3600.0,-16.0,0.0,20.0,-5810.0,25.33333333333337,9.825902777777777,19,195.0,5470.0,247.0,30.0,225.0,285.0,70.0,2000.0,88.66666666666671,225.0
2017-12-10 12:46:23,2017-12-10,Squat (Barbell),10,50,14975.0,365.0,299.5,425.83333333333337,5,365.0,12150.0,40.0,425.83333333333337,8.0,365.0,14825.0,425.83333333333337,365.0,14260.0,425.83333333333337,0.0,2825.0,10.0,0.0,0.0,150.0,0.0,3.6481481481481484,107,365.0,13745.0,425.83333333333337,44.333333333333336,365.0,425.83333333333337,0.0,-2110.0,0.0,365.0
2017-12-11 22:59:23,2017-12-11,Incline Bench Press (Barbell),8,53,11020.0,245.0,204.375,310.3333333333333,8,245.0,12530.0,58.0,310.3333333333333,8.0,255.0,8910.0,323.0,260.0,9675.0,316.66666666666663,0.0,-1510.0,-5.0,0.0,-10.0,2110.0,-12.666666666666686,8.40019675925926,81,253.33333333333334,10371.666666666666,316.6666666666667,47.0,260.0,323.0,-15.0,2855.0,-6.333333333333314,245.0
2017-12-13 19:12:53,2017-12-13,Hammer seated row (CLOSE GRIP),5,50,11100.0,270.0,222.0,360.0,10,240.0,14160.0,60.0,336.0,5.0,270.0,18180.0,364.0,230.0,11040.0,322.0,30.0,-3060.0,-10.0,24.0,0.0,-7080.0,-4.0,4.1562731481481485,52,246.66666666666666,14460.0,340.6666666666667,60.666666666666664,270.0,364.0,10.0,3120.0,14.0,270.0
2017-12-14 17:37:35,2017-12-14,Squat (Barbell),5,22,4980.0,315.0,237.0,336.0,5,365.0,14975.0,50.0,425.83333333333337,10.0,365.0,12150.0,425.83333333333337,365.0,14825.0,425.83333333333337,-50.0,-9995.0,-28.0,-89.83333333333337,-50.0,-7170.0,-89.83333333333337,4.202222222222222,108,365.0,13983.333333333334,425.83333333333337,46.333333333333336,365.0,425.83333333333337,0.0,150.0,0.0,315.0
2017-12-15 21:36:35,2017-12-15,Incline Bench Press (Barbell),7,48,10220.0,255.0,207.85714285714286,316.66666666666663,8,245.0,11020.0,53.0,310.3333333333333,8.0,245.0,12530.0,310.3333333333333,255.0,8910.0,323.0,10.0,-800.0,-5.0,6.333333333333314,10.0,-2310.0,6.333333333333314,3.9425,82,248.33333333333334,10820.0,314.55555555555554,50.0,255.0,323.0,-10.0,2110.0,-12.666666666666686,255.0
2017-12-15 21:36:35,2017-12-15,Incline Press (Dumbbell),3,33,5610.0,170.0,170.0,232.33333333333331,11,200.0,5800.0,29.0,266.66666666666663,3.0,160.0,5280.0,218.66666666666669,210.0,9050.0,273.0,-30.0,-190.0,4.0,-34.333333333333314,10.0,330.0,13.666666666666629,21.351921296296297,29,190.0,6710.0,252.77777777777774,35.666666666666664,210.0,273.0,-10.0,-3250.0,-6.333333333333371,170.0
2017-12-16 10:03:23,2017-12-16,Squat (Barbell),9,45,12125.0,345.0,269.44444444444446,402.5,5,315.0,4980.0,22.0,336.0,5.0,365.0,14975.0,425.83333333333337,365.0,12150.0,425.83333333333337,30.0,7145.0,23.0,66.5,-20.0,-2850.0,-23.33333333333337,1.6845833333333333,109,348.3333333333333,10701.666666666666,395.8888888888889,37.333333333333336,365.0,425.83333333333337,-50.0,-7170.0,-89.83333333333337,345.0
2017-12-17 11:07:59,2017-12-17,Hammer Row Stand 1armed,1,10,2700.0,270.0,270.0,360.0,10,270.0,7900.0,30.0,360.0,3.0,0.0,0.0,0.0,0.0,0.0,0.0,0.0,-5200.0,-20.0,0.0,0.0,0.0,0.0,3.663263888888889,1,270.0,7900.0,360.0,30.0,270.0,360.0,0.0,0.0,0.0,270.0
2017-12-17 11:07:59,2017-12-17,Hammer lat pulldown,2,20,3850.0,195.0,192.5,260.0,10,195.0,3900.0,20.0,260.0,2.0,210.0,7600.0,280.0,180.0,5400.0,240.0,0.0,-50.0,0.0,0.0,-15.0,-3750.0,-20.0,7.819537037037037,3,195.0,5633.333333333333,260.0,30.0,210.0,280.0,15.0,-1500.0,20.0,195.0
2017-12-17 11:07:59,2017-12-17,Hammer seated row (CLOSE GRIP),3,32,7810.0,255.0,245.0,340.0,12,270.0,11100.0,50.0,360.0,5.0,240.0,14160.0,336.0,270.0,18180.0,364.0,-15.0,-3290.0,-18.0,-20.0,15.0,-6350.0,4.0,3.663263888888889,53,260.0,14480.0,353.3333333333333,61.333333333333336,270.0,364.0,0.0,-7080.0,-4.0,255.0
2017-12-19 13:34:07,2017-12-19,Bench Press (Barbell),5,29,7150.0,290.0,248.0,342.0,6,285.0,7425.0,29.0,342.0,5.0,300.0,5920.0,350.0,290.0,7220.0,348.0,5.0,-275.0,0.0,0.0,-10.0,1230.0,-8.0,11.71076388888889,20,291.6666666666667,6855.0,346.6666666666667,26.0,300.0,350.0,-5.0,205.0,-6.0,290.0
2017-12-19 13:34:07,2017-12-19,Seated Shoulder Press (Barbell),7,47,9400.0,230.0,196.42857142857142,291.3333333333333,8,235.0,9600.0,48.0,282.0,8.0,240.0,11185.0,296.0,240.0,11940.0,304.0,-5.0,-200.0,-1.0,9.333333333333314,-10.0,-1785.0,-4.666666666666686,11.71076388888889,72,238.33333333333334,10908.333333333334,294.0,55.0,240.0,304.0,-5.0,-2340.0,-22.0,230.0
2017-12-20 22:04:10,2017-12-20,Leg press (hinge ),4,39,24750.0,720.0,642.5,936.0,12,270.0,2700.0,10.0,360.0,1.0,630.0,18900.0,840.0,720.0,23760.0,936.0,450.0,22050.0,29.0,576.0,90.0,5850.0,96.0,10.387349537037037,54,540.0,15120.0,712.0,25.0,720.0,936.0,-450.0,-21060.0,-576.0,720.0
2017-12-20 22:04:10,2017-12-20,Squat (Barbell),9,42,11910.0,350.0,286.6666666666667,420.0,6,345.0,12125.0,45.0,402.5,9.0,315.0,4980.0,336.0,365.0,14975.0,425.83333333333337,5.0,-215.0,-3.0,17.5,35.0,6930.0,84.0,4.500543981481481,110,341.6666666666667,10693.333333333334,388.11111111111114,39.0,365.0,425.83333333333337,-20.0,-2850.0,-23.33333333333337,350.0
2017-12-21 00:10:03,2017-12-21,Hammer lat pulldown,2,20,4000.0,200.0,200.0,266.66666666666663,10,195.0,3850.0,20.0,260.0,2.0,195.0,3900.0,260.0,210.0,7600.0,280.0,5.0,150.0,0.0,6.666666666666629,5.0,100.0,6.666666666666629,3.543101851851852,4,200.0,5116.666666666667,266.6666666666667,26.666666666666668,210.0,280.0,-15.0,-3750.0,-20.0,200.0
2017-12-21 00:10:03,2017-12-21,Hammer seated row (CLOSE GRIP),4,46,11960.0,260.0,260.0,364.0,12,255.0,7810.0,32.0,340.0,3.0,270.0,11100.0,360.0,240.0,14160.0,336.0,5.0,4150.0,14.0,24.0,-10.0,860.0,4.0,3.543101851851852,54,255.0,11023.333333333334,345.3333333333333,47.333333333333336,270.0,360.0,15.0,-6350.0,4.0,260.0
2017-12-23 15:46:53,2017-12-23,Incline Bench Press (Barbell),7,45,9450.0,250.0,205.71428571428572,316.66666666666663,8,255.0,10220.0,48.0,316.66666666666663,7.0,245.0,11020.0,310.3333333333333,245.0,12530.0,310.3333333333333,-5.0,-770.0,-3.0,0.0,5.0,-1570.0,6.333333333333314,7.757152777777778,83,248.33333333333334,11256.666666666666,312.4444444444444,53.0,255.0,316.66666666666663,10.0,-2310.0,6.333333333333314,250.0
2017-12-23 15:46:53,2017-12-23,Incline Press (Dumbbell),2,27,4170.0,160.0,155.0,225.0,15,170.0,5610.0,33.0,232.33333333333331,3.0,200.0,5800.0,266.66666666666663,160.0,5280.0,218.66666666666669,-10.0,-1440.0,-6.0,-7.333333333333314,-40.0,-1630.0,-41.66666666666663,7.757152777777778,30,176.66666666666666,5563.333333333333,239.2222222222222,31.666666666666668,200.0,266.66666666666663,10.0,330.0,13.666666666666629,160.0
2017-12-23 15:46:53,2017-12-23,Lateral Raise (Dumbbells),2,24,960.0,40.0,40.0,56.0,12,40.0,1440.0,36.0,56.0,3.0,30.0,1800.0,45.0,50.0,1800.0,70.0,0.0,-480.0,-12.0,0.0,10.0,-840.0,11.0,40.91070601851852,38,40.0,1680.0,57.0,44.0,50.0,70.0,-10.0,-360.0,-14.0,40.0
2017-12-23 15:46:53,2017-12-23,Overhead Press (Dumbbell),1,11,1430.0,130.0,130.0,177.66666666666666,11,130.0,2600.0,20.0,173.33333333333331,2.0,150.0,2900.0,200.0,120.0,2880.0,168.0,0.0,-1170.0,-9.0,4.333333333333343,-20.0,-1470.0,-22.333333333333343,20.099849537037038,10,133.33333333333334,2793.3333333333335,180.44444444444443,21.333333333333332,150.0,200.0,10.0,-280.0,5.333333333333314,130.0
2017-12-24 14:49:04,2017-12-24,Good Morning (Barbell),1,10,1150.0,115.0,115.0,153.33333333333331,10,115.0,4700.0,44.0,153.33333333333331,4.0,105.0,1680.0,133.0,115.0,3250.0,153.33333333333331,0.0,-3550.0,-34.0,0.0,10.0,-530.0,20.333333333333314,14.08519675925926,20,111.66666666666667,3210.0,146.55555555555554,30.0,115.0,153.33333333333331,0.0,1450.0,0.0,115.0
2017-12-24 14:49:04,2017-12-24,Squat (Barbell),8,40,11600.0,355.0,290.0,414.1666666666667,5,350.0,11910.0,42.0,420.0,9.0,345.0,12125.0,402.5,315.0,4980.0,336.0,5.0,-310.0,-2.0,-5.833333333333314,10.0,-525.0,11.666666666666686,3.6978472222222223,111,336.6666666666667,9671.666666666666,386.1666666666667,36.333333333333336,350.0,420.0,35.0,6930.0,84.0,355.0
2017-12-25 15:32:32,2017-12-25,Hammer seated row (CLOSE GRIP),5,50,12300.0,270.0,246.0,360.0,10,260.0,11960.0,46.0,364.0,4.0,255.0,7810.0,340.0,270.0,11100.0,360.0,10.0,340.0,4.0,-4.0,15.0,4490.0,20.0,4.640613425925926,55,261.6666666666667,10290.0,354.6666666666667,42.666666666666664,270.0,364.0,-10.0,860.0,4.0,270.0
2017-12-27 13:37:00,2017-12-27,Bench Press (Barbell),6,31,7685.0,295.0,251.66666666666666,344.1666666666667,6,290.0,7150.0,29.0,342.0,5.0,285.0,7425.0,342.0,300.0,5920.0,350.0,5.0,535.0,2.0,2.1666666666666856,10.0,260.0,2.1666666666666856,8.002002314814815,21,291.6666666666667,6831.666666666667,344.6666666666667,26.333333333333332,300.0,350.0,-10.0,1230.0,-8.0,295.0
2017-12-27 13:37:00,2017-12-27,Seated Shoulder Press (Barbell),7,42,8490.0,245.0,202.14285714285714,294.0,6,230.0,9400.0,47.0,291.3333333333333,7.0,235.0,9600.0,282.0,240.0,11185.0,296.0,15.0,-910.0,-5.0,2.6666666666666856,10.0,-1110.0,12.0,8.002002314814815,73,235.0,10061.666666666666,289.77777777777777,49.666666666666664,240.0,296.0,-10.0,-1785.0,-4.666666666666686,245.0
2017-12-27 13:37:00,2017-12-27,Shoulder Press (Standing),3,24,2440.0,105.0,101.66666666666667,133.0,8,110.0,1780.0,18.0,139.33333333333331,2.0,65.0,1560.0,91.0,95.0,1520.0,120.33333333333331,-5.0,660.0,6.0,-6.333333333333314,40.0,880.0,42.0,72.97964120370371,21,90.0,1620.0,116.88888888888887,19.333333333333332,110.0,139.33333333333331,15.0,260.0,19.0,105.0
2017-12-27 13:37:00,2017-12-27,Sling Shot Bench,2,11,3520.0,320.0,320.0,384.0,6,315.0,7670.0,27.0,388.5,4.0,0.0,0.0,0.0,0.0,0.0,0.0,5.0,-4150.0,-16.0,-4.5,0.0,0.0,0.0,8.002002314814815,1,315.0,7670.0,388.5,27.0,315.0,388.5,0.0,0.0,0.0,320.0
2017-12-28 18:23:58,2017-12-28,Deadlift (Barbell),7,16,5520.0,450.0,358.57142857142856,480.0,3,405.0,7555.0,26.0,455.00000000000006,6.0,425.0,8825.0,481.6666666666666,315.0,4275.0,367.5,45.0,-2035.0,-10.0,24.999999999999943,25.0,-3305.0,-1.666666666666572,51.98612268518519,20,381.6666666666667,6885.0,434.7222222222222,23.333333333333332,425.0,481.6666666666666,90.0,3280.0,87.50000000000006,450.0
2017-12-28 18:23:58,2017-12-28,Hack Squat,4,32,7040.0,270.0,220.0,342.0,8,170.0,6200.0,40.0,226.66666666666663,4.0,0.0,0.0,0.0,0.0,0.0,0.0,100.0,840.0,-8.0,115.33333333333337,0.0,0.0,0.0,4.149236111111111,1,170.0,6200.0,226.66666666666663,40.0,170.0,226.66666666666663,0.0,0.0,0.0,270.0
2017-12-28 18:23:58,2017-12-28,Squat (Barbell),8,33,9265.0,380.0,289.375,430.6666666666666,5,355.0,11600.0,40.0,414.1666666666667,8.0,350.0,11910.0,420.0,345.0,12125.0,402.5,25.0,-2335.0,-7.0,16.499999999999886,30.0,-2645.0,10.666666666666572,4.149236111111111,112,350.0,11878.333333333334,412.2222222222222,42.333333333333336,355.0,420.0,10.0,-525.0,11.666666666666686,380.0
2017-12-29 13:43:12,2017-12-29,Hammer seated row (CLOSE GRIP),4,38,9820.0,280.0,257.5,373.3333333333333,10,270.0,12300.0,50.0,360.0,5.0,260.0,11960.0,364.0,255.0,7810.0,340.0,10.0,-2480.0,-12.0,13.333333333333314,20.0,-2140.0,9.333333333333314,3.924074074074074,56,261.6666666666667,10690.0,354.6666666666667,42.666666666666664,270.0,364.0,15.0,4490.0,20.0,280.0
2017-12-29 13:43:12,2017-12-29,Lat Pulldown,3,26,3160.0,140.0,123.33333333333333,177.33333333333331,10,190.0,5620.0,34.0,240.66666666666663,4.0,170.0,5200.0,226.66666666666663,190.0,5190.0,240.66666666666663,-50.0,-2460.0,-8.0,-63.333333333333314,-30.0,-2040.0,-49.333333333333314,52.79114583333333,26,183.33333333333334,5336.666666666667,235.99999999999997,32.0,190.0,240.66666666666663,0.0,430.0,0.0,140.0
2017-12-29 13:43:12,2017-12-29,Rear delt fly,2,24,1920.0,80.0,80.0,112.0,12,110.0,2060.0,22.0,146.66666666666666,2.0,100.0,3600.0,140.0,85.0,3060.0,119.0,-30.0,-140.0,2.0,-34.66666666666666,-20.0,-1680.0,-28.0,77.65547453703704,66,98.33333333333333,2906.6666666666665,135.22222222222223,31.333333333333332,110.0,146.66666666666666,25.0,-1000.0,27.666666666666657,80.0
2017-12-31 11:39:05,2017-12-31,Incline Bench Press (Barbell),6,40,8400.0,255.0,201.66666666666666,323.0,8,250.0,9450.0,45.0,316.66666666666663,7.0,255.0,10220.0,316.66666666666663,245.0,11020.0,310.3333333333333,5.0,-1050.0,-5.0,6.333333333333371,0.0,-1820.0,6.333333333333371,7.827916666666667,84,250.0,10230.0,314.55555555555554,48.666666666666664,255.0,316.66666666666663,5.0,-1570.0,6.333333333333314,255.0
2017-12-31 11:39:05,2017-12-31,Seated Shoulder Press (Barbell),3,27,2375.0,95.0,88.33333333333333,120.33333333333331,11,245.0,8490.0,42.0,294.0,7.0,230.0,9400.0,291.3333333333333,235.0,9600.0,282.0,-150.0,-6115.0,-15.0,-173.66666666666669,-135.0,-7025.0,-171.0,3.918113425925926,74,236.66666666666666,9163.333333333334,289.1111111111111,45.666666666666664,245.0,294.0,10.0,-1110.0,12.0,95.0
2017-12-31 11:39:05,2017-12-31,Shoulder Press (Standing),2,16,1430.0,95.0,90.0,117.16666666666669,9,105.0,2440.0,24.0,133.0,3.0,110.0,1780.0,139.33333333333331,65.0,1560.0,91.0,-10.0,-1010.0,-8.0,-15.833333333333314,-15.0,-350.0,-22.16666666666663,3.918113425925926,22,93.33333333333333,1926.6666666666667,121.1111111111111,22.0,110.0,139.33333333333331,40.0,880.0,42.0,95.0
2017-12-31 11:39:05,2017-12-31,Sling Shot Incline,3,15,4125.0,275.0,275.0,320.83333333333337,5,270.0,4990.0,19.0,324.0,3.0,0.0,0.0,0.0,0.0,0.0,0.0,5.0,-865.0,-4.0,-3.1666666666666288,0.0,0.0,0.0,7.827916666666667,1,270.0,4990.0,324.0,19.0,270.0,324.0,0.0,0.0,0.0,275.0
2017-12-31 11:39:05,2017-12-31,Tricep pushdown,3,42,2400.0,60.0,56.666666666666664,90.0,15,100.0,2160.0,24.0,140.0,2.0,140.0,2900.0,186.66666666666663,130.0,10200.0,216.66666666666663,-40.0,240.0,18.0,-50.0,-80.0,-500.0,-96.66666666666663,44.598055555555554,13,123.33333333333333,5086.666666666667,181.1111111111111,43.0,140.0,216.66666666666663,-30.0,-8040.0,-76.66666666666663,60.0
2018-01-01 11:23:23,2018-01-01,Hack Squat,4,31,7805.0,280.0,252.5,354.66666666666663,8,270.0,7040.0,32.0,342.0,4.0,170.0,6200.0,226.66666666666663,0.0,0.0,0.0,10.0,765.0,-1.0,12.666666666666629,110.0,1605.0,128.0,3.7079282407407406,2,220.0,6620.0,284.3333333333333,36.0,270.0,342.0,0.0,0.0,0.0,280.0
2018-01-01 11:23:23,2018-01-01,Romanian Deadlift (Barbell),4,28,5530.0,205.0,197.5,252.83333333333331,7,225.0,1800.0,8.0,285.0,1.0,225.0,5400.0,285.0,205.0,7610.0,259.66666666666663,-20.0,3730.0,20.0,-32.166666666666686,-20.0,130.0,-32.166666666666686,21.94236111111111,20,218.33333333333334,4936.666666666667,276.5555555555556,24.666666666666668,225.0,285.0,20.0,-5810.0,25.33333333333337,205.0
2018-01-01 11:23:23,2018-01-01,Squat (Barbell),5,25,7925.0,320.0,317.0,373.33333333333337,5,380.0,9265.0,33.0,430.6666666666666,8.0,355.0,11600.0,414.1666666666667,350.0,11910.0,420.0,-60.0,-1340.0,-8.0,-57.3333333333332,-35.0,-3675.0,-40.833333333333314,3.7079282407407406,113,361.6666666666667,10925.0,421.6111111111111,38.333333333333336,380.0,430.6666666666666,30.0,-2645.0,10.666666666666572,320.0
2018-01-02 21:03:19,2018-01-02,Hammer Row - Wide Grip,4,42,9480.0,240.0,225.0,328.0,11,240.0,9720.0,41.0,328.0,4.0,0.0,0.0,0.0,0.0,0.0,0.0,0.0,-240.0,1.0,0.0,0.0,0.0,0.0,4.305636574074074,1,240.0,9720.0,328.0,41.0,240.0,328.0,0.0,0.0,0.0,240.0
2018-01-02 21:03:19,2018-01-02,Hammer seated row (CLOSE GRIP),3,30,8100.0,270.0,270.0,360.0,10,280.0,9820.0,38.0,373.3333333333333,4.0,270.0,12300.0,360.0,260.0,11960.0,364.0,-10.0,-1720.0,-8.0,-13.333333333333314,0.0,-4200.0,0.0,4.305636574074074,57,270.0,11360.0,365.7777777777778,44.666666666666664,280.0,373.3333333333333,20.0,-2140.0,9.333333333333314,270.0
2018-01-02 21:03:19,2018-01-02,Lat Pulldown,4,40,3800.0,100.0,95.0,133.33333333333331,10,140.0,3160.0,26.0,177.33333333333331,3.0,190.0,5620.0,240.66666666666663,170.0,5200.0,226.66666666666663,-40.0,640.0,14.0,-44.0,-90.0,-1820.0,-107.33333333333331,4.305636574074074,27,166.66666666666666,4660.0,214.88888888888883,30.666666666666668,190.0,240.66666666666663,-30.0,-2040.0,-49.333333333333314,100.0
2018-01-04 19:43:55,2018-01-04,Bench Press (Barbell),8,34,8400.0,305.0,246.875,340.0,6,295.0,7685.0,31.0,344.1666666666667,6.0,290.0,7150.0,342.0,285.0,7425.0,342.0,10.0,715.0,3.0,-4.166666666666686,15.0,1250.0,-2.0,8.25480324074074,22,290.0,7420.0,342.72222222222223,29.666666666666668,295.0,344.1666666666667,10.0,260.0,2.1666666666666856,305.0
2018-01-04 19:43:55,2018-01-04,Seated Shoulder Press (Barbell),8,47,8630.0,240.0,186.875,288.0,9,95.0,2375.0,27.0,120.33333333333331,3.0,245.0,8490.0,294.0,230.0,9400.0,291.3333333333333,145.0,6255.0,20.0,167.66666666666669,-5.0,140.0,-6.0,4.3366898148148145,75,190.0,6755.0,235.2222222222222,38.666666666666664,245.0,294.0,-135.0,-7025.0,-171.0,240.0
2018-01-05 20:05:01,2018-01-05,Hack Squat,4,32,8080.0,280.0,252.5,354.66666666666663,8,280.0,7805.0,31.0,354.66666666666663,4.0,270.0,7040.0,342.0,170.0,6200.0,226.66666666666663,0.0,275.0,1.0,0.0,10.0,1040.0,12.666666666666629,4.3622453703703705,3,240.0,7015.0,307.77777777777777,34.333333333333336,280.0,354.66666666666663,110.0,1605.0,128.0,280.0
2018-01-05 20:05:01,2018-01-05,Romanian Deadlift (Barbell),2,17,3225.0,195.0,190.0,247.0,9,205.0,5530.0,28.0,252.83333333333331,4.0,225.0,1800.0,285.0,225.0,5400.0,285.0,-10.0,-2305.0,-11.0,-5.833333333333314,-30.0,1425.0,-38.0,4.3622453703703705,21,218.33333333333334,4243.333333333333,274.27777777777777,20.0,225.0,285.0,-20.0,130.0,-32.166666666666686,195.0
2018-01-05 20:05:01,2018-01-05,Squat (Barbell),7,29,9135.0,390.0,315.7142857142857,442.0,6,320.0,7925.0,25.0,373.33333333333337,5.0,380.0,9265.0,430.6666666666666,355.0,11600.0,414.1666666666667,70.0,1210.0,4.0,68.66666666666663,10.0,-130.0,11.333333333333428,4.3622453703703705,114,351.6666666666667,9596.666666666666,406.0555555555555,32.666666666666664,380.0,430.6666666666666,-35.0,-3675.0,-40.833333333333314,390.0
2018-01-06 12:02:36,2018-01-06,Hammer Row - Wide Grip,3,27,6615.0,245.0,245.0,326.66666666666663,10,240.0,9480.0,42.0,328.0,4.0,240.0,9720.0,328.0,0.0,0.0,0.0,5.0,-2865.0,-15.0,-1.3333333333333712,5.0,-3105.0,-1.3333333333333712,3.6245023148148148,2,240.0,9600.0,328.0,41.5,240.0,328.0,0.0,0.0,0.0,245.0
2018-01-06 12:02:36,2018-01-06,Hammer seated row (CLOSE GRIP),3,30,8250.0,275.0,275.0,366.6666666666666,10,270.0,8100.0,30.0,360.0,3.0,280.0,9820.0,373.3333333333333,270.0,12300.0,360.0,5.0,150.0,0.0,6.666666666666572,-5.0,-1570.0,-6.6666666666667425,3.6245023148148148,58,273.3333333333333,10073.333333333334,364.4444444444445,39.333333333333336,280.0,373.3333333333333,0.0,-4200.0,0.0,275.0
2018-01-06 12:02:36,2018-01-06,Lat Pulldown,2,20,2000.0,100.0,100.0,133.33333333333331,10,100.0,3800.0,40.0,133.33333333333331,4.0,140.0,3160.0,177.33333333333331,190.0,5620.0,240.66666666666663,0.0,-1800.0,-20.0,0.0,-40.0,-1160.0,-44.0,3.6245023148148148,28,143.33333333333334,4193.333333333333,183.77777777777774,33.333333333333336,190.0,240.66666666666663,-90.0,-1820.0,-107.33333333333331,100.0
2018-01-06 12:02:36,2018-01-06,Rear delt fly,3,45,4050.0,90.0,90.0,135.0,15,80.0,1920.0,24.0,112.0,2.0,110.0,2060.0,146.66666666666666,100.0,3600.0,140.0,10.0,2130.0,21.0,23.0,-20.0,1990.0,-11.666666666666657,7.930138888888889,67,96.66666666666667,2526.6666666666665,132.88888888888889,27.333333333333332,110.0,146.66666666666666,-20.0,-1680.0,-28.0,90.0
2018-01-08 20:51:23,2018-01-08,Face pull,4,52,5720.0,110.0,110.0,157.66666666666666,13,50.0,1920.0,52.0,70.0,4.0,100.0,3000.0,133.33333333333331,90.0,900.0,120.0,60.0,3800.0,0.0,87.66666666666666,10.0,2720.0,24.333333333333343,46.315694444444446,3,80.0,1940.0,107.77777777777777,30.666666666666668,100.0,133.33333333333331,-40.0,1020.0,-50.0,110.0
2018-01-08 20:51:23,2018-01-08,Incline Bench Press (Barbell),5,25,6375.0,255.0,255.0,297.5,5,255.0,8400.0,40.0,323.0,6.0,250.0,9450.0,316.66666666666663,255.0,10220.0,316.66666666666663,0.0,-2025.0,-15.0,-25.5,5.0,-3075.0,-19.16666666666663,8.383541666666666,85,253.33333333333334,9356.666666666666,318.77777777777777,44.333333333333336,255.0,323.0,0.0,-1820.0,6.333333333333371,255.0
2018-01-08 20:51:23,2018-01-08,Incline Press (Dumbbell),4,47,6340.0,140.0,135.0,200.66666666666663,13,160.0,4170.0,27.0,225.0,2.0,170.0,5610.0,232.33333333333331,200.0,5800.0,266.66666666666663,-20.0,2170.0,20.0,-24.33333333333337,-30.0,730.0,-31.666666666666686,16.211458333333333,31,176.66666666666666,5193.333333333333,241.33333333333334,29.666666666666668,200.0,266.66666666666663,-40.0,-1630.0,-41.66666666666663,140.0
2018-01-09 19:44:07,2018-01-09,Hack Squat,4,23,6670.0,290.0,290.0,348.0,6,280.0,8080.0,32.0,354.66666666666663,4.0,280.0,7805.0,354.66666666666663,270.0,7040.0,342.0,10.0,-1410.0,-9.0,-6.666666666666629,10.0,-1135.0,-6.666666666666629,3.9854861111111113,4,276.6666666666667,7641.666666666667,350.4444444444444,31.666666666666668,280.0,354.66666666666663,10.0,1040.0,12.666666666666629,290.0
2018-01-09 19:44:07,2018-01-09,Squat (Barbell),6,27,8675.0,325.0,316.6666666666667,379.1666666666667,5,390.0,9135.0,29.0,442.0,7.0,320.0,7925.0,373.33333333333337,380.0,9265.0,430.6666666666666,-65.0,-460.0,-2.0,-62.833333333333314,5.0,750.0,5.833333333333314,3.9854861111111113,115,363.3333333333333,8775.0,415.3333333333333,29.0,390.0,442.0,10.0,-130.0,11.333333333333428,325.0
2018-01-10 19:40:42,2018-01-10,Face pull,4,49,2810.0,60.0,57.5,84.0,13,110.0,5720.0,52.0,157.66666666666666,4.0,50.0,1920.0,70.0,100.0,3000.0,133.33333333333331,-50.0,-2910.0,-3.0,-73.66666666666666,10.0,890.0,14.0,1.950914351851852,4,86.66666666666667,3546.6666666666665,120.33333333333333,44.666666666666664,110.0,157.66666666666666,10.0,2720.0,24.333333333333343,60.0
2018-01-10 19:40:42,2018-01-10,Hammer Curl (Dumbbell ),2,27,1350.0,50.0,50.0,75.0,15,60.0,1440.0,24.0,84.0,2.0,70.0,1900.0,93.33333333333331,70.0,1400.0,93.33333333333331,-10.0,-90.0,3.0,-9.0,-20.0,-550.0,-18.333333333333314,32.17559027777778,31,66.66666666666667,1580.0,90.22222222222221,26.0,70.0,93.33333333333331,-10.0,40.0,-9.333333333333314,50.0
2018-01-10 19:40:42,2018-01-10,Hammer Row - Wide Grip,2,20,4800.0,240.0,240.0,320.0,10,245.0,6615.0,27.0,326.66666666666663,3.0,240.0,9480.0,328.0,240.0,9720.0,328.0,-5.0,-1815.0,-7.0,-6.666666666666629,0.0,-4680.0,-8.0,4.318125,3,241.66666666666666,8605.0,327.55555555555554,36.666666666666664,245.0,328.0,5.0,-3105.0,-1.3333333333333712,240.0
2018-01-10 19:40:42,2018-01-10,Hammer lat pulldown,2,24,2400.0,100.0,100.0,140.0,12,200.0,4000.0,20.0,266.66666666666663,2.0,195.0,3850.0,260.0,195.0,3900.0,260.0,-100.0,-1600.0,4.0,-126.66666666666663,-95.0,-1450.0,-120.0,20.812951388888887,5,196.66666666666666,3916.6666666666665,262.22222222222223,20.0,200.0,266.66666666666663,5.0,100.0,6.666666666666629,100.0
2018-01-10 19:40:42,2018-01-10,Hammer seated row (CLOSE GRIP),4,38,9840.0,280.0,260.0,373.3333333333333,10,275.0,8250.0,30.0,366.6666666666666,3.0,270.0,8100.0,360.0,280.0,9820.0,373.3333333333333,5.0,1590.0,8.0,6.6666666666667425,10.0,1740.0,13.333333333333314,4.318125,59,275.0,8723.333333333334,366.6666666666667,32.666666666666664,280.0,373.3333333333333,-5.0,-1570.0,-6.6666666666667425,280.0
2018-01-12 18:34:57,2018-01-12,Bench Press (Barbell),6,27,7725.0,300.0,282.5,344.1666666666667,5,305.0,8400.0,34.0,340.0,8.0,295.0,7685.0,344.1666666666667,290.0,7150.0,342.0,-5.0,-675.0,-7.0,4.166666666666686,5.0,40.0,0.0,7.952106481481482,23,296.6666666666667,7745.0,342.0555555555556,31.333333333333332,305.0,344.1666666666667,15.0,1250.0,-2.0,300.0
2018-01-12 18:34:57,2018-01-12,Incline Press (Dumbbell),2,22,2640.0,120.0,120.0,168.0,12,140.0,6340.0,47.0,200.66666666666663,4.0,160.0,4170.0,225.0,170.0,5610.0,232.33333333333331,-20.0,-3700.0,-25.0,-32.66666666666663,-40.0,-1530.0,-57.0,3.9052546296296295,32,156.66666666666666,5373.333333333333,219.33333333333334,35.666666666666664,170.0,232.33333333333331,-30.0,730.0,-31.666666666666686,120.0
2018-01-12 18:34:57,2018-01-12,Seated Shoulder Press (Barbell),3,26,4150.0,175.0,161.66666666666666,221.66666666666663,10,240.0,8630.0,47.0,288.0,8.0,95.0,2375.0,120.33333333333331,245.0,8490.0,294.0,-65.0,-4480.0,-21.0,-66.33333333333337,80.0,1775.0,101.33333333333331,7.952106481481482,76,193.33333333333334,6498.333333333333,234.1111111111111,38.666666666666664,245.0,294.0,-5.0,140.0,-6.0,175.0
2018-01-12 18:34:57,2018-01-12,Sling Shot Bench,2,11,3570.0,330.0,325.0,385.0,6,320.0,3520.0,11.0,384.0,2.0,315.0,7670.0,388.5,0.0,0.0,0.0,10.0,50.0,0.0,1.0,15.0,-4100.0,-3.5,16.20690972222222,2,317.5,5595.0,386.25,19.0,320.0,388.5,0.0,0.0,0.0,330.0
2018-01-13 11:03:55,2018-01-13,Deadlift (Barbell),3,9,2475.0,325.0,275.0,357.50000000000006,3,450.0,5520.0,16.0,480.0,7.0,405.0,7555.0,455.00000000000006,425.0,8825.0,481.6666666666666,-125.0,-3045.0,-7.0,-122.49999999999994,-80.0,-5080.0,-97.5,15.694409722222222,21,426.6666666666667,7300.0,472.2222222222222,23.666666666666668,450.0,481.6666666666666,25.0,-3305.0,-1.666666666666572,325.0
2018-01-13 11:03:55,2018-01-13,Hack Squat,6,48,12600.0,300.0,262.5,380.0,8,290.0,6670.0,23.0,348.0,4.0,280.0,8080.0,354.66666666666663,280.0,7805.0,354.66666666666663,10.0,5930.0,25.0,32.0,20.0,4520.0,25.33333333333337,3.63875,5,283.3333333333333,7518.333333333333,352.4444444444444,28.666666666666668,290.0,354.66666666666663,10.0,-1135.0,-6.666666666666629,300.0
2018-01-13 11:03:55,2018-01-13,Romanian Deadlift (Barbell),4,28,5460.0,195.0,195.0,247.0,8,195.0,3225.0,17.0,247.0,2.0,205.0,5530.0,252.83333333333331,225.0,1800.0,285.0,0.0,2235.0,11.0,0.0,-10.0,-70.0,-5.833333333333314,7.624236111111111,22,208.33333333333334,3518.3333333333335,261.61111111111114,17.666666666666668,225.0,285.0,-30.0,1425.0,-38.0,195.0
2018-01-13 11:03:55,2018-01-13,Squat (Barbell),9,32,9830.0,395.0,297.22222222222223,447.6666666666666,5,325.0,8675.0,27.0,379.1666666666667,6.0,390.0,9135.0,442.0,320.0,7925.0,373.33333333333337,70.0,1155.0,5.0,68.49999999999989,5.0,695.0,5.666666666666572,3.63875,116,345.0,8578.333333333334,398.1666666666667,27.0,390.0,442.0,5.0,750.0,5.833333333333314,395.0
2018-01-14 14:21:26,2018-01-14,Bent Over Row (Dumbbell),3,30,4400.0,160.0,146.66666666666666,213.3333333333333,10,100.0,2000.0,20.0,133.33333333333331,2.0,100.0,3500.0,133.33333333333331,100.0,2000.0,133.33333333333331,60.0,2400.0,10.0,79.99999999999997,60.0,900.0,79.99999999999997,98.04754629629629,19,100.0,2500.0,133.33333333333331,26.666666666666668,100.0,133.33333333333331,0.0,0.0,0.0,160.0
2018-01-14 14:21:26,2018-01-14,Bicep Curl (Barbell),2,20,1000.0,50.0,50.0,66.66666666666666,10,50.0,1400.0,28.0,73.33333333333334,2.0,75.0,1500.0,100.0,100.0,3300.0,130.0,0.0,-400.0,-8.0,-6.666666666666686,-25.0,-500.0,-33.33333333333334,39.64208333333333,71,75.0,2066.6666666666665,101.11111111111113,28.666666666666668,100.0,130.0,-50.0,-1900.0,-56.66666666666666,50.0
2018-01-14 14:21:26,2018-01-14,Hammer Row - Wide Grip,2,22,5500.0,250.0,250.0,350.0,12,240.0,4800.0,20.0,320.0,2.0,245.0,6615.0,326.66666666666663,240.0,9480.0,328.0,10.0,700.0,2.0,30.0,5.0,-1115.0,23.33333333333337,3.778287037037037,4,241.66666666666666,6965.0,324.88888888888886,29.666666666666668,245.0,328.0,0.0,-4680.0,-8.0,250.0
2018-01-14 14:21:26,2018-01-14,Hammer seated row (CLOSE GRIP),3,32,7400.0,250.0,233.33333333333334,333.3333333333333,12,280.0,9840.0,38.0,373.3333333333333,4.0,275.0,8250.0,366.6666666666666,270.0,8100.0,360.0,-30.0,-2440.0,-6.0,-40.0,-25.0,-850.0,-33.33333333333326,3.778287037037037,60,275.0,8730.0,366.6666666666667,32.666666666666664,280.0,373.3333333333333,10.0,1740.0,13.333333333333314,250.0
2018-01-14 14:21:26,2018-01-14,Neutral Chin,2,16,400.0,25.0,25.0,31.666666666666664,8,20.0,320.0,16.0,25.33333333333333,2.0,40.0,1200.0,53.33333333333333,45.0,1260.0,57.0,5.0,80.0,0.0,6.333333333333336,-15.0,-800.0,-21.666666666666664,159.64849537037037,4,35.0,926.6666666666666,45.22222222222222,26.0,45.0,57.0,-25.0,-940.0,-31.66666666666667,25.0
2018-01-16 18:57:35,2018-01-16,Face pull,3,39,1560.0,40.0,40.0,57.333333333333336,13,60.0,2810.0,49.0,84.0,4.0,110.0,5720.0,157.66666666666666,50.0,1920.0,70.0,-20.0,-1250.0,-10.0,-26.666666666666664,-70.0,-4160.0,-100.33333333333331,5.97005787037037,5,73.33333333333333,3483.3333333333335,103.88888888888887,51.0,110.0,157.66666666666666,10.0,890.0,14.0,40.0
2018-01-16 18:57:35,2018-01-16,Incline Bench Press (Barbell),6,29,7322.5,257.5,245.41666666666666,317.58333333333337,7,255.0,6375.0,25.0,297.5,5.0,255.0,8400.0,323.0,250.0,9450.0,316.66666666666663,2.5,947.5,4.0,20.08333333333337,2.5,-1077.5,-5.416666666666629,7.920972222222222,86,253.33333333333334,8075.0,312.38888888888886,36.666666666666664,255.0,323.0,5.0,-3075.0,-19.16666666666663,257.5
2018-01-16 18:57:35,2018-01-16,Incline Press (Dumbbell),3,36,5040.0,140.0,140.0,196.0,12,120.0,2640.0,22.0,168.0,2.0,140.0,6340.0,200.66666666666663,160.0,4170.0,225.0,20.0,2400.0,14.0,28.0,0.0,-1300.0,-4.666666666666629,4.015717592592592,33,140.0,4383.333333333333,197.88888888888889,32.0,160.0,225.0,-40.0,-1530.0,-57.0,140.0
2018-01-16 18:57:35,2018-01-16,Lateral Raise (Dumbbells),4,54,1620.0,30.0,30.0,45.0,15,40.0,960.0,24.0,56.0,2.0,40.0,1440.0,56.0,30.0,1800.0,45.0,-10.0,660.0,30.0,-11.0,-10.0,180.0,-11.0,24.132430555555555,39,36.666666666666664,1400.0,52.333333333333336,40.0,40.0,56.0,10.0,-840.0,11.0,30.0
2018-01-18 20:35:10,2018-01-18,Hack Squat,5,38,9900.0,300.0,259.0,380.0,8,300.0,12600.0,48.0,380.0,6.0,290.0,6670.0,348.0,280.0,8080.0,354.66666666666663,0.0,-2700.0,-10.0,0.0,10.0,3230.0,32.0,5.396701388888889,6,290.0,9116.666666666666,360.88888888888886,34.333333333333336,300.0,380.0,20.0,4520.0,25.33333333333337,300.0
2018-01-18 20:35:10,2018-01-18,Romanian Deadlift (Barbell),3,18,3690.0,205.0,205.0,246.0,6,195.0,5460.0,28.0,247.0,4.0,195.0,3225.0,247.0,205.0,5530.0,252.83333333333331,10.0,-1770.0,-10.0,-1.0,10.0,465.0,-1.0,5.396701388888889,23,198.33333333333334,4738.333333333333,248.94444444444446,24.333333333333332,205.0,252.83333333333331,-10.0,-70.0,-5.833333333333314,205.0
2018-01-18 20:35:10,2018-01-18,Squat (Barbell),6,28,9125.0,335.0,322.5,390.83333333333337,5,395.0,9830.0,32.0,447.6666666666666,9.0,325.0,8675.0,379.1666666666667,390.0,9135.0,442.0,-60.0,-705.0,-4.0,-56.8333333333332,10.0,450.0,11.666666666666686,5.396701388888889,117,370.0,9213.333333333334,422.9444444444444,29.333333333333332,395.0,447.6666666666666,5.0,695.0,5.666666666666572,335.0
2018-01-19 18:15:31,2018-01-19,Face pull,2,26,1040.0,40.0,40.0,57.333333333333336,13,40.0,1560.0,39.0,57.333333333333336,3.0,60.0,2810.0,84.0,110.0,5720.0,157.66666666666666,0.0,-520.0,-13.0,0.0,-20.0,-1770.0,-26.666666666666664,2.970787037037037,6,70.0,3363.3333333333335,99.66666666666667,46.666666666666664,110.0,157.66666666666666,-70.0,-4160.0,-100.33333333333331,40.0
2018-01-19 18:15:31,2018-01-19,Hammer High Row - 1 Arm,3,36,5280.0,150.0,146.66666666666666,210.0,12,95.0,2350.0,30.0,126.66666666666666,3.0,0.0,0.0,0.0,0.0,0.0,0.0,55.0,2930.0,6.0,83.33333333333334,0.0,0.0,0.0,8.940844907407408,1,95.0,2350.0,126.66666666666666,30.0,95.0,126.66666666666666,0.0,0.0,0.0,150.0
2018-01-19 18:15:31,2018-01-19,Hammer Row - Wide Grip,2,20,5000.0,250.0,250.0,341.6666666666667,11,250.0,5500.0,22.0,350.0,2.0,240.0,4800.0,320.0,245.0,6615.0,326.66666666666663,0.0,-500.0,-2.0,-8.333333333333314,10.0,200.0,21.666666666666686,5.16255787037037,5,245.0,5638.333333333333,332.22222222222223,23.0,250.0,350.0,5.0,-1115.0,23.33333333333337,250.0
2018-01-19 18:15:31,2018-01-19,Hammer seated row (CLOSE GRIP),3,36,9000.0,250.0,250.0,350.0,12,250.0,7400.0,32.0,333.3333333333333,3.0,280.0,9840.0,373.3333333333333,275.0,8250.0,366.6666666666666,0.0,1600.0,4.0,16.666666666666686,-30.0,-840.0,-23.333333333333314,5.16255787037037,61,268.3333333333333,8496.666666666666,357.77777777777777,33.333333333333336,280.0,373.3333333333333,-25.0,-850.0,-33.33333333333326,250.0
2018-01-20 14:33:57,2018-01-20,Bench Press (Barbell),5,22,6395.0,315.0,287.0,360.0,6,300.0,7725.0,27.0,344.1666666666667,6.0,305.0,8400.0,340.0,295.0,7685.0,344.1666666666667,15.0,-1330.0,-5.0,15.833333333333314,10.0,-2005.0,20.0,7.832638888888889,24,300.0,7936.666666666667,342.7777777777778,30.666666666666668,305.0,344.1666666666667,5.0,40.0,0.0,315.0
2018-01-20 14:33:57,2018-01-20,Incline Press (Dumbbell),3,36,4320.0,130.0,120.0,182.0,12,140.0,5040.0,36.0,196.0,3.0,120.0,2640.0,168.0,140.0,6340.0,200.66666666666663,-10.0,-720.0,0.0,-14.0,10.0,1680.0,14.0,3.816921296296296,34,133.33333333333334,4673.333333333333,188.2222222222222,35.0,140.0,200.66666666666663,0.0,-1300.0,-4.666666666666629,130.0
2018-01-20 14:33:57,2018-01-20,Lateral Raise (Dumbbells),3,39,1170.0,30.0,30.0,44.0,14,30.0,1620.0,54.0,45.0,4.0,40.0,960.0,56.0,40.0,1440.0,56.0,0.0,-450.0,-15.0,-1.0,-10.0,210.0,-12.0,3.816921296296296,40,36.666666666666664,1340.0,52.333333333333336,38.0,40.0,56.0,-10.0,180.0,-11.0,30.0
2018-01-20 14:33:57,2018-01-20,Seated Shoulder Press (Barbell),5,26,5760.0,235.0,223.0,274.1666666666667,6,175.0,4150.0,26.0,221.66666666666663,3.0,240.0,8630.0,288.0,95.0,2375.0,120.33333333333331,60.0,1610.0,0.0,52.50000000000006,-5.0,-2870.0,-13.833333333333314,7.832638888888889,77,170.0,5051.666666666667,210.0,33.333333333333336,240.0,288.0,80.0,1775.0,101.33333333333331,235.0
2018-01-20 14:33:57,2018-01-20,Sling Shot Bench,3,13,4225.0,325.0,325.0,379.1666666666667,5,330.0,3570.0,11.0,385.0,2.0,320.0,3520.0,384.0,315.0,7670.0,388.5,-5.0,655.0,2.0,-5.833333333333314,5.0,705.0,-4.833333333333314,7.832638888888889,3,321.6666666666667,4920.0,385.8333333333333,16.333333333333332,330.0,388.5,15.0,-4100.0,-3.5,325.0
2018-01-21 20:53:34,2018-01-21,Leg curl,2,22,2540.0,120.0,115.0,168.0,12,135.0,2650.0,20.0,180.0,2.0,120.0,2400.0,160.0,130.0,3440.0,164.66666666666666,-15.0,-110.0,2.0,-12.0,0.0,140.0,8.0,42.33832175925926,29,128.33333333333334,2830.0,168.2222222222222,22.666666666666668,135.0,180.0,5.0,-790.0,15.333333333333343,120.0
2018-01-21 20:53:34,2018-01-21,Leg press (hinge ),4,47,22950.0,540.0,495.0,720.0,15,720.0,24750.0,39.0,936.0,4.0,270.0,2700.0,360.0,630.0,18900.0,840.0,-180.0,-1800.0,8.0,-216.0,270.0,20250.0,360.0,31.950972222222223,55,540.0,15450.0,712.0,26.333333333333332,720.0,936.0,90.0,5850.0,96.0,540.0
2018-01-21 20:53:34,2018-01-21,Rack Pull 2 Pin,5,25,9950.0,445.0,398.0,519.1666666666667,5,385.0,9925.0,31.0,449.1666666666667,6.0,0.0,0.0,0.0,0.0,0.0,0.0,60.0,25.0,-6.0,70.00000000000006,0.0,0.0,0.0,7.2723148148148145,1,385.0,9925.0,449.1666666666667,31.0,385.0,449.1666666666667,0.0,0.0,0.0,445.0
2018-01-21 20:53:34,2018-01-21,Squat (Barbell),7,21,6525.0,405.0,310.7142857142857,445.50000000000006,3,335.0,9125.0,28.0,390.83333333333337,6.0,395.0,9830.0,447.6666666666666,325.0,8675.0,379.1666666666667,70.0,-2600.0,-7.0,54.666666666666686,10.0,-3305.0,-2.166666666666515,3.012777777777778,118,351.6666666666667,9210.0,405.88888888888886,29.0,395.0,447.6666666666666,10.0,450.0,11.666666666666686,405.0
2018-01-22 20:49:44,2018-01-22,Seated Cable Row (close Grip),3,30,3600.0,120.0,120.0,160.0,10,190.0,7720.0,48.0,253.3333333333333,4.0,190.0,7880.0,253.3333333333333,175.0,9480.0,245.0,-70.0,-4120.0,-18.0,-93.33333333333329,-70.0,-4280.0,-93.33333333333329,110.06650462962963,53,185.0,8360.0,250.55555555555554,50.666666666666664,190.0,253.3333333333333,15.0,-1760.0,8.333333333333286,120.0
2018-01-24 08:26:21,2018-01-24,Incline Bench Press (Barbell),6,29,7315.0,260.0,247.5,312.0,6,257.5,7322.5,29.0,317.58333333333337,6.0,255.0,6375.0,297.5,255.0,8400.0,323.0,2.5,-7.5,0.0,-5.583333333333371,5.0,940.0,14.5,7.561643518518519,87,255.83333333333334,7365.833333333333,312.69444444444446,31.333333333333332,257.5,323.0,2.5,-1077.5,-5.416666666666629,260.0
2018-01-24 08:26:21,2018-01-24,Incline Press (Dumbbell),3,35,4420.0,140.0,126.66666666666667,196.0,12,130.0,4320.0,36.0,182.0,3.0,140.0,5040.0,196.0,120.0,2640.0,168.0,10.0,100.0,-1.0,14.0,0.0,-620.0,0.0,3.7447222222222223,35,130.0,4000.0,182.0,31.333333333333332,140.0,196.0,10.0,1680.0,14.0,140.0
2018-01-24 08:26:21,2018-01-24,Lateral Raise (Dumbbells),2,24,480.0,20.0,20.0,28.0,12,30.0,1170.0,39.0,44.0,3.0,30.0,1620.0,45.0,40.0,960.0,56.0,-10.0,-690.0,-15.0,-16.0,-10.0,-1140.0,-17.0,3.7447222222222223,41,33.333333333333336,1250.0,48.333333333333336,39.0,40.0,56.0,-10.0,210.0,-12.0,20.0
2018-01-24 08:26:21,2018-01-24,Overhead Press (Dumbbell),1,10,1000.0,100.0,100.0,133.33333333333331,10,130.0,1430.0,11.0,177.66666666666666,1.0,130.0,2600.0,173.33333333333331,150.0,2900.0,200.0,-30.0,-430.0,-1.0,-44.33333333333334,-30.0,-1600.0,-40.0,31.694074074074074,11,136.66666666666666,2310.0,183.66666666666666,17.0,150.0,200.0,-20.0,-1470.0,-22.333333333333343,100.0
2018-01-24 08:26:21,2018-01-24,Sling Shot Incline,1,7,1855.0,265.0,265.0,326.83333333333337,7,275.0,4125.0,15.0,320.83333333333337,3.0,270.0,4990.0,324.0,0.0,0.0,0.0,-10.0,-2270.0,-8.0,6.0,-5.0,-3135.0,2.8333333333333712,23.866157407407407,2,272.5,4557.5,322.4166666666667,17.0,275.0,324.0,0.0,0.0,0.0,265.0
2018-01-25 19:48:11,2018-01-25,Hack Squat,5,45,11970.0,290.0,268.0,386.6666666666666,10,300.0,9900.0,38.0,380.0,5.0,300.0,12600.0,380.0,290.0,6670.0,348.0,-10.0,2070.0,7.0,6.666666666666572,-10.0,-630.0,6.666666666666572,6.967372685185185,7,296.6666666666667,9723.333333333334,369.3333333333333,36.333333333333336,300.0,380.0,10.0,3230.0,32.0,290.0
2018-01-25 19:48:11,2018-01-25,Leg outward fly,3,38,4560.0,120.0,120.0,172.0,13,120.0,6600.0,57.0,180.0,4.0,130.0,4880.0,182.0,140.0,4800.0,196.0,0.0,-2040.0,-19.0,-8.0,-10.0,-320.0,-10.0,46.29291666666666,26,130.0,5426.666666666667,186.0,44.333333333333336,140.0,196.0,-20.0,1800.0,-16.0,120.0
2018-01-25 19:48:11,2018-01-25,Romanian Deadlift (Barbell),3,24,3720.0,155.0,155.0,196.3333333333333,8,205.0,3690.0,18.0,246.0,3.0,195.0,5460.0,247.0,195.0,3225.0,247.0,-50.0,30.0,6.0,-49.666666666666714,-40.0,-1740.0,-50.666666666666714,6.967372685185185,24,198.33333333333334,4125.0,246.66666666666666,21.0,205.0,247.0,10.0,465.0,-1.0,155.0
2018-01-25 19:48:11,2018-01-25,Squat (Barbell),8,34,10600.0,340.0,301.25,396.6666666666667,5,405.0,6525.0,21.0,445.50000000000006,7.0,335.0,9125.0,390.83333333333337,395.0,9830.0,447.6666666666666,-65.0,4075.0,13.0,-48.83333333333337,5.0,1475.0,5.833333333333314,3.9545949074074076,119,378.3333333333333,8493.333333333334,428.0,27.0,405.0,447.6666666666666,10.0,-3305.0,-2.166666666666515,340.0
2018-01-26 19:31:59,2018-01-26,Hammer Row - Wide Grip,1,10,1800.0,180.0,180.0,240.0,10,250.0,5000.0,20.0,341.6666666666667,2.0,250.0,5500.0,350.0,240.0,4800.0,320.0,-70.0,-3200.0,-10.0,-101.66666666666669,-70.0,-3700.0,-110.0,7.053101851851852,6,246.66666666666666,5100.0,337.22222222222223,20.666666666666668,250.0,350.0,10.0,200.0,21.666666666666686,180.0
2018-01-26 19:31:59,2018-01-26,Hammer seated row (CLOSE GRIP),5,54,12040.0,260.0,226.0,346.66666666666663,12,250.0,9000.0,36.0,350.0,3.0,250.0,7400.0,333.3333333333333,280.0,9840.0,373.3333333333333,10.0,3040.0,18.0,-3.3333333333333712,10.0,4640.0,13.333333333333314,7.053101851851852,62,260.0,8746.666666666666,352.22222222222223,35.333333333333336,280.0,373.3333333333333,-30.0,-840.0,-23.333333333333314,260.0
2018-01-26 19:31:59,2018-01-26,Neutral Chin,2,16,252.0,27.0,18.0,32.4,10,25.0,400.0,16.0,31.666666666666664,2.0,20.0,320.0,25.33333333333333,40.0,1200.0,53.33333333333333,2.0,-148.0,0.0,0.7333333333333343,7.0,-68.0,7.06666666666667,12.215659722222222,5,28.333333333333332,640.0,36.77777777777777,20.666666666666668,40.0,53.33333333333333,-15.0,-800.0,-21.666666666666664,27.0
2018-01-26 19:31:59,2018-01-26,Rack Pull - 1 Pin,2,10,3250.0,325.0,325.0,379.1666666666667,5,365.0,7050.0,20.0,425.83333333333337,4.0,0.0,0.0,0.0,0.0,0.0,0.0,-40.0,-3800.0,-10.0,-46.666666666666686,0.0,0.0,0.0,16.991574074074073,1,365.0,7050.0,425.83333333333337,20.0,365.0,425.83333333333337,0.0,0.0,0.0,325.0
2018-01-26 19:31:59,2018-01-26,Shrugs,1,5,1375.0,275.0,275.0,320.83333333333337,5,315.0,6300.0,20.0,367.5,4.0,0.0,0.0,0.0,0.0,0.0,0.0,-40.0,-4925.0,-15.0,-46.66666666666663,0.0,0.0,0.0,20.312071759259258,1,315.0,6300.0,367.5,20.0,315.0,367.5,0.0,0.0,0.0,275.0
2018-01-26 19:31:59,2018-01-26,T-bar Row,2,16,1840.0,115.0,115.0,145.66666666666666,8,100.0,2000.0,20.0,133.33333333333331,2.0,135.0,3780.0,180.0,125.0,4000.0,158.33333333333331,15.0,-160.0,-4.0,12.333333333333343,-20.0,-1940.0,-34.33333333333334,333.50371527777776,16,120.0,3260.0,157.2222222222222,26.666666666666668,135.0,180.0,-25.0,-2000.0,-25.0,115.0
2018-01-28 14:38:08,2018-01-28,Bench Press (Barbell),5,21,5785.0,300.0,269.0,350.0,5,315.0,6395.0,22.0,360.0,5.0,300.0,7725.0,344.1666666666667,305.0,8400.0,340.0,-15.0,-610.0,-1.0,-10.0,0.0,-1940.0,5.833333333333314,8.002905092592593,25,306.6666666666667,7506.666666666667,348.0555555555555,27.666666666666668,315.0,360.0,10.0,-2005.0,20.0,300.0
2018-01-28 14:38:08,2018-01-28,Lateral Raise (Dumbbells),3,38,1140.0,30.0,30.0,43.0,13,20.0,480.0,24.0,28.0,2.0,30.0,1170.0,44.0,30.0,1620.0,45.0,10.0,660.0,14.0,15.0,0.0,-30.0,-1.0,4.25818287037037,42,26.666666666666668,1090.0,39.0,39.0,30.0,45.0,-10.0,-1140.0,-17.0,30.0
2018-01-28 14:38:08,2018-01-28,Seated Shoulder Press (Barbell),5,23,5355.0,245.0,229.0,285.83333333333337,5,235.0,5760.0,26.0,274.1666666666667,5.0,175.0,4150.0,221.66666666666663,240.0,8630.0,288.0,10.0,-405.0,-3.0,11.666666666666686,70.0,1205.0,64.16666666666674,8.002905092592593,78,216.66666666666666,6180.0,261.27777777777777,33.0,240.0,288.0,-5.0,-2870.0,-13.833333333333314,245.0
2018-01-28 14:38:08,2018-01-28,Tricep pushdown,2,24,1440.0,60.0,60.0,84.0,12,60.0,2400.0,42.0,90.0,3.0,100.0,2160.0,140.0,140.0,2900.0,186.66666666666663,0.0,-960.0,-18.0,-6.0,-40.0,-720.0,-56.0,28.124340277777776,14,100.0,2486.6666666666665,138.88888888888889,30.333333333333332,140.0,186.66666666666663,-80.0,-500.0,-96.66666666666663,60.0
2018-01-29 19:04:45,2018-01-29,Deadlift (Barbell),4,14,4575.0,430.0,343.75,473.00000000000006,5,325.0,2475.0,9.0,357.50000000000006,3.0,450.0,5520.0,480.0,405.0,7555.0,455.00000000000006,105.0,2100.0,5.0,115.5,-20.0,-945.0,-6.999999999999943,16.333912037037038,22,393.3333333333333,5183.333333333333,430.8333333333334,17.0,450.0,480.0,-80.0,-5080.0,-97.5,430.0
2018-01-29 19:04:45,2018-01-29,Front Squat (Barbell),1,6,810.0,135.0,135.0,162.0,6,225.0,4035.0,19.0,255.0,5.0,155.0,1450.0,180.83333333333331,225.0,5450.0,262.5,-90.0,-3225.0,-13.0,-93.0,-20.0,-640.0,-18.833333333333314,53.91090277777778,4,201.66666666666666,3645.0,232.77777777777774,19.333333333333332,225.0,262.5,0.0,-1415.0,-7.5,135.0
2018-01-29 19:04:45,2018-01-29,Leg press (hinge ),4,48,27480.0,600.0,572.5,840.0,12,540.0,22950.0,47.0,720.0,4.0,720.0,24750.0,936.0,270.0,2700.0,360.0,60.0,4530.0,1.0,120.0,-120.0,2730.0,-96.0,7.924432870370371,56,510.0,16800.0,672.0,32.0,720.0,936.0,270.0,20250.0,360.0,600.0
2018-01-29 19:04:45,2018-01-29,Romanian Deadlift (Barbell),3,24,2440.0,115.0,101.66666666666667,145.66666666666666,8,155.0,3720.0,24.0,196.3333333333333,3.0,205.0,3690.0,246.0,195.0,5460.0,247.0,-40.0,-1280.0,0.0,-50.66666666666663,-90.0,-1250.0,-100.33333333333334,3.9698379629629628,25,185.0,4290.0,229.7777777777778,23.333333333333332,205.0,247.0,-40.0,-1740.0,-50.666666666666714,115.0
2018-01-29 19:04:45,2018-01-29,Squat (Barbell),5,17,6325.0,410.0,362.0,464.6666666666666,4,340.0,10600.0,34.0,396.6666666666667,8.0,405.0,6525.0,445.50000000000006,335.0,9125.0,390.83333333333337,70.0,-4275.0,-17.0,67.99999999999989,5.0,-200.0,19.166666666666515,3.9698379629629628,120,360.0,8750.0,411.00000000000006,27.666666666666668,405.0,445.50000000000006,5.0,1475.0,5.833333333333314,410.0
2018-01-30 16:50:10,2018-01-30,Face pull,4,48,3600.0,80.0,75.0,112.0,12,40.0,1040.0,26.0,57.333333333333336,2.0,40.0,1560.0,57.333333333333336,60.0,2810.0,84.0,40.0,2560.0,22.0,54.666666666666664,40.0,2040.0,54.666666666666664,10.940729166666667,7,46.666666666666664,1803.3333333333333,66.22222222222223,38.0,60.0,84.0,-20.0,-1770.0,-26.666666666666664,80.0
2018-01-30 16:50:10,2018-01-30,Hammer Curl (Dumbbell ),2,27,1350.0,50.0,50.0,75.0,15,50.0,1350.0,27.0,75.0,2.0,60.0,1440.0,84.0,70.0,1900.0,93.33333333333331,0.0,0.0,0.0,0.0,-10.0,-90.0,-9.0,19.881574074074074,32,60.0,1563.3333333333333,84.1111111111111,28.333333333333332,70.0,93.33333333333331,-20.0,-550.0,-18.333333333333314,50.0
2018-01-30 16:50:10,2018-01-30,Hammer Row - Wide Grip,3,34,6800.0,200.0,200.0,280.0,12,180.0,1800.0,10.0,240.0,1.0,250.0,5000.0,341.6666666666667,250.0,5500.0,350.0,20.0,5000.0,24.0,40.0,-50.0,1800.0,-61.666666666666686,3.887627314814815,7,226.66666666666666,4100.0,310.5555555555556,17.333333333333332,250.0,350.0,-70.0,-3700.0,-110.0,200.0
2018-01-30 16:50:10,2018-01-30,Hammer seated row (CLOSE GRIP),3,31,7930.0,270.0,256.6666666666667,351.0,11,260.0,12040.0,54.0,346.66666666666663,5.0,250.0,9000.0,350.0,250.0,7400.0,333.3333333333333,10.0,-4110.0,-23.0,4.333333333333371,20.0,-1070.0,1.0,3.887627314814815,63,253.33333333333334,9480.0,343.3333333333333,40.666666666666664,260.0,350.0,10.0,4640.0,13.333333333333314,270.0
2018-01-30 16:50:10,2018-01-30,Neutral Chin,1,8,0.0,0.0,0.0,0.0,8,27.0,252.0,16.0,32.4,2.0,25.0,400.0,31.666666666666664,20.0,320.0,25.33333333333333,-27.0,-252.0,-8.0,-32.4,-25.0,-400.0,-31.666666666666664,3.887627314814815,6,24.0,324.0,29.799999999999997,16.0,27.0,32.4,7.0,-68.0,7.06666666666667,0.0
2018-01-30 16:50:10,2018-01-30,T-bar Row,2,16,1440.0,90.0,90.0,114.0,8,115.0,1840.0,16.0,145.66666666666666,2.0,100.0,2000.0,133.33333333333331,135.0,3780.0,180.0,-25.0,-400.0,0.0,-31.666666666666657,-10.0,-560.0,-19.333333333333314,3.887627314814815,17,116.66666666666667,2540.0,153.0,21.333333333333332,135.0,180.0,-20.0,-1940.0,-34.33333333333334,90.0
2018-02-01 08:27:39,2018-02-01,Incline Bench Press (Barbell),5,25,6562.5,262.5,262.5,306.25,5,260.0,7315.0,29.0,312.0,6.0,257.5,7322.5,317.58333333333337,255.0,6375.0,297.5,2.5,-752.5,-4.0,-5.75,5.0,-760.0,-11.333333333333371,8.000902777777778,88,257.5,7004.166666666667,309.02777777777777,27.666666666666668,260.0,317.58333333333337,5.0,940.0,14.5,262.5
2018-02-01 08:27:39,2018-02-01,Incline Press (Dumbbell),1,10,1800.0,180.0,180.0,240.0,10,140.0,4420.0,35.0,196.0,3.0,130.0,4320.0,182.0,140.0,5040.0,196.0,40.0,-2620.0,-25.0,44.0,50.0,-2520.0,58.0,8.000902777777778,36,136.66666666666666,4593.333333333333,191.33333333333334,35.666666666666664,140.0,196.0,0.0,-620.0,0.0,180.0
2018-02-02 19:42:56,2018-02-02,Leg press (hinge ),3,30,16200.0,540.0,540.0,720.0,10,600.0,27480.0,48.0,840.0,4.0,540.0,22950.0,720.0,720.0,24750.0,936.0,-60.0,-11280.0,-18.0,-120.0,0.0,-6750.0,0.0,4.026516203703704,57,620.0,25060.0,832.0,44.666666666666664,720.0,936.0,-120.0,2730.0,-96.0,540.0
2018-02-02 19:42:56,2018-02-02,Romanian Deadlift (Barbell),4,31,4370.0,150.0,141.25,185.0,8,115.0,2440.0,24.0,145.66666666666666,3.0,155.0,3720.0,196.3333333333333,205.0,3690.0,246.0,35.0,1930.0,7.0,39.33333333333334,-5.0,650.0,-11.333333333333286,4.026516203703704,26,158.33333333333334,3283.3333333333335,196.0,22.0,205.0,246.0,-90.0,-1250.0,-100.33333333333334,150.0
2018-02-02 19:42:56,2018-02-02,Squat (Barbell),6,27,9175.0,345.0,333.3333333333333,402.5,5,410.0,6325.0,17.0,464.6666666666666,5.0,340.0,10600.0,396.6666666666667,405.0,6525.0,445.50000000000006,-65.0,2850.0,10.0,-62.16666666666657,5.0,-1425.0,5.833333333333314,4.026516203703704,121,385.0,7816.666666666667,435.6111111111111,24.0,410.0,464.6666666666666,5.0,-200.0,19.166666666666515,345.0
2018-02-02 19:42:56,2018-02-02,kettlebell Swings,2,24,1248.0,52.0,52.0,72.8,12,53.0,2250.0,45.0,79.5,3.0,0.0,0.0,0.0,0.0,0.0,0.0,-1.0,-1002.0,-21.0,-6.700000000000003,0.0,0.0,0.0,7.996354166666666,1,53.0,2250.0,79.5,45.0,53.0,79.5,0.0,0.0,0.0,52.0
2018-02-03 13:56:43,2018-02-03,Bent Over Row (Dumbbell),3,24,3840.0,160.0,160.0,202.66666666666663,8,160.0,4400.0,30.0,213.3333333333333,3.0,100.0,2000.0,133.33333333333331,100.0,3500.0,133.33333333333331,0.0,-560.0,-6.0,-10.666666666666657,60.0,1840.0,69.33333333333331,19.982835648148146,20,120.0,3300.0,159.99999999999997,30.0,160.0,213.3333333333333,60.0,900.0,79.99999999999997,160.0
2018-02-03 13:56:43,2018-02-03,Face pull,4,46,2800.0,70.0,60.0,98.0,12,80.0,3600.0,48.0,112.0,4.0,40.0,1040.0,57.333333333333336,40.0,1560.0,57.333333333333336,-10.0,-800.0,-2.0,-14.0,30.0,1760.0,40.666666666666664,3.8795486111111113,8,53.333333333333336,2066.6666666666665,75.55555555555556,37.666666666666664,80.0,112.0,40.0,2040.0,54.666666666666664,70.0
2018-02-03 13:56:43,2018-02-03,Hammer High Row - 1 Arm,2,20,2200.0,110.0,110.0,154.0,12,150.0,5280.0,36.0,210.0,3.0,95.0,2350.0,126.66666666666666,0.0,0.0,0.0,-40.0,-3080.0,-16.0,-56.0,15.0,-150.0,27.333333333333343,14.820277777777777,2,122.5,3815.0,168.33333333333331,33.0,150.0,210.0,0.0,0.0,0.0,110.0
2018-02-03 13:56:43,2018-02-03,Hammer Row - Wide Grip,1,10,2500.0,250.0,250.0,333.3333333333333,10,200.0,6800.0,34.0,280.0,3.0,180.0,1800.0,240.0,250.0,5000.0,341.6666666666667,50.0,-4300.0,-24.0,53.333333333333314,70.0,700.0,93.33333333333331,3.8795486111111113,8,210.0,4533.333333333333,287.22222222222223,21.333333333333332,250.0,341.6666666666667,-50.0,1800.0,-61.666666666666686,250.0
2018-02-03 13:56:43,2018-02-03,Hammer seated row (CLOSE GRIP),2,20,4900.0,250.0,245.0,333.3333333333333,10,270.0,7930.0,31.0,351.0,3.0,260.0,12040.0,346.66666666666663,250.0,9000.0,350.0,-20.0,-3030.0,-11.0,-17.666666666666686,-10.0,-7140.0,-13.333333333333314,3.8795486111111113,64,260.0,9656.666666666666,349.22222222222223,40.333333333333336,270.0,351.0,20.0,-1070.0,1.0,250.0
2018-02-05 18:02:30,2018-02-05,Bench Press (Barbell),5,19,5225.0,305.0,271.0,355.83333333333337,5,300.0,5785.0,21.0,350.0,5.0,315.0,6395.0,360.0,300.0,7725.0,344.1666666666667,5.0,-560.0,-2.0,5.833333333333371,-10.0,-1170.0,-4.166666666666629,8.141921296296296,26,305.0,6635.0,351.38888888888886,23.333333333333332,315.0,360.0,0.0,-1940.0,5.833333333333314,305.0
2018-02-05 18:02:30,2018-02-05,Lateral Raise (Dumbbells),2,30,750.0,30.0,25.0,45.0,15,30.0,1140.0,38.0,43.0,3.0,20.0,480.0,28.0,30.0,1170.0,44.0,0.0,-390.0,-8.0,2.0,10.0,270.0,17.0,8.141921296296296,43,26.666666666666668,930.0,38.333333333333336,33.666666666666664,30.0,44.0,0.0,-30.0,-1.0,30.0
2018-02-05 18:02:30,2018-02-05,Seated Shoulder Press (Barbell),5,37,7765.0,235.0,208.0,297.66666666666663,8,245.0,5355.0,23.0,285.83333333333337,5.0,235.0,5760.0,274.1666666666667,175.0,4150.0,221.66666666666663,-10.0,2410.0,14.0,11.833333333333258,0.0,2005.0,23.499999999999943,8.141921296296296,79,218.33333333333334,5088.333333333333,260.5555555555556,25.0,245.0,285.83333333333337,70.0,1205.0,64.16666666666674,235.0
2018-02-05 18:02:30,2018-02-05,Shoulder Press (Standing),2,10,950.0,95.0,95.0,110.83333333333334,5,95.0,1430.0,16.0,117.16666666666669,2.0,105.0,2440.0,133.0,110.0,1780.0,139.33333333333331,0.0,-480.0,-6.0,-6.333333333333343,-10.0,-1490.0,-22.166666666666657,36.26626157407407,23,103.33333333333333,1883.3333333333333,129.83333333333334,19.333333333333332,110.0,139.33333333333331,-15.0,-350.0,-22.16666666666663,95.0
2018-02-05 18:02:30,2018-02-05,Tricep pushdown,3,36,2400.0,80.0,66.66666666666667,112.0,12,60.0,1440.0,24.0,84.0,2.0,60.0,2400.0,90.0,100.0,2160.0,140.0,20.0,960.0,12.0,28.0,20.0,0.0,22.0,8.141921296296296,15,73.33333333333333,2000.0,104.66666666666667,30.0,100.0,140.0,-40.0,-720.0,-56.0,80.0
2018-02-05 18:02:30,2018-02-05,close grip Bench,1,8,1800.0,225.0,225.0,285.0,8,225.0,3375.0,15.0,262.5,3.0,0.0,0.0,0.0,0.0,0.0,0.0,0.0,-1575.0,-7.0,22.5,0.0,0.0,0.0,8.141921296296296,1,225.0,3375.0,262.5,15.0,225.0,262.5,0.0,0.0,0.0,225.0
2018-02-06 21:16:23,2018-02-06,Deadlift (Barbell),5,18,5830.0,355.0,319.0,402.3333333333333,4,430.0,4575.0,14.0,473.00000000000006,4.0,325.0,2475.0,357.50000000000006,450.0,5520.0,480.0,-75.0,1255.0,4.0,-70.66666666666674,30.0,3355.0,44.83333333333326,8.091412037037037,23,401.6666666666667,4190.0,436.8333333333333,13.0,450.0,480.0,-20.0,-945.0,-6.999999999999943,355.0
2018-02-06 21:16:23,2018-02-06,Leg press (hinge ),4,48,24840.0,550.0,517.5,770.0,12,540.0,16200.0,30.0,720.0,3.0,600.0,27480.0,840.0,540.0,22950.0,720.0,10.0,8640.0,18.0,50.0,-50.0,-2640.0,-70.0,4.064895833333333,58,560.0,22210.0,760.0,41.666666666666664,600.0,840.0,0.0,-6750.0,0.0,550.0
2018-02-06 21:16:23,2018-02-06,Romanian Deadlift (Barbell),2,16,2240.0,145.0,140.0,183.66666666666663,8,150.0,4370.0,31.0,185.0,4.0,115.0,2440.0,145.66666666666666,155.0,3720.0,196.3333333333333,-5.0,-2130.0,-15.0,-1.3333333333333712,30.0,-200.0,37.99999999999997,4.064895833333333,27,140.0,3510.0,175.66666666666666,26.333333333333332,155.0,196.3333333333333,-5.0,650.0,-11.333333333333286,145.0
2018-02-06 21:16:23,2018-02-06,Squat (Barbell),6,20,7240.0,415.0,358.3333333333333,470.3333333333333,5,345.0,9175.0,27.0,402.5,6.0,410.0,6325.0,464.6666666666666,340.0,10600.0,396.6666666666667,70.0,-1935.0,-7.0,67.83333333333331,5.0,915.0,5.6666666666667425,4.064895833333333,122,365.0,8700.0,421.27777777777777,26.0,410.0,464.6666666666666,5.0,-1425.0,5.833333333333314,415.0
2018-02-07 19:45:25,2018-02-07,Bent Over Row (Dumbbell),2,18,2980.0,170.0,165.0,226.66666666666663,10,160.0,3840.0,24.0,202.66666666666663,3.0,160.0,4400.0,213.3333333333333,100.0,2000.0,133.33333333333331,10.0,-860.0,-6.0,24.0,10.0,-1420.0,13.333333333333343,4.242152777777778,21,140.0,3413.3333333333335,183.1111111111111,24.666666666666668,160.0,213.3333333333333,60.0,1840.0,69.33333333333331,170.0
2018-02-07 19:45:25,2018-02-07,Face pull,3,45,2250.0,50.0,50.0,75.0,15,70.0,2800.0,46.0,98.0,4.0,80.0,3600.0,112.0,40.0,1040.0,57.333333333333336,-20.0,-550.0,-1.0,-23.0,-30.0,-1350.0,-37.0,4.242152777777778,9,63.333333333333336,2480.0,89.1111111111111,40.0,80.0,112.0,30.0,1760.0,40.666666666666664,50.0
2018-02-07 19:45:25,2018-02-07,Hammer Row - Wide Grip,3,29,6630.0,270.0,230.0,351.0,10,250.0,2500.0,10.0,333.3333333333333,1.0,200.0,6800.0,280.0,180.0,1800.0,240.0,20.0,4130.0,19.0,17.666666666666686,70.0,-170.0,71.0,4.242152777777778,9,210.0,3700.0,284.4444444444444,18.0,250.0,333.3333333333333,70.0,700.0,93.33333333333331,270.0
2018-02-07 19:45:25,2018-02-07,Hammer seated row (CLOSE GRIP),3,29,7030.0,270.0,243.33333333333334,351.0,10,250.0,4900.0,20.0,333.3333333333333,2.0,270.0,7930.0,351.0,260.0,12040.0,346.66666666666663,20.0,2130.0,9.0,17.666666666666686,0.0,-900.0,0.0,4.242152777777778,65,260.0,8290.0,343.6666666666667,35.0,270.0,351.0,-10.0,-7140.0,-13.333333333333314,270.0
2018-02-07 19:45:25,2018-02-07,Seated Cable Row (close Grip),2,22,3080.0,140.0,140.0,196.0,12,120.0,3600.0,30.0,160.0,3.0,190.0,7720.0,253.3333333333333,190.0,7880.0,253.3333333333333,20.0,-520.0,-8.0,36.0,-50.0,-4640.0,-57.333333333333286,15.955335648148148,54,166.66666666666666,6400.0,222.2222222222222,40.666666666666664,190.0,253.3333333333333,-70.0,-4280.0,-93.33333333333329,140.0
2018-02-07 19:45:25,2018-02-07,Shrugs,4,35,8975.0,325.0,262.5,400.83333333333337,12,275.0,1375.0,5.0,320.83333333333337,1.0,315.0,6300.0,367.5,0.0,0.0,0.0,50.0,7600.0,30.0,80.0,10.0,2675.0,33.33333333333337,12.009328703703703,2,295.0,3837.5,344.1666666666667,12.5,315.0,367.5,0.0,0.0,0.0,325.0
2018-02-09 10:26:42,2018-02-09,Face pull,3,37,2090.0,60.0,56.666666666666664,84.0,13,50.0,2250.0,45.0,75.0,3.0,70.0,2800.0,98.0,80.0,3600.0,112.0,10.0,-160.0,-8.0,9.0,-10.0,-710.0,-14.0,1.6120023148148148,10,66.66666666666667,2883.3333333333335,95.0,46.333333333333336,80.0,112.0,-30.0,-1350.0,-37.0,60.0
2018-02-09 10:26:42,2018-02-09,Incline Bench Press (Barbell),5,25,6700.0,275.0,268.0,320.83333333333337,5,262.5,6562.5,25.0,306.25,5.0,260.0,7315.0,312.0,257.5,7322.5,317.58333333333337,12.5,137.5,0.0,14.583333333333371,15.0,-615.0,8.833333333333371,8.082673611111112,89,260.0,7066.666666666667,311.94444444444446,27.666666666666668,262.5,317.58333333333337,5.0,-760.0,-11.333333333333371,275.0
2018-02-09 10:26:42,2018-02-09,Incline Press (Dumbbell),2,24,4320.0,180.0,180.0,252.0,12,180.0,1800.0,10.0,240.0,1.0,140.0,4420.0,196.0,130.0,4320.0,182.0,0.0,2520.0,14.0,12.0,40.0,-100.0,56.0,8.082673611111112,37,150.0,3513.3333333333335,206.0,27.0,180.0,240.0,50.0,-2520.0,58.0,180.0
2018-02-09 10:26:42,2018-02-09,Lateral Raise (Dumbbells),3,45,1350.0,30.0,30.0,45.0,15,30.0,750.0,30.0,45.0,2.0,30.0,1140.0,43.0,20.0,480.0,28.0,0.0,600.0,15.0,0.0,0.0,210.0,2.0,3.683472222222222,44,26.666666666666668,790.0,38.666666666666664,30.666666666666668,30.0,45.0,10.0,270.0,17.0,30.0
2018-02-09 10:26:42,2018-02-09,Low Incline Dumbbell Bench,2,23,3700.0,180.0,160.0,252.0,12,180.0,5340.0,32.0,240.0,3.0,0.0,0.0,0.0,0.0,0.0,0.0,0.0,-1640.0,-9.0,12.0,0.0,0.0,0.0,8.082673611111112,1,180.0,5340.0,240.0,32.0,180.0,240.0,0.0,0.0,0.0,180.0
2018-02-10 16:41:38,2018-02-10,Deadlift - Trap Bar,2,12,2700.0,225.0,225.0,270.0,6,325.0,6900.0,24.0,390.0,4.0,0.0,0.0,0.0,0.0,0.0,0.0,-100.0,-4200.0,-12.0,-120.0,0.0,0.0,0.0,154.19704861111111,1,325.0,6900.0,390.0,24.0,325.0,390.0,0.0,0.0,0.0,225.0
2018-02-10 16:41:38,2018-02-10,Leg press (hinge ),2,17,10030.0,590.0,590.0,767.0,9,550.0,24840.0,48.0,770.0,4.0,540.0,16200.0,720.0,600.0,27480.0,840.0,40.0,-14810.0,-31.0,-3.0,50.0,-6170.0,47.0,3.809201388888889,59,563.3333333333334,22840.0,776.6666666666666,42.0,600.0,840.0,-50.0,-2640.0,-70.0,590.0
2018-02-10 16:41:38,2018-02-10,Squat (Barbell),8,30,10115.0,355.0,321.875,414.1666666666667,5,415.0,7240.0,20.0,470.3333333333333,6.0,345.0,9175.0,402.5,410.0,6325.0,464.6666666666666,-60.0,2875.0,10.0,-56.16666666666663,10.0,940.0,11.666666666666686,3.809201388888889,123,390.0,7580.0,445.83333333333326,21.333333333333332,415.0,470.3333333333333,5.0,915.0,5.6666666666667425,355.0
2018-02-11 13:23:29,2018-02-11,Bent Over Row (Dumbbell),4,38,7080.0,210.0,187.5,266.0,10,170.0,2980.0,18.0,226.66666666666663,2.0,160.0,3840.0,202.66666666666663,160.0,4400.0,213.3333333333333,40.0,4100.0,20.0,39.33333333333337,50.0,3240.0,63.33333333333337,3.7347685185185187,22,163.33333333333334,3740.0,214.22222222222217,24.0,170.0,226.66666666666663,10.0,-1420.0,13.333333333333343,210.0
2018-02-11 13:23:29,2018-02-11,Face pull,4,56,2960.0,60.0,55.0,84.0,20,60.0,2090.0,37.0,84.0,3.0,50.0,2250.0,75.0,70.0,2800.0,98.0,0.0,870.0,19.0,0.0,10.0,710.0,9.0,2.1227662037037036,11,60.0,2380.0,85.66666666666667,42.666666666666664,70.0,98.0,-10.0,-710.0,-14.0,60.0
2018-02-11 13:23:29,2018-02-11,Hammer Row - Wide Grip,1,13,1950.0,150.0,150.0,215.0,13,270.0,6630.0,29.0,351.0,3.0,250.0,2500.0,333.3333333333333,200.0,6800.0,280.0,-120.0,-4680.0,-16.0,-136.0,-100.0,-550.0,-118.33333333333331,3.7347685185185187,10,240.0,5310.0,321.4444444444444,24.333333333333332,270.0,351.0,70.0,-170.0,71.0,150.0
2018-02-11 13:23:29,2018-02-11,Hammer seated row (CLOSE GRIP),1,10,1500.0,150.0,150.0,200.0,10,270.0,7030.0,29.0,351.0,3.0,250.0,4900.0,333.3333333333333,270.0,7930.0,351.0,-120.0,-5530.0,-19.0,-151.0,-100.0,-3400.0,-133.33333333333331,3.7347685185185187,66,263.3333333333333,6620.0,345.1111111111111,26.666666666666668,270.0,351.0,0.0,-900.0,0.0,150.0
2018-02-11 13:23:29,2018-02-11,Lat Pulldown,2,20,3000.0,150.0,150.0,200.0,10,100.0,2000.0,20.0,133.33333333333331,2.0,100.0,3800.0,133.33333333333331,140.0,3160.0,177.33333333333331,50.0,1000.0,0.0,66.66666666666669,50.0,-800.0,66.66666666666669,36.056168981481484,29,113.33333333333333,2986.6666666666665,147.99999999999997,28.666666666666668,140.0,177.33333333333331,-40.0,-1160.0,-44.0,150.0
2018-02-11 13:23:29,2018-02-11,Neutral Chin,1,8,0.0,0.0,0.0,0.0,8,0.0,0.0,8.0,0.0,1.0,27.0,252.0,32.4,25.0,400.0,31.666666666666664,0.0,0.0,0.0,0.0,-27.0,-252.0,-32.4,11.856469907407407,7,17.333333333333332,217.33333333333334,21.355555555555554,13.333333333333334,27.0,32.4,-25.0,-400.0,-31.666666666666664,0.0
2018-02-11 13:23:29,2018-02-11,Pull Up,3,28,275.0,12.5,10.0,16.666666666666664,10,12.5,250.0,20.0,16.666666666666664,2.0,10.0,80.0,12.666666666666666,0.0,0.0,0.0,0.0,25.0,8.0,0.0,2.5,195.0,3.9999999999999982,173.75552083333332,18,7.5,110.0,9.777777777777777,16.0,12.5,16.666666666666664,12.5,250.0,16.666666666666664,12.5
2018-02-13 08:34:58,2018-02-13,Bench Press (Barbell),5,26,6905.0,295.0,266.0,344.1666666666667,7,305.0,5225.0,19.0,355.83333333333337,5.0,300.0,5785.0,350.0,315.0,6395.0,360.0,-10.0,1680.0,7.0,-11.666666666666686,-5.0,1120.0,-5.833333333333314,7.60587962962963,27,306.6666666666667,5801.666666666667,355.2777777777778,20.666666666666668,315.0,360.0,-10.0,-1170.0,-4.166666666666629,295.0
2018-02-13 08:34:58,2018-02-13,Seated Shoulder Press (Barbell),5,36,7650.0,230.0,210.0,291.3333333333333,9,235.0,7765.0,37.0,297.66666666666663,5.0,245.0,5355.0,285.83333333333337,235.0,5760.0,274.1666666666667,-5.0,-115.0,-1.0,-6.333333333333314,-15.0,2295.0,5.499999999999943,7.60587962962963,80,238.33333333333334,6293.333333333333,285.8888888888889,28.666666666666668,245.0,297.66666666666663,0.0,2005.0,23.499999999999943,230.0
2018-02-13 08:34:58,2018-02-13,Seated Shoulder Press (Dumbbell),3,30,1550.0,55.0,51.666666666666664,73.33333333333333,10,170.0,5580.0,34.0,215.3333333333333,4.0,80.0,800.0,106.66666666666666,80.0,2880.0,112.0,-115.0,-4030.0,-4.0,-141.99999999999994,-25.0,750.0,-33.33333333333333,439.5466087962963,12,110.0,3086.6666666666665,144.66666666666666,26.666666666666668,170.0,215.3333333333333,90.0,2700.0,103.33333333333329,55.0
2018-02-13 08:34:58,2018-02-13,close grip Bench,3,20,4740.0,240.0,236.66666666666666,304.0,8,225.0,1800.0,8.0,285.0,1.0,225.0,3375.0,262.5,0.0,0.0,0.0,15.0,2940.0,12.0,19.0,15.0,1365.0,41.5,7.60587962962963,2,225.0,2587.5,273.75,11.5,225.0,285.0,0.0,0.0,0.0,240.0
2018-02-14 16:09:57,2018-02-14,Leg press (hinge ),3,31,18910.0,610.0,610.0,833.6666666666666,11,590.0,10030.0,17.0,767.0,2.0,550.0,24840.0,770.0,540.0,16200.0,720.0,20.0,8880.0,14.0,66.66666666666663,60.0,-5930.0,63.66666666666663,3.9779976851851853,60,560.0,17023.333333333332,752.3333333333334,31.666666666666668,590.0,770.0,50.0,-6170.0,47.0,610.0
2018-02-14 16:09:57,2018-02-14,Romanian Deadlift (Barbell),3,24,3480.0,145.0,145.0,183.66666666666663,8,145.0,2240.0,16.0,183.66666666666663,2.0,150.0,4370.0,185.0,115.0,2440.0,145.66666666666666,0.0,1240.0,8.0,0.0,-5.0,-890.0,-1.3333333333333712,7.787199074074074,28,136.66666666666666,3016.6666666666665,171.44444444444446,23.666666666666668,150.0,185.0,30.0,-200.0,37.99999999999997,145.0
2018-02-14 16:09:57,2018-02-14,Squat (Barbell),6,19,6995.0,415.0,366.6666666666667,456.50000000000006,5,355.0,10115.0,30.0,414.1666666666667,8.0,415.0,7240.0,470.3333333333333,345.0,9175.0,402.5,60.0,-3120.0,-11.0,42.33333333333337,0.0,-245.0,-13.833333333333258,3.9779976851851853,124,371.6666666666667,8843.333333333334,429.0,25.666666666666668,415.0,470.3333333333333,10.0,940.0,11.666666666666686,415.0
2018-02-14 16:09:57,2018-02-14,high bar squat,3,24,4510.0,195.0,185.0,273.0,12,155.0,2980.0,20.0,196.3333333333333,3.0,0.0,0.0,0.0,0.0,0.0,0.0,40.0,1530.0,4.0,76.66666666666671,0.0,0.0,0.0,3.9779976851851853,1,155.0,2980.0,196.3333333333333,20.0,155.0,196.3333333333333,0.0,0.0,0.0,195.0
2018-02-16 18:45:34,2018-02-16,Bent Over Row (Dumbbell),4,35,6810.0,210.0,195.0,273.0,10,210.0,7080.0,38.0,266.0,4.0,170.0,2980.0,226.66666666666663,160.0,3840.0,202.66666666666663,0.0,-270.0,-3.0,7.0,40.0,3830.0,46.33333333333337,5.223668981481482,23,180.0,4633.333333333333,231.77777777777774,26.666666666666668,210.0,266.0,50.0,3240.0,63.33333333333337,210.0
2018-02-16 18:45:34,2018-02-16,Deadlift (Barbell),7,23,7765.0,415.0,317.85714285714283,484.1666666666667,5,355.0,5830.0,18.0,402.3333333333333,5.0,430.0,4575.0,473.00000000000006,325.0,2475.0,357.50000000000006,60.0,1935.0,5.0,81.83333333333337,-15.0,3190.0,11.166666666666629,9.895266203703704,24,370.0,4293.333333333333,410.9444444444445,13.666666666666666,430.0,473.00000000000006,30.0,3355.0,44.83333333333326,415.0
2018-02-16 18:45:34,2018-02-16,Face pull,2,36,2160.0,60.0,60.0,96.0,18,60.0,2960.0,56.0,84.0,4.0,60.0,2090.0,84.0,50.0,2250.0,75.0,0.0,-800.0,-20.0,12.0,0.0,70.0,12.0,5.223668981481482,12,56.666666666666664,2433.3333333333335,81.0,46.0,60.0,84.0,10.0,710.0,9.0,60.0
2018-02-16 18:45:34,2018-02-16,Hammer Row - Wide Grip,2,24,5520.0,230.0,230.0,322.0,12,150.0,1950.0,13.0,215.0,1.0,270.0,6630.0,351.0,250.0,2500.0,333.3333333333333,80.0,3570.0,11.0,107.0,-40.0,-1110.0,-29.0,5.223668981481482,11,223.33333333333334,3693.3333333333335,299.77777777777777,17.333333333333332,270.0,351.0,-100.0,-550.0,-118.33333333333331,230.0
2018-02-16 18:45:34,2018-02-16,Hammer lat pulldown,3,34,6120.0,180.0,180.0,252.0,12,100.0,2400.0,24.0,140.0,2.0,200.0,4000.0,266.66666666666663,195.0,3850.0,260.0,80.0,3720.0,10.0,112.0,-20.0,2120.0,-14.666666666666629,36.96171296296296,6,165.0,3416.6666666666665,222.2222222222222,21.333333333333332,200.0,266.66666666666663,-95.0,-1450.0,-120.0,180.0
2018-02-16 18:45:34,2018-02-16,curl ez bar,2,26,1820.0,70.0,70.0,100.33333333333331,13,70.0,2100.0,30.0,105.0,2.0,0.0,0.0,0.0,0.0,0.0,0.0,0.0,-280.0,-4.0,-4.666666666666686,0.0,0.0,0.0,5.223668981481482,1,70.0,2100.0,105.0,30.0,70.0,105.0,0.0,0.0,0.0,70.0
2018-02-17 15:51:37,2018-02-17,Incline Bench Press (Barbell),5,25,6800.0,275.0,272.0,320.83333333333337,5,275.0,6700.0,25.0,320.83333333333337,5.0,262.5,6562.5,306.25,260.0,7315.0,312.0,0.0,100.0,0.0,0.0,12.5,237.5,14.583333333333371,8.225636574074073,90,265.8333333333333,6859.166666666667,313.02777777777777,26.333333333333332,275.0,320.83333333333337,15.0,-615.0,8.833333333333371,275.0
2018-02-17 15:51:37,2018-02-17,Incline Press (Dumbbell),2,20,3800.0,190.0,190.0,253.3333333333333,10,180.0,4320.0,24.0,252.0,2.0,180.0,1800.0,240.0,140.0,4420.0,196.0,10.0,-520.0,-4.0,1.333333333333286,10.0,2000.0,13.333333333333286,8.225636574074073,38,166.66666666666666,3513.3333333333335,229.33333333333334,23.0,180.0,252.0,40.0,-100.0,56.0,190.0
2018-02-17 15:51:37,2018-02-17,Lateral Raise (Dumbbells),3,45,1350.0,30.0,30.0,45.0,15,30.0,1350.0,45.0,45.0,3.0,30.0,750.0,45.0,30.0,1140.0,43.0,0.0,0.0,0.0,0.0,0.0,600.0,0.0,8.225636574074073,45,30.0,1080.0,44.333333333333336,37.666666666666664,30.0,45.0,0.0,210.0,2.0,30.0
2018-02-17 15:51:37,2018-02-17,Low Incline Dumbbell Bench,2,23,3770.0,190.0,165.0,259.6666666666667,12,180.0,3700.0,23.0,252.0,2.0,180.0,5340.0,240.0,0.0,0.0,0.0,10.0,70.0,0.0,7.666666666666686,10.0,-1570.0,19.666666666666686,8.225636574074073,2,180.0,4520.0,246.0,27.5,180.0,252.0,0.0,0.0,0.0,190.0
2018-02-17 15:51:37,2018-02-17,close grip Bench,2,20,3900.0,195.0,195.0,260.0,10,240.0,4740.0,20.0,304.0,3.0,225.0,1800.0,285.0,225.0,3375.0,262.5,-45.0,-840.0,0.0,-44.0,-30.0,2100.0,-25.0,4.303229166666667,3,230.0,3305.0,283.8333333333333,14.333333333333334,240.0,304.0,15.0,1365.0,41.5,195.0
2018-02-18 16:47:10,2018-02-18,Leg press (hinge ),4,39,21890.0,620.0,550.0,833.6666666666666,11,610.0,18910.0,31.0,833.6666666666666,3.0,590.0,10030.0,767.0,550.0,24840.0,770.0,10.0,2980.0,8.0,0.0,30.0,11860.0,66.66666666666663,4.025844907407407,61,583.3333333333334,17926.666666666668,790.2222222222223,32.0,610.0,833.6666666666666,60.0,-5930.0,63.66666666666663,620.0
2018-02-18 16:47:10,2018-02-18,Romanian Deadlift (Barbell),3,24,3480.0,150.0,145.0,190.0,8,145.0,3480.0,24.0,183.66666666666663,3.0,145.0,2240.0,183.66666666666663,150.0,4370.0,185.0,5.0,0.0,0.0,6.333333333333371,5.0,1240.0,6.333333333333371,4.025844907407407,29,146.66666666666666,3363.3333333333335,184.1111111111111,23.666666666666668,150.0,185.0,-5.0,-890.0,-1.3333333333333712,150.0
2018-02-18 16:47:10,2018-02-18,Squat (Barbell),7,29,9925.0,365.0,326.42857142857144,425.83333333333337,5,415.0,6995.0,19.0,456.50000000000006,6.0,355.0,10115.0,414.1666666666667,415.0,7240.0,470.3333333333333,-50.0,2930.0,10.0,-30.666666666666686,10.0,-190.0,11.666666666666686,4.025844907407407,125,395.0,8116.666666666667,447.0,23.0,415.0,470.3333333333333,0.0,-245.0,-13.833333333333258,365.0
2018-02-18 16:47:10,2018-02-18,high bar squat,2,20,4100.0,205.0,205.0,287.0,12,195.0,4510.0,24.0,273.0,3.0,155.0,2980.0,196.3333333333333,0.0,0.0,0.0,10.0,-410.0,-4.0,14.0,50.0,1120.0,90.66666666666671,4.025844907407407,2,175.0,3745.0,234.66666666666663,22.0,195.0,273.0,0.0,0.0,0.0,205.0
2018-02-18 16:47:10,2018-02-18,kettlebell Swings,2,25,1410.0,63.0,57.5,84.0,15,52.0,1248.0,24.0,72.8,2.0,53.0,2250.0,79.5,0.0,0.0,0.0,11.0,162.0,1.0,11.200000000000003,10.0,-840.0,4.5,15.877939814814814,2,52.5,1749.0,76.15,34.5,53.0,79.5,0.0,0.0,0.0,63.0
2018-02-20 18:28:50,2018-02-20,Bent Over Row (Dumbbell),3,28,6160.0,220.0,220.0,293.3333333333333,10,210.0,6810.0,35.0,273.0,4.0,210.0,7080.0,266.0,170.0,2980.0,226.66666666666663,10.0,-650.0,-7.0,20.333333333333314,10.0,-920.0,27.333333333333314,3.9883796296296294,24,196.66666666666666,5623.333333333333,255.2222222222222,30.333333333333332,210.0,273.0,40.0,3830.0,46.33333333333337,220.0
2018-02-20 18:28:50,2018-02-20,Deadlift (Barbell),3,11,2585.0,235.0,235.0,274.1666666666667,5,415.0,7765.0,23.0,484.1666666666667,7.0,355.0,5830.0,402.3333333333333,430.0,4575.0,473.00000000000006,-180.0,-5180.0,-12.0,-210.0,-120.0,-3245.0,-128.16666666666663,3.9883796296296294,25,400.0,6056.666666666667,453.1666666666667,18.333333333333332,430.0,484.1666666666667,-15.0,3190.0,11.166666666666629,235.0
2018-02-20 18:28:50,2018-02-20,Hammer Row - Wide Grip,2,27,5400.0,200.0,200.0,293.33333333333337,14,230.0,5520.0,24.0,322.0,2.0,150.0,1950.0,215.0,270.0,6630.0,351.0,-30.0,-120.0,3.0,-28.66666666666663,50.0,3450.0,78.33333333333337,3.9883796296296294,12,216.66666666666666,4700.0,296.0,22.0,270.0,351.0,-40.0,-1110.0,-29.0,200.0
2018-02-20 18:28:50,2018-02-20,Hammer seated row (CLOSE GRIP),2,24,4800.0,200.0,200.0,280.0,12,150.0,1500.0,10.0,200.0,1.0,270.0,7030.0,351.0,250.0,4900.0,333.3333333333333,50.0,3300.0,14.0,80.0,-70.0,-2230.0,-71.0,9.212048611111111,67,223.33333333333334,4476.666666666667,294.77777777777777,19.666666666666668,270.0,351.0,-100.0,-3400.0,-133.33333333333331,200.0
2018-02-20 18:28:50,2018-02-20,Lat Pulldown,3,31,4570.0,170.0,150.0,215.3333333333333,12,150.0,3000.0,20.0,200.0,2.0,100.0,2000.0,133.33333333333331,100.0,3800.0,133.33333333333331,20.0,1570.0,11.0,15.333333333333286,70.0,2570.0,81.99999999999997,9.212048611111111,30,116.66666666666667,2933.3333333333335,155.55555555555554,26.666666666666668,150.0,200.0,50.0,-800.0,66.66666666666669,170.0
2018-02-21 19:57:21,2018-02-21,Bench Press (Barbell),7,35,9450.0,315.0,280.0,336.0,7,295.0,6905.0,26.0,344.1666666666667,5.0,305.0,5225.0,355.83333333333337,300.0,5785.0,350.0,20.0,2545.0,9.0,-8.166666666666686,10.0,4225.0,-19.83333333333337,8.473877314814814,28,300.0,5971.666666666667,350.0,22.0,305.0,355.83333333333337,-5.0,1120.0,-5.833333333333314,315.0
2018-02-21 19:57:21,2018-02-21,Seated Shoulder Press (Barbell),5,40,8290.0,235.0,209.0,291.3333333333333,11,230.0,7650.0,36.0,291.3333333333333,5.0,235.0,7765.0,297.66666666666663,245.0,5355.0,285.83333333333337,5.0,640.0,4.0,0.0,0.0,525.0,-6.333333333333314,8.473877314814814,81,236.66666666666666,6923.333333333333,291.6111111111111,32.0,245.0,297.66666666666663,-15.0,2295.0,5.499999999999943,235.0
2018-02-22 21:00:54,2018-02-22,Leg outward fly,3,45,5550.0,130.0,123.33333333333333,195.0,15,120.0,4560.0,38.0,172.0,3.0,120.0,6600.0,180.0,130.0,4880.0,182.0,10.0,990.0,7.0,23.0,10.0,-1050.0,15.0,28.050497685185185,27,123.33333333333333,5346.666666666667,178.0,45.0,130.0,182.0,-10.0,-320.0,-10.0,130.0
2018-02-22 21:00:54,2018-02-22,Leg press (hinge ),3,33,20250.0,620.0,613.3333333333334,868.0,12,620.0,21890.0,39.0,833.6666666666666,4.0,610.0,18910.0,833.6666666666666,590.0,10030.0,767.0,0.0,-1640.0,-6.0,34.33333333333337,10.0,1340.0,34.33333333333337,4.176203703703703,62,606.6666666666666,16943.333333333332,811.4444444444445,29.0,620.0,833.6666666666666,30.0,11860.0,66.66666666666663,620.0
2018-02-22 21:00:54,2018-02-22,Romanian Deadlift (Barbell),3,24,3560.0,155.0,148.33333333333334,196.3333333333333,8,150.0,3480.0,24.0,190.0,3.0,145.0,3480.0,183.66666666666663,145.0,2240.0,183.66666666666663,5.0,80.0,0.0,6.333333333333286,10.0,80.0,12.666666666666657,4.176203703703703,30,146.66666666666666,3066.6666666666665,185.77777777777774,21.333333333333332,150.0,190.0,5.0,1240.0,6.333333333333371,155.0
2018-02-22 21:00:54,2018-02-22,Squat (Barbell),6,17,6540.0,420.0,377.5,462.00000000000006,5,365.0,9925.0,29.0,425.83333333333337,7.0,415.0,6995.0,456.50000000000006,355.0,10115.0,414.1666666666667,55.0,-3385.0,-12.0,36.166666666666686,5.0,-455.0,5.5,4.176203703703703,126,378.3333333333333,9011.666666666666,432.16666666666674,26.0,415.0,456.50000000000006,10.0,-190.0,11.666666666666686,420.0
2018-02-22 21:00:54,2018-02-22,high bar squat,2,16,3640.0,230.0,227.5,291.3333333333333,8,205.0,4100.0,20.0,287.0,2.0,195.0,4510.0,273.0,155.0,2980.0,196.3333333333333,25.0,-460.0,-4.0,4.333333333333314,35.0,-870.0,18.333333333333314,4.176203703703703,3,185.0,3863.3333333333335,252.1111111111111,21.333333333333332,205.0,287.0,50.0,1120.0,90.66666666666671,230.0
2018-02-24 20:32:01,2018-02-24,Bent Over Row (Dumbbell),3,33,5940.0,180.0,180.0,252.0,12,220.0,6160.0,28.0,293.3333333333333,3.0,210.0,6810.0,273.0,210.0,7080.0,266.0,-40.0,-220.0,5.0,-41.333333333333314,-30.0,-870.0,-21.0,4.085543981481481,25,213.33333333333334,6683.333333333333,277.4444444444444,33.666666666666664,220.0,293.3333333333333,10.0,-920.0,27.333333333333314,180.0
2018-02-24 20:32:01,2018-02-24,Curl Dumbbell,3,32,1350.0,50.0,43.333333333333336,61.66666666666667,15,40.0,1560.0,39.0,60.0,3.0,0.0,0.0,0.0,0.0,0.0,0.0,10.0,-210.0,-7.0,1.6666666666666714,0.0,0.0,0.0,4.085543981481481,1,40.0,1560.0,60.0,39.0,40.0,60.0,0.0,0.0,0.0,50.0
2018-02-24 20:32:01,2018-02-24,Deadlift (Barbell),8,24,8415.0,430.0,345.625,473.00000000000006,4,235.0,2585.0,11.0,274.1666666666667,3.0,415.0,7765.0,484.1666666666667,355.0,5830.0,402.3333333333333,195.0,5830.0,13.0,198.83333333333337,15.0,650.0,-11.166666666666629,4.085543981481481,26,335.0,5393.333333333333,386.8888888888889,17.333333333333332,415.0,484.1666666666667,-120.0,-3245.0,-128.16666666666663,430.0
2018-02-24 20:32:01,2018-02-24,Face pull,2,24,1440.0,60.0,60.0,84.0,12,60.0,2160.0,36.0,96.0,2.0,60.0,2960.0,84.0,60.0,2090.0,84.0,0.0,-720.0,-12.0,-12.0,0.0,-1520.0,0.0,8.07392361111111,13,60.0,2403.3333333333335,88.0,43.0,60.0,96.0,0.0,70.0,12.0,60.0
2018-02-24 20:32:01,2018-02-24,Hammer Row - Wide Grip,2,27,5530.0,210.0,205.0,301.0,14,200.0,5400.0,27.0,293.33333333333337,2.0,230.0,5520.0,322.0,150.0,1950.0,215.0,10.0,130.0,0.0,7.666666666666629,-20.0,10.0,-21.0,4.085543981481481,13,193.33333333333334,4290.0,276.77777777777777,21.333333333333332,230.0,322.0,50.0,3450.0,78.33333333333337,210.0
2018-02-24 20:32:01,2018-02-24,kettlebell Swings,2,20,1200.0,72.0,62.0,91.2,12,63.0,1410.0,25.0,84.0,2.0,52.0,1248.0,72.8,53.0,2250.0,79.5,9.0,-210.0,-5.0,7.200000000000003,20.0,-48.0,18.400000000000006,6.156145833333333,3,56.0,1636.0,78.76666666666667,31.333333333333332,63.0,84.0,10.0,-840.0,4.5,72.0
2018-02-25 14:09:05,2018-02-25,Incline Bench Press (Barbell),5,32,8120.0,275.0,259.0,320.83333333333337,9,275.0,6800.0,25.0,320.83333333333337,5.0,275.0,6700.0,320.83333333333337,262.5,6562.5,306.25,0.0,1320.0,7.0,0.0,0.0,1420.0,0.0,7.928796296296296,91,270.8333333333333,6687.5,315.97222222222223,25.0,275.0,320.83333333333337,12.5,237.5,14.583333333333371,275.0
2018-02-28 17:46:53,2018-02-28,Bent Over Row (Dumbbell),2,20,3400.0,170.0,170.0,226.66666666666663,10,180.0,5940.0,33.0,252.0,3.0,220.0,6160.0,293.3333333333333,210.0,6810.0,273.0,-10.0,-2540.0,-13.0,-25.33333333333337,-50.0,-2760.0,-66.66666666666669,3.885324074074074,26,203.33333333333334,6303.333333333333,272.77777777777777,32.0,220.0,293.3333333333333,-30.0,-870.0,-21.0,170.0
2018-02-28 17:46:53,2018-02-28,Lat Pulldown,2,18,2540.0,150.0,140.0,200.0,10,170.0,4570.0,31.0,215.3333333333333,3.0,150.0,3000.0,200.0,100.0,2000.0,133.33333333333331,-20.0,-2030.0,-13.0,-15.333333333333286,0.0,-460.0,0.0,7.970868055555556,31,140.0,3190.0,182.88888888888889,23.666666666666668,170.0,215.3333333333333,70.0,2570.0,81.99999999999997,150.0
2018-02-28 17:46:53,2018-02-28,T-bar Row,6,58,6800.0,125.0,117.5,166.66666666666666,10,90.0,1440.0,16.0,114.0,2.0,115.0,1840.0,145.66666666666666,100.0,2000.0,133.33333333333331,35.0,5360.0,42.0,52.66666666666666,10.0,4960.0,21.0,29.039386574074076,18,101.66666666666667,1760.0,131.0,17.333333333333332,115.0,145.66666666666666,-10.0,-560.0,-19.333333333333314,125.0
2018-03-01 18:57:21,2018-03-01,Bench Press (Barbell),7,39,9905.0,275.0,252.14285714285714,339.1666666666667,7,315.0,9450.0,35.0,336.0,7.0,295.0,6905.0,344.1666666666667,305.0,5225.0,355.83333333333337,-40.0,455.0,4.0,3.1666666666666856,-20.0,3000.0,-5.0,7.958333333333333,29,305.0,7193.333333333333,345.3333333333333,26.666666666666668,315.0,355.83333333333337,10.0,4225.0,-19.83333333333337,275.0
2018-03-06 18:33:21,2018-03-06,Bent Over Row (Dumbbell),2,24,3600.0,150.0,150.0,210.0,12,170.0,3400.0,20.0,226.66666666666663,2.0,180.0,5940.0,252.0,220.0,6160.0,293.3333333333333,-20.0,200.0,4.0,-16.66666666666663,-30.0,-2340.0,-42.0,6.032268518518518,27,190.0,5166.666666666667,257.3333333333333,27.0,220.0,293.3333333333333,-50.0,-2760.0,-66.66666666666669,150.0
2018-03-06 18:33:21,2018-03-06,Deadlift (Barbell),8,26,8910.0,435.0,345.0,478.50000000000006,5,430.0,8415.0,24.0,473.00000000000006,8.0,235.0,2585.0,274.1666666666667,415.0,7765.0,484.1666666666667,5.0,495.0,2.0,5.5,200.0,6325.0,204.33333333333337,9.917592592592593,27,360.0,6255.0,410.4444444444445,19.333333333333332,430.0,484.1666666666667,15.0,650.0,-11.166666666666629,435.0
2018-03-06 18:33:21,2018-03-06,Neutral Chin,2,18,0.0,0.0,0.0,0.0,9,0.0,0.0,8.0,0.0,1.0,0.0,0.0,0.0,27.0,252.0,32.4,0.0,0.0,10.0,0.0,0.0,0.0,0.0,23.215185185185184,8,9.0,84.0,10.799999999999999,10.666666666666666,27.0,32.4,-27.0,-252.0,-32.4,0.0
2018-03-06 18:33:21,2018-03-06,Seated Cable Row (close Grip),3,36,5040.0,140.0,140.0,196.0,12,140.0,3080.0,22.0,196.0,2.0,120.0,3600.0,160.0,190.0,7720.0,253.3333333333333,0.0,1960.0,14.0,0.0,20.0,1440.0,36.0,26.949953703703702,55,150.0,4800.0,203.11111111111111,33.333333333333336,190.0,253.3333333333333,-50.0,-4640.0,-57.333333333333286,140.0
2018-03-07 20:09:46,2018-03-07,Incline Bench Press (Barbell),4,24,5400.0,225.0,225.0,277.5,7,275.0,8120.0,32.0,320.83333333333337,5.0,275.0,6800.0,320.83333333333337,275.0,6700.0,320.83333333333337,-50.0,-2720.0,-8.0,-43.33333333333337,-50.0,-1400.0,-43.33333333333337,10.250474537037038,92,275.0,7206.666666666667,320.83333333333337,27.333333333333332,275.0,320.83333333333337,0.0,1420.0,0.0,225.0
2018-03-07 20:09:46,2018-03-07,Seated Shoulder Press (Barbell),3,30,4950.0,165.0,165.0,220.0,10,235.0,8290.0,40.0,291.3333333333333,5.0,230.0,7650.0,291.3333333333333,235.0,7765.0,297.66666666666663,-70.0,-3340.0,-10.0,-71.33333333333331,-65.0,-2700.0,-71.33333333333331,14.008622685185186,82,233.33333333333334,7901.666666666667,293.4444444444444,37.666666666666664,235.0,297.66666666666663,0.0,525.0,-6.333333333333314,165.0
2018-03-11 16:15:08,2018-03-11,Hammer Row - Wide Grip,1,8,1840.0,230.0,230.0,291.3333333333333,8,210.0,5530.0,27.0,301.0,2.0,200.0,5400.0,293.33333333333337,230.0,5520.0,322.0,20.0,-3690.0,-19.0,-9.666666666666686,30.0,-3560.0,-2.000000000000057,14.821608796296296,14,213.33333333333334,5483.333333333333,305.44444444444446,26.0,230.0,322.0,-20.0,10.0,-21.0,230.0
2018-03-11 16:15:08,2018-03-11,Hammer seated row (CLOSE GRIP),4,42,8760.0,230.0,207.5,322.0,12,200.0,4800.0,24.0,280.0,2.0,150.0,1500.0,200.0,270.0,7030.0,351.0,30.0,3960.0,18.0,42.0,80.0,7260.0,122.0,18.907152777777778,68,206.66666666666666,4443.333333333333,277.0,21.0,270.0,351.0,-70.0,-2230.0,-71.0,230.0
2018-03-11 16:15:08,2018-03-11,Neutral Chin,3,30,0.0,0.0,0.0,0.0,10,0.0,0.0,18.0,0.0,2.0,0.0,0.0,0.0,0.0,0.0,0.0,0.0,0.0,12.0,0.0,0.0,0.0,0.0,4.904016203703704,9,0.0,0.0,0.0,11.333333333333334,0.0,0.0,0.0,0.0,0.0,0.0
2018-03-12 20:08:29,2018-03-12,Bench Press (Barbell),6,30,7400.0,275.0,246.66666666666666,320.83333333333337,5,275.0,9905.0,39.0,339.1666666666667,7.0,315.0,9450.0,336.0,295.0,6905.0,344.1666666666667,0.0,-2505.0,-9.0,-18.333333333333314,-40.0,-2050.0,-15.166666666666629,11.049398148148148,30,295.0,8753.333333333334,339.77777777777777,33.333333333333336,315.0,344.1666666666667,-20.0,3000.0,-5.0,275.0
2018-03-12 20:08:29,2018-03-12,Seated Shoulder Press (Barbell),4,32,7200.0,225.0,225.0,285.0,8,165.0,4950.0,30.0,220.0,3.0,235.0,8290.0,291.3333333333333,230.0,7650.0,291.3333333333333,60.0,2250.0,2.0,65.0,-10.0,-1090.0,-6.333333333333314,4.999108796296296,83,210.0,6963.333333333333,267.5555555555555,35.333333333333336,235.0,291.3333333333333,-65.0,-2700.0,-71.33333333333331,225.0
2018-03-13 18:44:13,2018-03-13,Leg press (hinge ),4,40,14400.0,360.0,360.0,480.0,10,620.0,20250.0,33.0,868.0,3.0,620.0,21890.0,833.6666666666666,610.0,18910.0,833.6666666666666,-260.0,-5850.0,7.0,-388.0,-260.0,-7490.0,-353.66666666666663,18.90508101851852,63,616.6666666666666,20350.0,845.1111111111112,34.333333333333336,620.0,868.0,10.0,1340.0,34.33333333333337,360.0
2018-03-13 18:44:13,2018-03-13,Romanian Deadlift (Barbell),3,24,3400.0,145.0,141.66666666666666,183.66666666666663,8,155.0,3560.0,24.0,196.3333333333333,3.0,150.0,3480.0,190.0,145.0,3480.0,183.66666666666663,-10.0,-160.0,0.0,-12.666666666666657,-5.0,-80.0,-6.333333333333371,18.90508101851852,31,150.0,3506.6666666666665,190.0,24.0,155.0,196.3333333333333,10.0,80.0,12.666666666666657,145.0
2018-03-13 18:44:13,2018-03-13,Squat (Barbell),6,27,8125.0,325.0,298.3333333333333,379.1666666666667,5,420.0,6540.0,17.0,462.00000000000006,6.0,365.0,9925.0,425.83333333333337,415.0,6995.0,456.50000000000006,-95.0,1585.0,10.0,-82.83333333333337,-40.0,-1800.0,-46.666666666666686,18.90508101851852,127,400.0,7820.0,448.11111111111114,21.666666666666668,420.0,462.00000000000006,5.0,-455.0,5.5,325.0
2018-03-16 21:26:27,2018-03-16,Incline Bench Press (Barbell),4,32,7640.0,245.0,238.75,310.3333333333333,8,225.0,5400.0,24.0,277.5,4.0,275.0,8120.0,320.83333333333337,275.0,6800.0,320.83333333333337,20.0,2240.0,8.0,32.833333333333314,-30.0,-480.0,-10.500000000000057,9.053252314814815,93,258.3333333333333,6773.333333333333,306.3888888888889,27.0,275.0,320.83333333333337,-50.0,-1400.0,-43.33333333333337,245.0
2018-03-16 21:26:27,2018-03-16,Incline Press (Dumbbell),2,22,3630.0,170.0,165.0,232.33333333333331,11,190.0,3800.0,20.0,253.3333333333333,2.0,180.0,4320.0,252.0,180.0,1800.0,240.0,-20.0,-170.0,2.0,-20.99999999999997,-10.0,-690.0,-19.666666666666686,27.232523148148147,39,183.33333333333334,3306.6666666666665,248.44444444444443,18.0,190.0,253.3333333333333,10.0,2000.0,13.333333333333286,170.0
2018-03-16 21:26:27,2018-03-16,Low Incline Dumbbell Bench,1,11,1980.0,180.0,180.0,246.0,11,190.0,3770.0,23.0,259.6666666666667,2.0,180.0,3700.0,252.0,180.0,5340.0,240.0,-10.0,-1790.0,-12.0,-13.666666666666686,0.0,-1720.0,-6.0,27.232523148148147,3,183.33333333333334,4270.0,250.55555555555557,26.0,190.0,259.6666666666667,10.0,-1570.0,19.666666666666686,180.0
2018-03-17 21:28:32,2018-03-17,Leg press (hinge ),4,44,22200.0,550.0,505.0,751.6666666666666,12,360.0,14400.0,40.0,480.0,4.0,620.0,20250.0,868.0,620.0,21890.0,833.6666666666666,190.0,7800.0,4.0,271.66666666666663,-70.0,1950.0,-116.33333333333337,4.114108796296296,64,533.3333333333334,18846.666666666668,727.2222222222222,37.333333333333336,620.0,868.0,-260.0,-7490.0,-353.66666666666663,550.0
2018-03-17 21:28:32,2018-03-17,Squat (Barbell),7,38,10435.0,295.0,272.85714285714283,373.6666666666666,8,325.0,8125.0,27.0,379.1666666666667,6.0,420.0,6540.0,462.00000000000006,365.0,9925.0,425.83333333333337,-30.0,2310.0,11.0,-5.500000000000114,-125.0,3895.0,-88.33333333333348,4.114108796296296,128,370.0,8196.666666666666,422.3333333333334,24.333333333333332,420.0,462.00000000000006,-40.0,-1800.0,-46.666666666666686,295.0
2018-03-19 19:27:35,2018-03-19,Bent Over Row (Dumbbell),3,32,3520.0,110.0,110.0,154.0,12,150.0,3600.0,24.0,210.0,2.0,170.0,3400.0,226.66666666666663,180.0,5940.0,252.0,-40.0,-80.0,8.0,-56.0,-60.0,120.0,-72.66666666666663,13.037662037037038,28,166.66666666666666,4313.333333333333,229.55555555555554,25.666666666666668,180.0,252.0,-30.0,-2340.0,-42.0,110.0
2018-03-19 19:27:35,2018-03-19,Deadlift (Barbell),6,18,6660.0,445.0,370.0,489.50000000000006,3,435.0,8910.0,26.0,478.50000000000006,8.0,430.0,8415.0,473.00000000000006,235.0,2585.0,274.1666666666667,10.0,-2250.0,-8.0,11.0,15.0,-1755.0,16.5,13.037662037037038,28,366.6666666666667,6636.666666666667,408.5555555555556,20.333333333333332,435.0,478.50000000000006,200.0,6325.0,204.33333333333337,445.0
2018-03-19 19:27:35,2018-03-19,Hammer Row - Wide Grip,1,12,2640.0,220.0,220.0,308.0,12,230.0,1840.0,8.0,291.3333333333333,1.0,210.0,5530.0,301.0,200.0,5400.0,293.33333333333337,-10.0,800.0,4.0,16.666666666666686,10.0,-2890.0,7.0,8.133645833333333,15,213.33333333333334,4256.666666666667,295.22222222222223,20.666666666666668,230.0,301.0,30.0,-3560.0,-2.000000000000057,220.0
2018-03-19 19:27:35,2018-03-19,Hammer seated row (CLOSE GRIP),2,20,4400.0,220.0,220.0,293.3333333333333,10,230.0,8760.0,42.0,322.0,4.0,200.0,4800.0,280.0,150.0,1500.0,200.0,-10.0,-4360.0,-22.0,-28.666666666666686,20.0,-400.0,13.333333333333314,8.133645833333333,69,193.33333333333334,5020.0,267.3333333333333,25.333333333333332,230.0,322.0,80.0,7260.0,122.0,220.0
2018-03-19 19:27:35,2018-03-19,Lat Pulldown,2,20,2600.0,130.0,130.0,173.33333333333331,10,150.0,2540.0,18.0,200.0,2.0,170.0,4570.0,215.3333333333333,150.0,3000.0,200.0,-20.0,60.0,2.0,-26.666666666666686,-40.0,-1970.0,-41.99999999999997,19.069930555555555,32,156.66666666666666,3370.0,205.1111111111111,23.0,170.0,215.3333333333333,0.0,-460.0,0.0,130.0
2018-03-20 07:27:13,2018-03-20,Bench Press (Barbell),6,34,8625.0,275.0,250.83333333333334,339.1666666666667,7,275.0,7400.0,30.0,320.83333333333337,6.0,275.0,9905.0,339.1666666666667,315.0,9450.0,336.0,0.0,1225.0,4.0,18.333333333333314,0.0,-1280.0,0.0,7.471342592592593,31,288.3333333333333,8918.333333333334,332.00000000000006,34.666666666666664,315.0,339.1666666666667,-40.0,-2050.0,-15.166666666666629,275.0
2018-03-20 07:27:13,2018-03-20,Seated Shoulder Press (Barbell),5,33,7365.0,230.0,221.0,291.3333333333333,8,225.0,7200.0,32.0,285.0,4.0,165.0,4950.0,220.0,235.0,8290.0,291.3333333333333,5.0,165.0,1.0,6.333333333333314,65.0,2415.0,71.33333333333331,7.471342592592593,84,208.33333333333334,6813.333333333333,265.4444444444444,34.0,235.0,291.3333333333333,-10.0,-1090.0,-6.333333333333314,230.0
2018-03-20 07:27:13,2018-03-20,Tricep pushdown,2,24,1440.0,60.0,60.0,84.0,12,80.0,2400.0,36.0,112.0,3.0,60.0,1440.0,84.0,60.0,2400.0,90.0,-20.0,-960.0,-12.0,-28.0,0.0,0.0,0.0,42.55883101851852,16,66.66666666666667,2080.0,95.33333333333333,34.0,80.0,112.0,20.0,0.0,22.0,60.0
2018-03-21 20:53:59,2018-03-21,Hack Squat,6,58,10370.0,200.0,177.5,266.66666666666663,10,290.0,11970.0,45.0,386.6666666666666,5.0,300.0,9900.0,380.0,300.0,12600.0,380.0,-90.0,-1600.0,13.0,-119.99999999999994,-100.0,470.0,-113.33333333333337,55.04569444444444,8,296.6666666666667,11490.0,382.2222222222222,43.666666666666664,300.0,386.6666666666666,-10.0,-630.0,6.666666666666572,200.0
2018-03-21 20:53:59,2018-03-21,Squat (Barbell),7,43,10425.0,335.0,260.7142857142857,390.83333333333337,9,295.0,10435.0,38.0,373.6666666666666,7.0,325.0,8125.0,379.1666666666667,420.0,6540.0,462.00000000000006,40.0,-10.0,5.0,17.1666666666668,10.0,2300.0,11.666666666666686,3.9760069444444444,129,346.6666666666667,8366.666666666666,404.9444444444444,27.333333333333332,420.0,462.00000000000006,-125.0,3895.0,-88.33333333333348,335.0
2018-03-21 20:53:59,2018-03-21,kettlebell Swings,3,36,1872.0,52.0,52.0,72.8,12,72.0,1200.0,20.0,91.2,2.0,63.0,1410.0,84.0,52.0,1248.0,72.8,-20.0,672.0,16.0,-18.400000000000006,-11.0,462.0,-11.200000000000003,25.01525462962963,4,62.333333333333336,1286.0,82.66666666666667,23.0,72.0,91.2,20.0,-48.0,18.400000000000006,52.0
2018-03-23 19:00:33,2018-03-23,Bent Over Row (Dumbbell),2,22,5060.0,230.0,230.0,322.0,12,110.0,3520.0,32.0,154.0,3.0,150.0,3600.0,210.0,170.0,3400.0,226.66666666666663,120.0,1540.0,-10.0,168.0,80.0,1460.0,112.0,3.9812268518518517,29,143.33333333333334,3506.6666666666665,196.88888888888889,25.333333333333332,170.0,226.66666666666663,-60.0,120.0,-72.66666666666663,230.0
2018-03-23 19:00:33,2018-03-23,Bicep Curl (Barbell),3,45,1800.0,40.0,40.0,60.0,15,50.0,1000.0,20.0,66.66666666666666,2.0,50.0,1400.0,73.33333333333334,75.0,1500.0,100.0,-10.0,800.0,25.0,-6.666666666666657,-10.0,400.0,-13.333333333333343,68.19383101851852,72,58.333333333333336,1300.0,80.0,22.666666666666668,75.0,100.0,-25.0,-500.0,-33.33333333333334,40.0
2018-03-23 19:00:33,2018-03-23,Seated Cable Row (close Grip),2,24,3600.0,150.0,150.0,210.0,12,140.0,5040.0,36.0,196.0,3.0,140.0,3080.0,196.0,120.0,3600.0,160.0,10.0,-1440.0,-12.0,14.0,10.0,520.0,14.0,17.01888888888889,56,133.33333333333334,3906.6666666666665,184.0,29.333333333333332,140.0,196.0,20.0,1440.0,36.0,150.0
2018-03-23 19:00:33,2018-03-23,T-bar Row,5,50,5675.0,122.5,113.5,163.33333333333331,10,125.0,6800.0,58.0,166.66666666666666,6.0,90.0,1440.0,114.0,115.0,1840.0,145.66666666666666,-2.5,-1125.0,-8.0,-3.333333333333343,32.5,4235.0,49.333333333333314,23.05115740740741,19,110.0,3360.0,142.11111111111111,30.0,125.0,166.66666666666666,10.0,4960.0,21.0,122.5
2018-03-24 15:52:46,2018-03-24,Incline Bench Press (Barbell),5,34,8430.0,255.0,249.0,310.3333333333333,8,245.0,7640.0,32.0,310.3333333333333,4.0,225.0,5400.0,277.5,275.0,8120.0,320.83333333333337,10.0,790.0,2.0,0.0,30.0,3030.0,32.833333333333314,7.768275462962963,94,248.33333333333334,7053.333333333333,302.8888888888889,29.333333333333332,275.0,320.83333333333337,-30.0,-480.0,-10.500000000000057,255.0
2018-03-24 15:52:46,2018-03-24,Incline Press (Dumbbell),2,24,3600.0,150.0,150.0,210.0,12,170.0,3630.0,22.0,232.33333333333331,2.0,190.0,3800.0,253.3333333333333,180.0,4320.0,252.0,-20.0,-30.0,2.0,-22.333333333333314,-40.0,-200.0,-43.333333333333286,7.768275462962963,40,180.0,3916.6666666666665,245.88888888888889,22.0,190.0,253.3333333333333,-10.0,-690.0,-19.666666666666686,150.0
2018-03-24 15:52:46,2018-03-24,Lateral Raise (Dumbbells),2,30,900.0,30.0,30.0,45.0,15,30.0,1350.0,45.0,45.0,3.0,30.0,1350.0,45.0,30.0,750.0,45.0,0.0,-450.0,-15.0,0.0,0.0,-450.0,0.0,35.00079861111111,46,30.0,1150.0,45.0,40.0,30.0,45.0,0.0,600.0,0.0,30.0
2018-03-24 15:52:46,2018-03-24,Tricep pushdown,2,27,2280.0,90.0,85.0,126.0,15,60.0,1440.0,24.0,84.0,2.0,80.0,2400.0,112.0,60.0,1440.0,84.0,30.0,840.0,3.0,42.0,10.0,-120.0,14.0,4.351076388888889,17,66.66666666666667,1760.0,93.33333333333333,28.0,80.0,112.0,0.0,0.0,0.0,90.0
2018-03-25 19:07:14,2018-03-25,Leg outward fly,3,40,4360.0,120.0,110.0,168.0,16,130.0,5550.0,45.0,195.0,3.0,120.0,4560.0,172.0,120.0,6600.0,180.0,-10.0,-1190.0,-5.0,-27.0,0.0,-200.0,-4.0,30.921064814814816,28,123.33333333333333,5570.0,182.33333333333334,46.666666666666664,130.0,195.0,10.0,-1050.0,15.0,120.0
2018-03-25 19:07:14,2018-03-25,Leg press (hinge ),3,30,16800.0,570.0,560.0,760.0,10,550.0,22200.0,44.0,751.6666666666666,4.0,360.0,14400.0,480.0,620.0,20250.0,868.0,20.0,-5400.0,-14.0,8.333333333333371,210.0,2400.0,280.0,7.901875,65,510.0,18950.0,699.888888888889,39.0,620.0,868.0,-70.0,1950.0,-116.33333333333337,570.0
2018-03-25 19:07:14,2018-03-25,Romanian Deadlift (Barbell),3,24,3480.0,150.0,145.0,190.0,8,145.0,3400.0,24.0,183.66666666666663,3.0,155.0,3560.0,196.3333333333333,150.0,3480.0,190.0,5.0,80.0,0.0,6.333333333333371,-5.0,-80.0,-6.333333333333286,12.015983796296297,32,150.0,3480.0,190.0,24.0,155.0,196.3333333333333,-5.0,-80.0,-6.333333333333371,150.0
2018-03-25 19:07:14,2018-03-25,Squat (Barbell),7,35,10375.0,320.0,296.42857142857144,373.33333333333337,5,335.0,10425.0,43.0,390.83333333333337,7.0,295.0,10435.0,373.6666666666666,325.0,8125.0,379.1666666666667,-15.0,-50.0,-8.0,-17.5,25.0,-60.0,-0.3333333333332007,3.9258680555555556,130,318.3333333333333,9661.666666666666,381.2222222222222,36.0,335.0,390.83333333333337,10.0,2300.0,11.666666666666686,320.0
2018-03-25 19:07:14,2018-03-25,high bar squat,2,18,3510.0,195.0,195.0,260.0,10,230.0,3640.0,16.0,291.3333333333333,2.0,205.0,4100.0,287.0,195.0,4510.0,273.0,-35.0,-130.0,2.0,-31.333333333333314,-10.0,-590.0,-27.0,30.921064814814816,4,210.0,4083.3333333333335,283.77777777777777,20.0,230.0,291.3333333333333,35.0,-870.0,18.333333333333314,195.0
2018-03-27 20:18:33,2018-03-27,Bent Over Row (Dumbbell),3,34,5780.0,170.0,170.0,238.0,12,230.0,5060.0,22.0,322.0,2.0,110.0,3520.0,154.0,150.0,3600.0,210.0,-60.0,720.0,12.0,-84.0,60.0,2260.0,84.0,4.054166666666666,30,163.33333333333334,4060.0,228.66666666666666,26.0,230.0,322.0,80.0,1460.0,112.0,170.0
2018-03-27 20:18:33,2018-03-27,Bicep Curl (Barbell),3,39,2340.0,60.0,60.0,86.0,13,40.0,1800.0,45.0,60.0,3.0,50.0,1000.0,66.66666666666666,50.0,1400.0,73.33333333333334,20.0,540.0,-6.0,26.0,10.0,1340.0,19.333333333333343,4.054166666666666,73,46.666666666666664,1400.0,66.66666666666667,31.0,50.0,73.33333333333334,-10.0,400.0,-13.333333333333343,60.0
2018-03-27 20:18:33,2018-03-27,Deadlift (Barbell),7,23,8145.0,450.0,357.85714285714283,495.00000000000006,5,445.0,6660.0,18.0,489.50000000000006,6.0,435.0,8910.0,478.50000000000006,430.0,8415.0,473.00000000000006,5.0,1485.0,5.0,5.5,15.0,-765.0,16.5,8.035393518518518,29,436.6666666666667,7995.0,480.3333333333333,22.666666666666668,445.0,489.50000000000006,15.0,-1755.0,16.5,450.0
2018-03-27 20:18:33,2018-03-27,Face pull,2,26,1690.0,70.0,65.0,100.33333333333331,13,60.0,1440.0,24.0,84.0,2.0,60.0,2160.0,96.0,60.0,2960.0,84.0,10.0,250.0,2.0,16.333333333333314,10.0,-470.0,4.333333333333314,30.990648148148146,14,60.0,2186.6666666666665,88.0,38.666666666666664,60.0,96.0,0.0,-1520.0,0.0,70.0
2018-03-27 20:18:33,2018-03-27,Hammer Row - Wide Grip,1,12,2640.0,220.0,220.0,308.0,12,220.0,2640.0,12.0,308.0,1.0,230.0,1840.0,291.3333333333333,210.0,5530.0,301.0,0.0,0.0,0.0,0.0,-10.0,800.0,16.666666666666686,8.035393518518518,16,220.0,3336.6666666666665,300.1111111111111,15.666666666666666,230.0,308.0,10.0,-2890.0,7.0,220.0
2018-03-27 20:18:33,2018-03-27,Hammer lat pulldown,2,24,3600.0,160.0,150.0,224.0,12,180.0,6120.0,34.0,252.0,3.0,100.0,2400.0,140.0,200.0,4000.0,266.66666666666663,-20.0,-2520.0,-10.0,-28.0,60.0,1200.0,84.0,39.06457175925926,7,160.0,4173.333333333333,219.55555555555554,26.0,200.0,266.66666666666663,-20.0,2120.0,-14.666666666666629,160.0
2018-03-27 20:18:33,2018-03-27,Hammer seated row (CLOSE GRIP),2,24,5520.0,235.0,230.0,329.0,12,220.0,4400.0,20.0,293.3333333333333,2.0,230.0,8760.0,322.0,200.0,4800.0,280.0,15.0,1120.0,4.0,35.666666666666686,5.0,-3240.0,7.0,8.035393518518518,70,216.66666666666666,5986.666666666667,298.4444444444444,28.666666666666668,230.0,322.0,20.0,-400.0,13.333333333333314,235.0
2018-03-28 19:20:22,2018-03-28,Bench Press (Barbell),6,28,7250.0,285.0,256.6666666666667,332.5,5,275.0,8625.0,34.0,339.1666666666667,6.0,275.0,7400.0,320.83333333333337,275.0,9905.0,339.1666666666667,10.0,-1375.0,-6.0,-6.666666666666686,10.0,-150.0,11.666666666666629,8.495243055555555,32,275.0,8643.333333333334,333.0555555555556,34.333333333333336,275.0,339.1666666666667,0.0,-1280.0,0.0,285.0
2018-03-28 19:20:22,2018-03-28,Lateral Raise (Dumbbells),3,42,1680.0,40.0,40.0,60.0,15,30.0,900.0,30.0,45.0,2.0,30.0,1350.0,45.0,30.0,1350.0,45.0,10.0,780.0,12.0,15.0,10.0,330.0,15.0,4.144166666666667,47,30.0,1200.0,45.0,40.0,30.0,45.0,0.0,-450.0,0.0,40.0
2018-03-28 19:20:22,2018-03-28,Seated Shoulder Press (Barbell),5,39,8485.0,235.0,221.0,291.3333333333333,10,230.0,7365.0,33.0,291.3333333333333,5.0,225.0,7200.0,285.0,165.0,4950.0,220.0,5.0,1120.0,6.0,0.0,10.0,1285.0,6.333333333333314,8.495243055555555,85,206.66666666666666,6505.0,265.4444444444444,31.666666666666668,230.0,291.3333333333333,65.0,2415.0,71.33333333333331,235.0
2018-03-28 19:20:22,2018-03-28,Tricep pushdown,3,42,3660.0,90.0,86.66666666666667,135.0,15,90.0,2280.0,27.0,126.0,2.0,60.0,1440.0,84.0,80.0,2400.0,112.0,0.0,1380.0,15.0,9.0,30.0,2220.0,51.0,4.144166666666667,18,76.66666666666667,2040.0,107.33333333333333,29.0,90.0,126.0,10.0,-120.0,14.0,90.0
2018-03-30 09:32:45,2018-03-30,Hack Squat,3,30,5800.0,200.0,193.33333333333334,266.66666666666663,10,200.0,10370.0,58.0,266.66666666666663,6.0,290.0,11970.0,386.6666666666666,300.0,9900.0,380.0,0.0,-4570.0,-28.0,0.0,-90.0,-6170.0,-119.99999999999994,8.526921296296296,9,263.3333333333333,10746.666666666666,344.4444444444444,47.0,300.0,386.6666666666666,-100.0,470.0,-113.33333333333337,200.0
2018-03-30 09:32:45,2018-03-30,Leg outward fly,3,42,4890.0,120.0,116.66666666666667,180.0,15,120.0,4360.0,40.0,168.0,3.0,130.0,5550.0,195.0,120.0,4560.0,172.0,0.0,530.0,2.0,12.0,-10.0,-660.0,-15.0,4.6010532407407405,29,123.33333333333333,4823.333333333333,178.33333333333334,41.0,130.0,195.0,0.0,-200.0,-4.0,120.0
2018-03-30 09:32:45,2018-03-30,Romanian Deadlift (Barbell),1,12,1620.0,135.0,135.0,189.0,12,150.0,3480.0,24.0,190.0,3.0,145.0,3400.0,183.66666666666663,155.0,3560.0,196.3333333333333,-15.0,-1860.0,-12.0,-1.0,-10.0,-1780.0,5.333333333333371,4.6010532407407405,33,150.0,3480.0,190.0,24.0,155.0,196.3333333333333,-5.0,-80.0,-6.333333333333286,135.0
2018-03-30 09:32:45,2018-03-30,Squat (Barbell),6,23,7805.0,355.0,335.8333333333333,414.1666666666667,5,320.0,10375.0,35.0,373.33333333333337,7.0,335.0,10425.0,390.83333333333337,295.0,10435.0,373.6666666666666,35.0,-2570.0,-12.0,40.833333333333314,20.0,-2620.0,23.333333333333314,4.6010532407407405,131,316.6666666666667,10411.666666666666,379.27777777777777,38.666666666666664,335.0,390.83333333333337,25.0,-60.0,-0.3333333333332007,355.0
2018-03-30 09:32:45,2018-03-30,high bar squat,2,16,3200.0,200.0,200.0,253.3333333333333,8,195.0,3510.0,18.0,260.0,2.0,230.0,3640.0,291.3333333333333,205.0,4100.0,287.0,5.0,-310.0,-2.0,-6.666666666666714,-30.0,-440.0,-38.00000000000003,4.6010532407407405,5,210.0,3750.0,279.4444444444444,18.0,230.0,291.3333333333333,-10.0,-590.0,-27.0,200.0
2018-03-31 09:33:05,2018-03-31,Bent Over Row (Dumbbell),3,33,3300.0,100.0,100.0,136.66666666666666,11,170.0,5780.0,34.0,238.0,3.0,230.0,5060.0,322.0,110.0,3520.0,154.0,-70.0,-2480.0,-1.0,-101.33333333333334,-130.0,-1760.0,-185.33333333333334,3.551759259259259,31,170.0,4786.666666666667,238.0,29.333333333333332,230.0,322.0,60.0,2260.0,84.0,100.0
2018-03-31 09:33:05,2018-03-31,Curl Dumbbell,1,12,600.0,50.0,50.0,70.0,12,50.0,1350.0,32.0,61.66666666666667,3.0,40.0,1560.0,60.0,0.0,0.0,0.0,0.0,-750.0,-20.0,8.333333333333329,10.0,-960.0,10.0,34.54240740740741,2,45.0,1455.0,60.833333333333336,35.5,50.0,61.66666666666667,0.0,0.0,0.0,50.0
2018-03-31 09:33:05,2018-03-31,Face pull,2,24,1440.0,60.0,60.0,84.0,12,70.0,1690.0,26.0,100.33333333333331,2.0,60.0,1440.0,84.0,60.0,2160.0,96.0,-10.0,-250.0,-2.0,-16.333333333333314,0.0,0.0,0.0,3.551759259259259,15,63.333333333333336,1763.3333333333333,93.44444444444444,28.666666666666668,70.0,100.33333333333331,10.0,-470.0,4.333333333333314,60.0
2018-03-31 09:33:05,2018-03-31,Hammer Curl (Dumbbell ),1,12,600.0,50.0,50.0,70.0,12,50.0,1350.0,27.0,75.0,2.0,50.0,1350.0,75.0,60.0,1440.0,84.0,0.0,-750.0,-15.0,-5.0,0.0,-750.0,-5.0,59.696469907407405,33,53.333333333333336,1380.0,78.0,26.0,60.0,84.0,-10.0,-90.0,-9.0,50.0
2018-03-31 09:33:05,2018-03-31,Neutral Chin,2,19,475.0,25.0,25.0,33.33333333333333,10,0.0,0.0,30.0,0.0,3.0,0.0,0.0,0.0,0.0,0.0,0.0,25.0,475.0,-11.0,33.33333333333333,25.0,475.0,33.33333333333333,19.72079861111111,10,0.0,0.0,0.0,18.666666666666668,0.0,0.0,0.0,0.0,0.0,25.0
2018-04-02 19:57:43,2018-04-02,Incline Bench Press (Barbell),5,36,8640.0,260.0,242.0,310.3333333333333,8,255.0,8430.0,34.0,310.3333333333333,5.0,245.0,7640.0,310.3333333333333,225.0,5400.0,277.5,5.0,210.0,2.0,0.0,15.0,1000.0,0.0,9.170104166666667,95,241.66666666666666,7156.666666666667,299.38888888888886,30.0,255.0,310.3333333333333,30.0,3030.0,32.833333333333314,260.0
2018-04-02 19:57:43,2018-04-02,close grip Bench,4,32,7120.0,235.0,222.5,297.66666666666663,8,195.0,3900.0,20.0,260.0,2.0,240.0,4740.0,304.0,225.0,1800.0,285.0,40.0,3220.0,12.0,37.66666666666663,-5.0,2380.0,-6.333333333333371,44.170902777777776,4,220.0,3480.0,283.0,16.0,240.0,304.0,-30.0,2100.0,-25.0,235.0
2018-04-04 19:55:42,2018-04-04,Leg press (hinge ),3,30,15300.0,540.0,510.0,720.0,10,570.0,16800.0,30.0,760.0,3.0,550.0,22200.0,751.6666666666666,360.0,14400.0,480.0,-30.0,-1500.0,0.0,-40.0,-10.0,-6900.0,-31.66666666666663,10.033657407407407,66,493.3333333333333,17800.0,663.8888888888889,38.0,570.0,760.0,210.0,2400.0,280.0,540.0
2018-04-04 19:55:42,2018-04-04,Squat (Barbell),7,23,7400.0,365.0,320.7142857142857,401.50000000000006,4,355.0,7805.0,23.0,414.1666666666667,6.0,320.0,10375.0,373.33333333333337,335.0,10425.0,390.83333333333337,10.0,-405.0,0.0,-12.666666666666629,45.0,-2975.0,28.166666666666686,5.432604166666667,132,336.6666666666667,9535.0,392.7777777777778,33.666666666666664,355.0,414.1666666666667,20.0,-2620.0,23.333333333333314,365.0
2018-04-04 19:55:42,2018-04-04,high bar squat,2,13,2925.0,225.0,225.0,285.0,8,200.0,3200.0,16.0,253.3333333333333,2.0,195.0,3510.0,260.0,230.0,3640.0,291.3333333333333,25.0,-275.0,-3.0,31.666666666666714,30.0,-585.0,25.0,5.432604166666667,6,208.33333333333334,3450.0,268.22222222222223,16.666666666666668,230.0,291.3333333333333,-30.0,-440.0,-38.00000000000003,225.0
2018-04-04 19:55:42,2018-04-04,kettlebell Swings,2,20,1220.0,61.0,61.0,81.33333333333333,10,52.0,1872.0,36.0,72.8,3.0,72.0,1200.0,91.2,63.0,1410.0,84.0,9.0,-652.0,-16.0,8.533333333333331,-11.0,20.0,-9.866666666666674,13.959525462962963,5,62.333333333333336,1494.0,82.66666666666667,27.0,72.0,91.2,-11.0,462.0,-11.200000000000003,61.0
2018-04-05 18:23:43,2018-04-05,Curl Dumbbell,3,38,1900.0,50.0,50.0,73.33333333333334,14,50.0,600.0,12.0,70.0,1.0,50.0,1350.0,61.66666666666667,40.0,1560.0,60.0,0.0,1300.0,26.0,3.333333333333343,0.0,550.0,11.666666666666671,5.36849537037037,3,46.666666666666664,1170.0,63.88888888888889,27.666666666666668,50.0,70.0,10.0,-960.0,10.0,50.0
2018-04-05 18:23:43,2018-04-05,Hammer seated row (CLOSE GRIP),3,32,7360.0,230.0,230.0,322.0,12,235.0,5520.0,24.0,329.0,2.0,220.0,4400.0,293.3333333333333,230.0,8760.0,322.0,-5.0,1840.0,8.0,-7.0,10.0,2960.0,28.666666666666686,8.92025462962963,71,228.33333333333334,6226.666666666667,314.77777777777777,28.666666666666668,235.0,329.0,5.0,-3240.0,7.0,230.0
2018-04-05 18:23:43,2018-04-05,T-bar Row,3,30,3775.0,127.5,125.83333333333333,170.0,10,122.5,5675.0,50.0,163.33333333333331,5.0,125.0,6800.0,166.66666666666666,90.0,1440.0,114.0,5.0,-1900.0,-20.0,6.666666666666686,2.5,-3025.0,3.333333333333343,12.974421296296295,20,112.5,4638.333333333333,147.99999999999997,41.333333333333336,125.0,166.66666666666666,32.5,4235.0,49.333333333333314,127.5
2018-04-07 15:25:55,2018-04-07,Bench Press (Barbell),6,31,8135.0,295.0,260.0,342.0,6,285.0,7250.0,28.0,332.5,6.0,275.0,8625.0,339.1666666666667,275.0,7400.0,320.83333333333337,10.0,885.0,3.0,9.5,20.0,-490.0,2.8333333333333144,9.8371875,33,278.3333333333333,7758.333333333333,330.8333333333333,30.666666666666668,285.0,339.1666666666667,10.0,-150.0,11.666666666666629,295.0
2018-04-07 15:25:55,2018-04-07,Cable Fly,3,34,2040.0,60.0,60.0,84.0,12,46.0,1104.0,24.0,64.39999999999999,2.0,0.0,0.0,0.0,0.0,0.0,0.0,14.0,936.0,10.0,19.60000000000001,0.0,0.0,0.0,9.8371875,1,46.0,1104.0,64.39999999999999,24.0,46.0,64.39999999999999,0.0,0.0,0.0,60.0
2018-04-07 15:25:55,2018-04-07,Lateral Raise (Dumbbells),3,36,1800.0,50.0,50.0,70.0,12,40.0,1680.0,42.0,60.0,3.0,30.0,900.0,45.0,30.0,1350.0,45.0,10.0,120.0,-6.0,10.0,20.0,900.0,25.0,9.8371875,48,33.333333333333336,1310.0,50.0,39.0,40.0,60.0,10.0,330.0,15.0,50.0
2018-04-07 15:25:55,2018-04-07,Seated Shoulder Press (Barbell),3,24,5640.0,235.0,235.0,297.66666666666663,8,235.0,8485.0,39.0,291.3333333333333,5.0,230.0,7365.0,291.3333333333333,225.0,7200.0,285.0,0.0,-2845.0,-15.0,6.333333333333314,5.0,-1725.0,6.333333333333314,9.8371875,86,230.0,7683.333333333333,289.22222222222223,34.666666666666664,235.0,291.3333333333333,10.0,1285.0,6.333333333333314,235.0
2018-04-08 21:09:07,2018-04-08,Good Morning (Barbell),2,18,1800.0,100.0,100.0,130.0,9,115.0,1150.0,10.0,153.33333333333331,1.0,115.0,4700.0,153.33333333333331,105.0,1680.0,133.0,-15.0,650.0,8.0,-23.333333333333314,-15.0,-2900.0,-23.333333333333314,105.26392361111111,21,111.66666666666667,2510.0,146.55555555555554,23.333333333333332,115.0,153.33333333333331,10.0,-530.0,20.333333333333314,100.0
2018-04-08 21:09:07,2018-04-08,Leg outward fly,4,52,6760.0,130.0,130.0,190.66666666666669,14,120.0,4890.0,42.0,180.0,3.0,120.0,4360.0,168.0,130.0,5550.0,195.0,10.0,1870.0,10.0,10.666666666666686,10.0,2400.0,22.666666666666686,9.483587962962963,30,123.33333333333333,4933.333333333333,181.0,42.333333333333336,130.0,195.0,-10.0,-660.0,-15.0,130.0
2018-04-08 21:09:07,2018-04-08,Leg press (hinge ),4,40,21900.0,580.0,547.5,773.3333333333333,10,540.0,15300.0,30.0,720.0,3.0,570.0,16800.0,760.0,550.0,22200.0,751.6666666666666,40.0,6600.0,10.0,53.33333333333326,10.0,5100.0,13.333333333333258,4.050983796296296,67,553.3333333333334,18100.0,743.8888888888888,34.666666666666664,570.0,760.0,-10.0,-6900.0,-31.66666666666663,580.0
2018-04-08 21:09:07,2018-04-08,Squat (Barbell),8,38,11375.0,350.0,298.125,408.33333333333337,5,365.0,7400.0,23.0,401.50000000000006,7.0,355.0,7805.0,414.1666666666667,320.0,10375.0,373.33333333333337,-15.0,3975.0,15.0,6.833333333333314,-5.0,3570.0,-5.833333333333314,4.050983796296296,133,346.6666666666667,8526.666666666666,396.3333333333333,27.0,365.0,414.1666666666667,45.0,-2975.0,28.166666666666686,350.0
2018-04-08 21:09:07,2018-04-08,high bar squat,2,17,3910.0,230.0,230.0,299.0,9,225.0,2925.0,13.0,285.0,2.0,200.0,3200.0,253.3333333333333,195.0,3510.0,260.0,5.0,985.0,4.0,14.0,30.0,710.0,45.666666666666714,4.050983796296296,7,206.66666666666666,3211.6666666666665,266.1111111111111,15.666666666666666,225.0,285.0,30.0,-585.0,25.0,230.0
2018-04-09 19:45:00,2018-04-09,Bent Over Row (Dumbbell),3,30,3150.0,105.0,105.0,140.0,10,100.0,3300.0,33.0,136.66666666666666,3.0,170.0,5780.0,238.0,230.0,5060.0,322.0,5.0,-150.0,-3.0,3.333333333333343,-65.0,-2630.0,-98.0,9.42494212962963,32,166.66666666666666,4713.333333333333,232.2222222222222,29.666666666666668,230.0,322.0,-130.0,-1760.0,-185.33333333333334,105.0
2018-04-09 19:45:00,2018-04-09,Bicep Curl (Barbell),3,45,3150.0,70.0,70.0,105.0,15,60.0,2340.0,39.0,86.0,3.0,40.0,1800.0,60.0,50.0,1000.0,66.66666666666666,10.0,810.0,6.0,19.0,30.0,1350.0,45.0,12.97670138888889,74,50.0,1713.3333333333333,70.88888888888889,34.666666666666664,60.0,86.0,10.0,1340.0,19.333333333333343,70.0
2018-04-09 19:45:00,2018-04-09,Face pull,3,54,4320.0,80.0,80.0,128.0,18,60.0,1440.0,24.0,84.0,2.0,70.0,1690.0,100.33333333333331,60.0,1440.0,84.0,20.0,2880.0,30.0,44.0,10.0,2630.0,27.666666666666686,9.42494212962963,16,63.333333333333336,1523.3333333333333,89.44444444444444,24.666666666666668,70.0,100.33333333333331,0.0,0.0,0.0,80.0
2018-04-09 19:45:00,2018-04-09,Hammer High Row - 1 Arm,2,27,1815.0,70.0,67.5,98.0,15,110.0,2200.0,20.0,154.0,2.0,150.0,5280.0,210.0,95.0,2350.0,126.66666666666666,-40.0,-385.0,7.0,-56.0,-80.0,-3465.0,-112.0,65.24186342592593,3,118.33333333333333,3276.6666666666665,163.55555555555554,28.666666666666668,150.0,210.0,15.0,-150.0,27.333333333333343,70.0
2018-04-09 19:45:00,2018-04-09,Hammer seated row (CLOSE GRIP),2,22,5160.0,240.0,235.0,322.0,12,230.0,7360.0,32.0,322.0,3.0,235.0,5520.0,329.0,220.0,4400.0,293.3333333333333,10.0,-2200.0,-10.0,0.0,5.0,-360.0,-7.0,4.056446759259259,72,228.33333333333334,5760.0,314.77777777777777,25.333333333333332,235.0,329.0,10.0,2960.0,28.666666666666686,240.0
2018-04-11 19:13:54,2018-04-11,Incline Bench Press (Barbell),5,31,7800.0,255.0,252.0,316.66666666666663,8,260.0,8640.0,36.0,310.3333333333333,5.0,255.0,8430.0,310.3333333333333,245.0,7640.0,310.3333333333333,-5.0,-840.0,-5.0,6.333333333333314,0.0,-630.0,6.333333333333314,8.96957175925926,96,253.33333333333334,8236.666666666666,310.3333333333333,34.0,260.0,310.3333333333333,15.0,1000.0,0.0,255.0
2018-04-11 19:13:54,2018-04-11,Incline Press (Dumbbell),1,12,2160.0,180.0,180.0,252.0,12,150.0,3600.0,24.0,210.0,2.0,170.0,3630.0,232.33333333333331,190.0,3800.0,253.3333333333333,30.0,-1440.0,-12.0,42.0,10.0,-1470.0,19.666666666666686,18.139675925925925,41,170.0,3676.6666666666665,231.88888888888889,22.0,190.0,253.3333333333333,-40.0,-200.0,-43.333333333333286,180.0
2018-04-11 19:13:54,2018-04-11,Low Incline Dumbbell Bench,2,20,3600.0,180.0,180.0,240.0,10,180.0,1980.0,11.0,246.0,1.0,190.0,3770.0,259.6666666666667,180.0,3700.0,252.0,0.0,1620.0,9.0,-6.0,-10.0,-170.0,-19.666666666666686,25.90795138888889,4,183.33333333333334,3150.0,252.55555555555557,19.0,190.0,259.6666666666667,0.0,-1720.0,-6.0,180.0
2018-04-12 22:42:10,2018-04-12,Leg curl,1,10,1250.0,125.0,125.0,166.66666666666666,10,120.0,2540.0,22.0,168.0,2.0,135.0,2650.0,180.0,120.0,2400.0,160.0,5.0,-1290.0,-12.0,-1.3333333333333428,-10.0,-1400.0,-13.333333333333343,81.07541666666667,30,125.0,2530.0,169.33333333333334,20.666666666666668,135.0,180.0,0.0,140.0,8.0,125.0
2018-04-12 22:42:10,2018-04-12,Leg outward fly,3,41,5740.0,140.0,140.0,210.0,15,130.0,6760.0,52.0,190.66666666666669,4.0,120.0,4890.0,180.0,120.0,4360.0,168.0,10.0,-1020.0,-11.0,19.333333333333314,20.0,850.0,30.0,4.064618055555556,31,123.33333333333333,5336.666666666667,179.55555555555557,44.666666666666664,130.0,190.66666666666669,10.0,2400.0,22.666666666666686,140.0
2018-04-12 22:42:10,2018-04-12,Leg press (hinge ),3,33,19140.0,580.0,580.0,812.0,12,580.0,21900.0,40.0,773.3333333333333,4.0,540.0,15300.0,720.0,570.0,16800.0,760.0,0.0,-2760.0,-7.0,38.66666666666674,40.0,3840.0,92.0,4.064618055555556,68,563.3333333333334,18000.0,751.111111111111,33.333333333333336,580.0,773.3333333333333,10.0,5100.0,13.333333333333258,580.0
2018-04-12 22:42:10,2018-04-12,Squat (Barbell),7,30,9860.0,370.0,327.14285714285717,431.6666666666667,5,350.0,11375.0,38.0,408.33333333333337,8.0,365.0,7400.0,401.50000000000006,355.0,7805.0,414.1666666666667,20.0,-1515.0,-8.0,23.333333333333314,5.0,2460.0,30.16666666666663,4.064618055555556,134,356.6666666666667,8860.0,408.0,28.0,365.0,414.1666666666667,-5.0,3570.0,-5.833333333333314,370.0
2018-04-12 22:42:10,2018-04-12,high bar squat,3,22,5170.0,235.0,235.0,297.66666666666663,8,230.0,3910.0,17.0,299.0,2.0,225.0,2925.0,285.0,200.0,3200.0,253.3333333333333,5.0,1260.0,5.0,-1.3333333333333712,10.0,2245.0,12.666666666666629,4.064618055555556,8,218.33333333333334,3345.0,279.1111111111111,15.333333333333334,230.0,299.0,30.0,710.0,45.666666666666714,235.0
2018-04-13 18:13:39,2018-04-13,Bent Over Row (Dumbbell),3,30,6600.0,220.0,220.0,293.3333333333333,10,105.0,3150.0,30.0,140.0,3.0,100.0,3300.0,136.66666666666666,170.0,5780.0,238.0,115.0,3450.0,0.0,153.33333333333331,120.0,3300.0,156.66666666666666,3.9365625,33,125.0,4076.6666666666665,171.55555555555554,32.333333333333336,170.0,238.0,-65.0,-2630.0,-98.0,220.0
2018-04-13 18:13:39,2018-04-13,T-bar Row,4,36,3800.0,125.0,107.5,158.33333333333331,10,127.5,3775.0,30.0,170.0,3.0,122.5,5675.0,163.33333333333331,125.0,6800.0,166.66666666666666,-2.5,25.0,6.0,-11.666666666666686,2.5,-1875.0,-5.0,7.993009259259259,21,125.0,5416.666666666667,166.66666666666666,46.0,127.5,170.0,2.5,-3025.0,3.333333333333343,125.0
2018-04-15 17:37:42,2018-04-15,Bench Press (Barbell),4,23,6310.0,290.0,278.75,338.33333333333337,8,295.0,8135.0,31.0,342.0,6.0,285.0,7250.0,332.5,275.0,8625.0,339.1666666666667,-5.0,-1825.0,-8.0,-3.6666666666666288,5.0,-940.0,5.833333333333371,8.091516203703703,34,285.0,8003.333333333333,337.8888888888889,31.0,295.0,342.0,20.0,-490.0,2.8333333333333144,290.0
2018-04-15 17:37:42,2018-04-15,Lateral Raise (Dumbbells),3,36,1680.0,50.0,46.666666666666664,70.0,12,50.0,1800.0,36.0,70.0,3.0,40.0,1680.0,60.0,30.0,900.0,45.0,0.0,-120.0,0.0,0.0,10.0,0.0,10.0,8.091516203703703,49,40.0,1460.0,58.333333333333336,36.0,50.0,70.0,20.0,900.0,25.0,50.0
2018-04-15 17:37:42,2018-04-15,Seated Shoulder Press (Barbell),4,24,5760.0,240.0,240.0,288.0,6,235.0,5640.0,24.0,297.66666666666663,3.0,235.0,8485.0,291.3333333333333,230.0,7365.0,291.3333333333333,5.0,120.0,0.0,-9.666666666666629,5.0,-2725.0,-3.3333333333333144,8.091516203703703,87,233.33333333333334,7163.333333333333,293.4444444444444,32.0,235.0,297.66666666666663,5.0,-1725.0,6.333333333333314,240.0
2018-04-15 17:37:42,2018-04-15,Tricep pushdown,3,36,2880.0,80.0,80.0,112.0,12,90.0,3660.0,42.0,135.0,3.0,90.0,2280.0,126.0,60.0,1440.0,84.0,-10.0,-780.0,-6.0,-23.0,-10.0,600.0,-14.0,17.928703703703704,19,80.0,2460.0,115.0,31.0,90.0,135.0,30.0,2220.0,51.0,80.0
2018-04-17 20:11:36,2018-04-17,Leg outward fly,4,60,8100.0,140.0,135.0,210.0,15,140.0,5740.0,41.0,210.0,3.0,130.0,6760.0,190.66666666666669,120.0,4890.0,180.0,0.0,2360.0,19.0,0.0,10.0,1340.0,19.333333333333314,4.895439814814814,32,130.0,5796.666666666667,193.55555555555557,45.0,140.0,210.0,20.0,850.0,30.0,140.0
2018-04-17 20:11:36,2018-04-17,Leg press (hinge ),3,30,18000.0,600.0,600.0,800.0,10,580.0,19140.0,33.0,812.0,3.0,580.0,21900.0,773.3333333333333,540.0,15300.0,720.0,20.0,-1140.0,-3.0,-12.0,20.0,-3900.0,26.666666666666742,4.895439814814814,69,566.6666666666666,18780.0,768.4444444444443,34.333333333333336,580.0,812.0,40.0,3840.0,92.0,600.0
2018-04-17 20:11:36,2018-04-17,Squat (Barbell),7,29,10240.0,365.0,344.2857142857143,425.83333333333337,5,370.0,9860.0,30.0,431.6666666666667,7.0,350.0,11375.0,408.33333333333337,365.0,7400.0,401.50000000000006,-5.0,380.0,-1.0,-5.833333333333314,15.0,-1135.0,17.5,4.895439814814814,135,361.6666666666667,9545.0,413.8333333333333,30.333333333333332,370.0,431.6666666666667,5.0,2460.0,30.16666666666663,365.0
2018-04-17 20:11:36,2018-04-17,high bar squat,2,16,3840.0,240.0,240.0,304.0,8,235.0,5170.0,22.0,297.66666666666663,3.0,230.0,3910.0,299.0,225.0,2925.0,285.0,5.0,-1330.0,-6.0,6.333333333333371,10.0,-70.0,5.0,4.895439814814814,9,230.0,4001.6666666666665,293.88888888888886,17.333333333333332,235.0,299.0,10.0,2245.0,12.666666666666629,240.0
2018-04-18 19:46:01,2018-04-18,Incline Bench Press (Barbell),5,26,6790.0,265.0,261.0,318.0,6,255.0,7800.0,31.0,316.66666666666663,5.0,260.0,8640.0,310.3333333333333,255.0,8430.0,310.3333333333333,10.0,-1010.0,-5.0,1.3333333333333712,5.0,-1850.0,7.666666666666686,7.022303240740741,97,256.6666666666667,8290.0,312.4444444444444,33.666666666666664,260.0,316.66666666666663,0.0,-630.0,6.333333333333314,265.0
2018-04-18 19:46:01,2018-04-18,Lateral Raise (Dumbbells),3,39,1560.0,40.0,40.0,60.0,15,50.0,1680.0,36.0,70.0,3.0,50.0,1800.0,70.0,40.0,1680.0,60.0,-10.0,-120.0,3.0,-10.0,-10.0,-240.0,-10.0,3.0891087962962964,50,46.666666666666664,1720.0,66.66666666666667,38.0,50.0,70.0,10.0,0.0,10.0,40.0
2018-04-18 19:46:01,2018-04-18,Low Incline Dumbbell Bench,2,22,3960.0,180.0,180.0,252.0,12,180.0,3600.0,20.0,240.0,2.0,180.0,1980.0,246.0,190.0,3770.0,259.6666666666667,0.0,360.0,2.0,12.0,0.0,1980.0,6.0,7.022303240740741,5,183.33333333333334,3116.6666666666665,248.55555555555557,18.0,190.0,259.6666666666667,-10.0,-170.0,-19.666666666666686,180.0
2018-04-18 19:46:01,2018-04-18,Seated Shoulder Press (Dumbbell),1,10,1200.0,120.0,120.0,160.0,10,55.0,1550.0,30.0,73.33333333333333,3.0,170.0,5580.0,215.3333333333333,80.0,800.0,106.66666666666666,65.0,-350.0,-20.0,86.66666666666667,-50.0,-4380.0,-55.333333333333286,64.46600694444444,13,101.66666666666667,2643.3333333333335,131.77777777777774,24.666666666666668,170.0,215.3333333333333,-25.0,750.0,-33.33333333333333,120.0
2018-04-19 19:18:40,2018-04-19,Bent Over Row (Dumbbell),3,31,6820.0,220.0,220.0,300.6666666666667,11,220.0,6600.0,30.0,293.3333333333333,3.0,105.0,3150.0,140.0,100.0,3300.0,136.66666666666666,0.0,220.0,1.0,7.333333333333371,115.0,3670.0,160.66666666666669,6.045150462962963,34,141.66666666666666,4350.0,190.0,31.0,220.0,293.3333333333333,120.0,3300.0,156.66666666666666,220.0
2018-04-19 19:18:40,2018-04-19,Face pull,4,57,4380.0,90.0,75.0,135.0,15,80.0,4320.0,54.0,128.0,3.0,60.0,1440.0,84.0,70.0,1690.0,100.33333333333331,10.0,60.0,3.0,7.0,30.0,2940.0,51.0,9.981712962962963,17,70.0,2483.3333333333335,104.1111111111111,34.666666666666664,80.0,128.0,10.0,2630.0,27.666666666666686,90.0
2018-04-19 19:18:40,2018-04-19,Hammer High Row - 1 Arm,3,34,2550.0,75.0,75.0,107.5,13,70.0,1815.0,27.0,98.0,2.0,110.0,2200.0,154.0,150.0,5280.0,210.0,5.0,735.0,7.0,9.5,-35.0,350.0,-46.5,9.981712962962963,4,110.0,3098.3333333333335,154.0,27.666666666666668,150.0,210.0,-80.0,-3465.0,-112.0,75.0
2018-04-19 19:18:40,2018-04-19,T-bar Row,3,36,3420.0,95.0,95.0,133.0,12,125.0,3800.0,36.0,158.33333333333331,4.0,127.5,3775.0,170.0,122.5,5675.0,163.33333333333331,-30.0,-380.0,0.0,-25.333333333333314,-32.5,-355.0,-37.0,6.045150462962963,22,125.0,4416.666666666667,163.88888888888889,38.666666666666664,127.5,170.0,2.5,-1875.0,-5.0,95.0
2018-04-21 18:34:47,2018-04-21,Leg outward fly,4,54,7140.0,140.0,132.5,210.0,15,140.0,8100.0,60.0,210.0,4.0,140.0,5740.0,210.0,130.0,6760.0,190.66666666666669,0.0,-960.0,-6.0,0.0,0.0,1400.0,0.0,3.9327662037037037,33,136.66666666666666,6866.666666666667,203.55555555555557,51.0,140.0,210.0,10.0,1340.0,19.333333333333314,140.0
2018-04-21 18:34:47,2018-04-21,Leg press (hinge ),4,40,24200.0,610.0,605.0,813.3333333333333,10,600.0,18000.0,30.0,800.0,3.0,580.0,19140.0,812.0,580.0,21900.0,773.3333333333333,10.0,6200.0,10.0,13.333333333333258,30.0,5060.0,1.3333333333332575,3.9327662037037037,70,586.6666666666666,19680.0,795.111111111111,34.333333333333336,600.0,812.0,20.0,-3900.0,26.666666666666742,610.0
2018-04-21 18:34:47,2018-04-21,Squat (Barbell),7,22,7835.0,405.0,360.0,445.50000000000006,4,365.0,10240.0,29.0,425.83333333333337,7.0,370.0,9860.0,431.6666666666667,350.0,11375.0,408.33333333333337,40.0,-2405.0,-7.0,19.666666666666686,35.0,-2025.0,13.833333333333371,3.9327662037037037,136,361.6666666666667,10491.666666666666,421.9444444444445,32.333333333333336,370.0,431.6666666666667,15.0,-1135.0,17.5,405.0
2018-04-21 18:34:47,2018-04-21,high bar squat,4,24,5880.0,245.0,245.0,310.3333333333333,8,240.0,3840.0,16.0,304.0,2.0,235.0,5170.0,297.66666666666663,230.0,3910.0,299.0,5.0,2040.0,8.0,6.333333333333314,10.0,710.0,12.666666666666686,3.9327662037037037,10,235.0,4306.666666666667,300.22222222222223,18.333333333333332,240.0,304.0,10.0,-70.0,5.0,245.0
2018-04-22 14:53:47,2018-04-22,Bench Press (Barbell),5,30,8175.0,295.0,277.0,344.1666666666667,8,290.0,6310.0,23.0,338.33333333333337,4.0,295.0,8135.0,342.0,285.0,7250.0,332.5,5.0,1865.0,7.0,5.833333333333314,0.0,40.0,2.1666666666666856,6.8861689814814815,35,290.0,7231.666666666667,337.6111111111111,27.333333333333332,295.0,342.0,5.0,-940.0,5.833333333333371,295.0
2018-04-22 14:53:47,2018-04-22,Lateral Raise (Dumbbells),3,45,1800.0,40.0,40.0,60.0,15,40.0,1560.0,39.0,60.0,3.0,50.0,1680.0,70.0,50.0,1800.0,70.0,0.0,240.0,6.0,0.0,-10.0,120.0,-10.0,3.797060185185185,51,46.666666666666664,1680.0,66.66666666666667,37.0,50.0,70.0,-10.0,-240.0,-10.0,40.0
2018-04-22 14:53:47,2018-04-22,Seated Shoulder Press (Barbell),4,26,6240.0,240.0,240.0,296.0,7,240.0,5760.0,24.0,288.0,4.0,235.0,5640.0,297.66666666666663,235.0,8485.0,291.3333333333333,0.0,480.0,2.0,8.0,5.0,600.0,-1.6666666666666288,6.8861689814814815,88,236.66666666666666,6628.333333333333,292.3333333333333,29.0,240.0,297.66666666666663,5.0,-2725.0,-3.3333333333333144,240.0
2018-04-22 14:53:47,2018-04-22,Tricep pushdown,2,30,2400.0,80.0,80.0,120.0,15,80.0,2880.0,36.0,112.0,3.0,90.0,3660.0,135.0,90.0,2280.0,126.0,0.0,-480.0,-6.0,8.0,-10.0,-1260.0,-15.0,6.8861689814814815,20,86.66666666666667,2940.0,124.33333333333333,35.0,90.0,135.0,-10.0,600.0,-14.0,80.0
2018-04-23 19:27:26,2018-04-23,Bent Over Row (Dumbbell),2,22,4400.0,200.0,200.0,280.0,12,220.0,6820.0,31.0,300.6666666666667,3.0,220.0,6600.0,293.3333333333333,105.0,3150.0,140.0,-20.0,-2420.0,-9.0,-20.666666666666686,-20.0,-2200.0,-13.333333333333314,4.006087962962963,35,181.66666666666666,5523.333333333333,244.66666666666666,30.333333333333332,220.0,300.6666666666667,115.0,3670.0,160.66666666666669,200.0
2018-04-23 19:27:26,2018-04-23,Hammer High Row - 1 Arm,2,26,2080.0,80.0,80.0,114.66666666666669,13,75.0,2550.0,34.0,107.5,3.0,70.0,1815.0,98.0,110.0,2200.0,154.0,5.0,-470.0,-8.0,7.166666666666686,10.0,265.0,16.666666666666686,4.006087962962963,5,85.0,2188.3333333333335,119.83333333333333,27.0,110.0,154.0,-35.0,350.0,-46.5,80.0
2018-04-23 19:27:26,2018-04-23,Rear delt fly,3,34,2960.0,90.0,86.66666666666667,126.0,12,90.0,4050.0,45.0,135.0,3.0,80.0,1920.0,112.0,110.0,2060.0,146.66666666666666,0.0,-1090.0,-11.0,-9.0,10.0,1040.0,14.0,107.30891203703703,68,93.33333333333333,2676.6666666666665,131.2222222222222,30.333333333333332,110.0,146.66666666666666,-20.0,1990.0,-11.666666666666657,90.0
2018-04-23 19:27:26,2018-04-23,T-bar Row,4,48,4800.0,100.0,100.0,140.0,12,95.0,3420.0,36.0,133.0,3.0,125.0,3800.0,158.33333333333331,127.5,3775.0,170.0,5.0,1380.0,12.0,7.0,-25.0,1000.0,-18.333333333333314,4.006087962962963,23,115.83333333333333,3665.0,153.77777777777777,34.0,127.5,170.0,-32.5,-355.0,-37.0,100.0
2018-04-25 20:05:29,2018-04-25,Leg press (hinge ),5,69,22950.0,450.0,342.0,630.0,15,610.0,24200.0,40.0,813.3333333333333,4.0,600.0,18000.0,800.0,580.0,19140.0,812.0,-160.0,-1250.0,29.0,-183.33333333333326,-150.0,4950.0,-170.0,4.062986111111111,71,596.6666666666666,20446.666666666668,808.4444444444443,34.333333333333336,610.0,813.3333333333333,30.0,5060.0,1.3333333333332575,450.0
2018-04-25 20:05:29,2018-04-25,Squat (Barbell),5,23,8150.0,370.0,348.0,431.6666666666667,5,405.0,7835.0,22.0,445.50000000000006,7.0,365.0,10240.0,425.83333333333337,370.0,9860.0,431.6666666666667,-35.0,315.0,1.0,-13.833333333333371,5.0,-2090.0,5.833333333333314,4.062986111111111,137,380.0,9311.666666666666,434.3333333333333,27.0,405.0,445.50000000000006,35.0,-2025.0,13.833333333333371,370.0
2018-04-26 19:49:59,2018-04-26,Incline Bench Press (Barbell),6,30,7625.0,270.0,254.16666666666666,315.0,5,265.0,6790.0,26.0,318.0,5.0,255.0,7800.0,316.66666666666663,260.0,8640.0,310.3333333333333,5.0,835.0,4.0,-3.0,15.0,-175.0,-1.6666666666666288,8.00275462962963,98,260.0,7743.333333333333,315.0,31.0,265.0,318.0,5.0,-1850.0,7.666666666666686,270.0
2018-04-26 19:49:59,2018-04-26,Incline Press (Dumbbell),2,20,3800.0,190.0,190.0,253.3333333333333,10,180.0,2160.0,12.0,252.0,1.0,150.0,3600.0,210.0,170.0,3630.0,232.33333333333331,10.0,1640.0,8.0,1.333333333333286,40.0,200.0,43.333333333333286,15.02505787037037,42,166.66666666666666,3130.0,231.44444444444446,19.333333333333332,180.0,252.0,10.0,-1470.0,19.666666666666686,190.0
2018-04-26 19:49:59,2018-04-26,Lateral Raise (Dumbbells),3,34,1500.0,50.0,43.333333333333336,70.0,12,40.0,1800.0,45.0,60.0,3.0,40.0,1560.0,60.0,50.0,1680.0,70.0,10.0,-300.0,-11.0,10.0,10.0,-60.0,10.0,4.205694444444444,52,43.333333333333336,1680.0,63.333333333333336,40.0,50.0,70.0,-10.0,120.0,-10.0,50.0
2018-04-26 19:49:59,2018-04-26,Low Incline Dumbbell Bench,1,10,1900.0,190.0,190.0,253.3333333333333,10,180.0,3960.0,22.0,252.0,2.0,180.0,3600.0,240.0,180.0,1980.0,246.0,10.0,-2060.0,-12.0,1.333333333333286,10.0,-1700.0,13.333333333333286,8.00275462962963,6,180.0,3180.0,246.0,17.666666666666668,180.0,252.0,0.0,1980.0,6.0,190.0
2018-04-26 19:49:59,2018-04-26,Tricep pushdown,2,30,2250.0,80.0,75.0,120.0,15,80.0,2400.0,30.0,120.0,2.0,80.0,2880.0,112.0,90.0,3660.0,135.0,0.0,-150.0,0.0,0.0,0.0,-630.0,8.0,4.205694444444444,21,83.33333333333333,2980.0,122.33333333333333,36.0,90.0,135.0,-10.0,-1260.0,-15.0,80.0
2018-04-27 18:58:27,2018-04-27,T-bar Row,4,46,5040.0,115.0,108.75,161.0,12,100.0,4800.0,48.0,140.0,4.0,95.0,3420.0,133.0,125.0,3800.0,158.33333333333331,15.0,240.0,-2.0,21.0,20.0,1620.0,28.0,3.9798726851851853,24,106.66666666666667,4006.6666666666665,143.77777777777777,40.0,125.0,158.33333333333331,-25.0,1000.0,-18.333333333333314,115.0
2018-04-30 20:03:47,2018-04-30,Bench Press (Barbell),7,39,10125.0,305.0,259.2857142857143,355.83333333333337,8,295.0,8175.0,30.0,344.1666666666667,5.0,290.0,6310.0,338.33333333333337,295.0,8135.0,342.0,10.0,1950.0,9.0,11.666666666666686,15.0,3815.0,17.5,8.215277777777779,36,293.3333333333333,7540.0,341.5,28.0,295.0,344.1666666666667,0.0,40.0,2.1666666666666856,305.0
2018-04-30 20:03:47,2018-04-30,Lateral Raise (Dumbbells),2,27,1350.0,50.0,50.0,75.0,15,50.0,1500.0,34.0,70.0,3.0,40.0,1800.0,60.0,40.0,1560.0,60.0,0.0,-150.0,-7.0,5.0,10.0,-450.0,15.0,4.0095833333333335,53,43.333333333333336,1620.0,63.333333333333336,39.333333333333336,50.0,70.0,10.0,-60.0,10.0,50.0
2018-04-30 20:03:47,2018-04-30,Seated Shoulder Press (Barbell),4,23,5550.0,245.0,241.25,294.0,6,240.0,6240.0,26.0,296.0,4.0,240.0,5760.0,288.0,235.0,5640.0,297.66666666666663,5.0,-690.0,-3.0,-2.0,5.0,-210.0,6.0,8.215277777777779,89,238.33333333333334,5880.0,293.88888888888886,24.666666666666668,240.0,297.66666666666663,5.0,600.0,-1.6666666666666288,245.0
2018-04-30 20:03:47,2018-04-30,Tricep pushdown,3,45,3600.0,80.0,80.0,120.0,15,80.0,2250.0,30.0,120.0,2.0,80.0,2400.0,120.0,80.0,2880.0,112.0,0.0,1350.0,15.0,0.0,0.0,1200.0,0.0,4.0095833333333335,22,80.0,2510.0,117.33333333333333,32.0,80.0,120.0,0.0,-630.0,8.0,80.0
2018-05-01 19:35:12,2018-05-01,Bent Over Row (Dumbbell),3,30,6300.0,210.0,210.0,280.0,10,200.0,4400.0,22.0,280.0,2.0,220.0,6820.0,300.6666666666667,220.0,6600.0,293.3333333333333,10.0,1900.0,8.0,0.0,-10.0,-520.0,-20.666666666666686,8.005393518518519,36,213.33333333333334,5940.0,291.3333333333333,27.666666666666668,220.0,300.6666666666667,-20.0,-2200.0,-13.333333333333314,210.0
2018-05-01 19:35:12,2018-05-01,T-bar Row,2,21,2100.0,100.0,100.0,136.66666666666666,11,115.0,5040.0,46.0,161.0,4.0,100.0,4800.0,140.0,95.0,3420.0,133.0,-15.0,-2940.0,-25.0,-24.333333333333343,0.0,-2700.0,-3.333333333333343,4.025520833333333,25,103.33333333333333,4420.0,144.66666666666666,43.333333333333336,115.0,161.0,20.0,1620.0,28.0,100.0
2018-05-03 19:55:13,2018-05-03,Squat (Barbell),6,27,8225.0,345.0,301.6666666666667,402.5,5,370.0,8150.0,23.0,431.6666666666667,5.0,405.0,7835.0,445.50000000000006,365.0,10240.0,425.83333333333337,-25.0,75.0,4.0,-29.166666666666686,-60.0,390.0,-43.00000000000006,7.992870370370371,138,380.0,8741.666666666666,434.3333333333333,24.666666666666668,405.0,445.50000000000006,5.0,-2090.0,5.833333333333314,345.0
2018-05-03 19:55:13,2018-05-03,high bar squat,3,22,5170.0,235.0,235.0,297.66666666666663,8,245.0,5880.0,24.0,310.3333333333333,4.0,240.0,3840.0,304.0,235.0,5170.0,297.66666666666663,-10.0,-710.0,-2.0,-12.666666666666686,-5.0,1330.0,-6.333333333333371,12.05585648148148,11,240.0,4963.333333333333,304.0,20.666666666666668,245.0,310.3333333333333,10.0,710.0,12.666666666666686,235.0
2018-05-04 18:53:04,2018-05-04,Incline Bench Press (Barbell),5,28,7265.0,275.0,263.0,320.83333333333337,8,270.0,7625.0,30.0,315.0,6.0,265.0,6790.0,318.0,255.0,7800.0,316.66666666666663,5.0,-360.0,-2.0,5.833333333333371,10.0,475.0,2.8333333333333712,7.960474537037037,99,263.3333333333333,7405.0,316.5555555555556,29.0,270.0,318.0,15.0,-175.0,-1.6666666666666288,275.0
2018-05-04 18:53:04,2018-05-04,Incline Press (Dumbbell),1,12,1800.0,150.0,150.0,210.0,12,190.0,3800.0,20.0,253.3333333333333,2.0,180.0,2160.0,252.0,150.0,3600.0,210.0,-40.0,-2000.0,-8.0,-43.333333333333286,-30.0,-360.0,-42.0,7.960474537037037,43,173.33333333333334,3186.6666666666665,238.44444444444443,18.666666666666668,190.0,253.3333333333333,40.0,200.0,43.333333333333286,150.0
2018-05-04 18:53:04,2018-05-04,Low Incline Dumbbell Bench,2,20,4000.0,200.0,200.0,266.66666666666663,10,190.0,1900.0,10.0,253.3333333333333,1.0,180.0,3960.0,252.0,180.0,3600.0,240.0,10.0,2100.0,10.0,13.333333333333343,20.0,40.0,14.666666666666629,7.960474537037037,7,183.33333333333334,3153.3333333333335,248.44444444444443,17.333333333333332,190.0,253.3333333333333,10.0,-1700.0,13.333333333333286,200.0
2018-05-04 18:53:04,2018-05-04,Tricep pushdown,3,36,3240.0,90.0,90.0,126.0,12,80.0,3600.0,45.0,120.0,3.0,80.0,2250.0,120.0,80.0,2400.0,120.0,10.0,-360.0,-9.0,6.0,10.0,990.0,6.0,3.9508912037037036,23,80.0,2750.0,120.0,35.0,80.0,120.0,0.0,1200.0,0.0,90.0
2018-05-05 18:08:15,2018-05-05,Face pull,4,60,5100.0,90.0,85.0,135.0,15,90.0,4380.0,57.0,135.0,4.0,80.0,4320.0,128.0,60.0,1440.0,84.0,0.0,720.0,3.0,0.0,10.0,780.0,7.0,15.951099537037036,18,76.66666666666667,3380.0,115.66666666666667,45.0,90.0,135.0,30.0,2940.0,51.0,90.0
2018-05-05 18:08:15,2018-05-05,Hammer High Row - 1 Arm,2,24,2160.0,90.0,90.0,126.0,12,80.0,2080.0,26.0,114.66666666666669,2.0,75.0,2550.0,107.5,70.0,1815.0,98.0,10.0,80.0,-2.0,11.333333333333314,15.0,-390.0,18.5,11.945011574074075,6,75.0,2148.3333333333335,106.72222222222223,29.0,80.0,114.66666666666669,10.0,265.0,16.666666666666686,90.0
2018-05-05 18:08:15,2018-05-05,Neutral Chin,1,8,80.0,10.0,10.0,12.666666666666666,8,25.0,475.0,19.0,33.33333333333333,2.0,0.0,0.0,0.0,0.0,0.0,0.0,-15.0,-395.0,-11.0,-20.666666666666664,10.0,80.0,12.666666666666666,35.35775462962963,11,8.333333333333334,158.33333333333334,11.111111111111109,22.333333333333332,25.0,33.33333333333333,25.0,475.0,33.33333333333333,10.0
2018-05-05 18:08:15,2018-05-05,Seated Cable Row (close Grip),4,48,8160.0,170.0,170.0,238.0,12,150.0,3600.0,24.0,210.0,2.0,140.0,5040.0,196.0,140.0,3080.0,196.0,20.0,4560.0,24.0,28.0,30.0,3120.0,42.0,42.963680555555555,57,143.33333333333334,3906.6666666666665,200.66666666666666,27.333333333333332,150.0,210.0,10.0,520.0,14.0,170.0
2018-05-07 20:09:19,2018-05-07,Leg curl,3,30,3900.0,130.0,130.0,173.33333333333331,10,125.0,1250.0,10.0,166.66666666666666,1.0,120.0,2540.0,168.0,135.0,2650.0,180.0,5.0,2650.0,20.0,6.666666666666657,10.0,1360.0,5.333333333333314,24.893854166666667,31,126.66666666666667,2146.6666666666665,171.55555555555557,17.333333333333332,135.0,180.0,-10.0,-1400.0,-13.333333333333343,130.0
2018-05-07 20:09:19,2018-05-07,Leg press (hinge ),6,66,32400.0,540.0,495.0,720.0,12,450.0,22950.0,69.0,630.0,5.0,610.0,24200.0,813.3333333333333,600.0,18000.0,800.0,90.0,9450.0,-3.0,90.0,-70.0,8200.0,-93.33333333333326,12.002662037037037,72,553.3333333333334,21716.666666666668,747.7777777777777,46.333333333333336,610.0,813.3333333333333,-150.0,4950.0,-170.0,540.0
2018-05-07 20:09:19,2018-05-07,Squat (Barbell),6,26,8410.0,385.0,331.6666666666667,425.83333333333337,5,345.0,8225.0,27.0,402.5,6.0,370.0,8150.0,431.6666666666667,405.0,7835.0,445.50000000000006,40.0,185.0,-1.0,23.33333333333337,15.0,260.0,-5.833333333333314,4.009791666666667,139,373.3333333333333,8070.0,426.5555555555556,24.0,405.0,445.50000000000006,-60.0,390.0,-43.00000000000006,385.0
2018-05-08 19:33:35,2018-05-08,Bench Press (Barbell),9,48,11890.0,305.0,245.0,355.83333333333337,10,305.0,10125.0,39.0,355.83333333333337,7.0,295.0,8175.0,344.1666666666667,290.0,6310.0,338.33333333333337,0.0,1765.0,9.0,0.0,10.0,3715.0,11.666666666666686,7.979027777777778,37,296.6666666666667,8203.333333333334,346.11111111111114,30.666666666666668,305.0,355.83333333333337,15.0,3815.0,17.5,305.0
2018-05-08 19:33:35,2018-05-08,Lateral Raise (Dumbbells),3,45,1800.0,40.0,40.0,60.0,15,50.0,1350.0,27.0,75.0,2.0,50.0,1500.0,70.0,40.0,1800.0,60.0,-10.0,450.0,18.0,-15.0,-10.0,300.0,-10.0,7.979027777777778,54,46.666666666666664,1550.0,68.33333333333333,35.333333333333336,50.0,75.0,10.0,-450.0,15.0,40.0
2018-05-08 19:33:35,2018-05-08,Seated Shoulder Press (Barbell),5,32,6800.0,245.0,219.0,294.0,8,245.0,5550.0,23.0,294.0,4.0,240.0,6240.0,296.0,240.0,5760.0,288.0,0.0,1250.0,9.0,0.0,5.0,560.0,-2.0,7.979027777777778,90,241.66666666666666,5850.0,292.6666666666667,24.333333333333332,245.0,296.0,5.0,-210.0,6.0,245.0
2018-05-08 19:33:35,2018-05-08,Tricep pushdown,2,24,3120.0,130.0,130.0,182.0,12,90.0,3240.0,36.0,126.0,3.0,80.0,3600.0,120.0,80.0,2250.0,120.0,40.0,-120.0,-12.0,56.0,50.0,-480.0,62.0,4.028136574074074,24,83.33333333333333,3030.0,122.0,37.0,90.0,126.0,10.0,990.0,6.0,130.0
2018-05-09 19:48:56,2018-05-09,Face pull,3,45,4050.0,90.0,90.0,135.0,15,90.0,5100.0,60.0,135.0,4.0,90.0,4380.0,135.0,80.0,4320.0,128.0,0.0,-1050.0,-15.0,0.0,0.0,-330.0,0.0,4.069918981481481,19,86.66666666666667,4600.0,132.66666666666666,57.0,90.0,135.0,10.0,780.0,7.0,90.0
2018-05-09 19:48:56,2018-05-09,Hammer seated row (CLOSE GRIP),2,24,2520.0,110.0,105.0,154.0,12,240.0,5160.0,22.0,322.0,2.0,230.0,7360.0,322.0,235.0,5520.0,329.0,-130.0,-2640.0,2.0,-168.0,-120.0,-4840.0,-168.0,30.002731481481483,73,235.0,6013.333333333333,324.3333333333333,26.0,240.0,329.0,5.0,-360.0,-7.0,110.0
2018-05-09 19:48:56,2018-05-09,T-bar Row,4,40,4350.0,115.0,108.75,153.33333333333331,10,100.0,2100.0,21.0,136.66666666666666,2.0,115.0,5040.0,161.0,100.0,4800.0,140.0,15.0,2250.0,19.0,16.666666666666657,0.0,-690.0,-7.666666666666686,8.009537037037036,26,105.0,3980.0,145.88888888888889,38.333333333333336,115.0,161.0,0.0,-2700.0,-3.333333333333343,115.0
2018-05-11 18:09:00,2018-05-11,Leg curl,3,27,3645.0,135.0,135.0,180.0,10,130.0,3900.0,30.0,173.33333333333331,3.0,125.0,1250.0,166.66666666666666,120.0,2540.0,168.0,5.0,-255.0,-3.0,6.666666666666686,10.0,2395.0,13.333333333333343,3.916446759259259,32,125.0,2563.3333333333335,169.33333333333334,20.666666666666668,130.0,173.33333333333331,10.0,1360.0,5.333333333333314,135.0
2018-05-11 18:09:00,2018-05-11,Leg outward fly,3,39,4800.0,130.0,123.33333333333333,182.0,15,140.0,7140.0,54.0,210.0,4.0,140.0,8100.0,210.0,140.0,5740.0,210.0,-10.0,-2340.0,-15.0,-28.0,-10.0,-3300.0,-28.0,19.982094907407408,34,140.0,6993.333333333333,210.0,51.666666666666664,140.0,210.0,0.0,1400.0,0.0,130.0
2018-05-11 18:09:00,2018-05-11,Leg press (hinge ),4,40,21000.0,550.0,525.0,733.3333333333333,10,540.0,32400.0,66.0,720.0,6.0,450.0,22950.0,630.0,610.0,24200.0,813.3333333333333,10.0,-11400.0,-26.0,13.333333333333258,100.0,-1950.0,103.33333333333326,3.916446759259259,73,533.3333333333334,26516.666666666668,721.111111111111,58.333333333333336,610.0,813.3333333333333,-70.0,8200.0,-93.33333333333326,550.0
2018-05-11 18:09:00,2018-05-11,Squat (Barbell),6,17,6325.0,405.0,366.6666666666667,445.50000000000006,3,385.0,8410.0,26.0,425.83333333333337,6.0,345.0,8225.0,402.5,370.0,8150.0,431.6666666666667,20.0,-2085.0,-9.0,19.666666666666686,60.0,-1900.0,43.00000000000006,3.916446759259259,140,366.6666666666667,8261.666666666666,420.0,25.333333333333332,385.0,431.6666666666667,15.0,260.0,-5.833333333333314,405.0
2018-05-11 18:09:00,2018-05-11,high bar squat,3,22,5210.0,240.0,236.66666666666666,304.0,8,235.0,5170.0,22.0,297.66666666666663,3.0,245.0,5880.0,310.3333333333333,240.0,3840.0,304.0,5.0,40.0,0.0,6.333333333333371,-5.0,-670.0,-6.333333333333314,7.926238425925926,12,240.0,4963.333333333333,304.0,20.666666666666668,245.0,310.3333333333333,-5.0,1330.0,-6.333333333333371,240.0
2018-05-12 14:13:47,2018-05-12,Incline Bench Press (Barbell),7,36,8944.0,275.0,244.71428571428572,320.83333333333337,10,275.0,7265.0,28.0,320.83333333333337,5.0,270.0,7625.0,315.0,265.0,6790.0,318.0,0.0,1679.0,8.0,0.0,5.0,1319.0,5.833333333333371,7.806053240740741,100,270.0,7226.666666666667,317.9444444444444,28.0,275.0,320.83333333333337,10.0,475.0,2.8333333333333712,275.0
2018-05-12 14:13:47,2018-05-12,Incline Press (Dumbbell),1,10,1400.0,140.0,140.0,186.66666666666663,10,150.0,1800.0,12.0,210.0,1.0,190.0,3800.0,253.3333333333333,180.0,2160.0,252.0,-10.0,-400.0,-2.0,-23.33333333333337,-50.0,-2400.0,-66.66666666666666,7.806053240740741,44,173.33333333333334,2586.6666666666665,238.44444444444443,14.666666666666666,190.0,253.3333333333333,-30.0,-360.0,-42.0,140.0
2018-05-12 14:13:47,2018-05-12,Lateral Raise (Dumbbells),3,36,1800.0,50.0,50.0,70.0,12,40.0,1800.0,45.0,60.0,3.0,50.0,1350.0,75.0,50.0,1500.0,70.0,10.0,0.0,-9.0,10.0,0.0,450.0,-5.0,3.7779166666666666,55,46.666666666666664,1550.0,68.33333333333333,35.333333333333336,50.0,75.0,-10.0,300.0,-10.0,50.0
2018-05-12 14:13:47,2018-05-12,Low Incline Dumbbell Bench,2,20,4000.0,200.0,200.0,266.66666666666663,10,200.0,4000.0,20.0,266.66666666666663,2.0,190.0,1900.0,253.3333333333333,180.0,3960.0,252.0,0.0,0.0,0.0,0.0,10.0,2100.0,13.333333333333343,7.806053240740741,8,190.0,3286.6666666666665,257.3333333333333,17.333333333333332,200.0,266.66666666666663,20.0,40.0,14.666666666666629,200.0
2018-05-12 14:13:47,2018-05-12,Tricep pushdown,1,15,1650.0,110.0,110.0,165.0,15,130.0,3120.0,24.0,182.0,2.0,90.0,3240.0,126.0,80.0,3600.0,120.0,-20.0,-1470.0,-9.0,-17.0,20.0,-1590.0,39.0,3.7779166666666666,25,100.0,3320.0,142.66666666666666,35.0,130.0,182.0,50.0,-480.0,62.0,110.0
2018-05-13 14:34:31,2018-05-13,Bent Over Row (Dumbbell),3,30,5700.0,190.0,190.0,253.3333333333333,10,210.0,6300.0,30.0,280.0,3.0,200.0,4400.0,280.0,220.0,6820.0,300.6666666666667,-20.0,-600.0,0.0,-26.666666666666714,-10.0,1300.0,-26.666666666666714,11.79119212962963,37,210.0,5840.0,286.8888888888889,27.666666666666668,220.0,300.6666666666667,-10.0,-520.0,-20.666666666666686,190.0
2018-05-13 14:34:31,2018-05-13,Face pull,3,45,3150.0,70.0,70.0,105.0,15,90.0,4050.0,45.0,135.0,3.0,90.0,5100.0,135.0,90.0,4380.0,135.0,-20.0,-900.0,0.0,-30.0,-20.0,-1950.0,-30.0,3.7816550925925925,20,90.0,4510.0,135.0,54.0,90.0,135.0,0.0,-330.0,0.0,70.0
2018-05-13 14:34:31,2018-05-13,Neutral Chin,3,32,525.0,25.0,16.666666666666668,34.166666666666664,11,10.0,80.0,8.0,12.666666666666666,1.0,25.0,475.0,33.33333333333333,0.0,0.0,0.0,15.0,445.0,24.0,21.5,0.0,50.0,0.8333333333333357,7.851574074074074,12,11.666666666666666,185.0,15.33333333333333,19.0,25.0,33.33333333333333,10.0,80.0,12.666666666666666,25.0
2018-05-13 14:34:31,2018-05-13,Rack Pull 2 Pin,5,25,7475.0,345.0,299.0,402.5,5,445.0,9950.0,25.0,519.1666666666667,5.0,385.0,9925.0,449.1666666666667,0.0,0.0,0.0,-100.0,-2475.0,0.0,-116.66666666666674,-40.0,-2450.0,-46.666666666666686,111.73677083333334,2,415.0,9937.5,484.16666666666674,28.0,445.0,519.1666666666667,0.0,0.0,0.0,345.0
2018-05-13 14:34:31,2018-05-13,Seated Cable Row (close Grip),2,24,3240.0,135.0,135.0,189.0,12,170.0,8160.0,48.0,238.0,4.0,150.0,3600.0,210.0,140.0,5040.0,196.0,-35.0,-4920.0,-24.0,-49.0,-15.0,-360.0,-21.0,7.851574074074074,58,153.33333333333334,5600.0,214.66666666666666,36.0,170.0,238.0,30.0,3120.0,42.0,135.0
2018-05-15 19:54:18,2018-05-15,Leg curl,3,30,4200.0,140.0,140.0,186.66666666666663,10,135.0,3645.0,27.0,180.0,3.0,130.0,3900.0,173.33333333333331,125.0,1250.0,166.66666666666666,5.0,555.0,3.0,6.666666666666629,10.0,300.0,13.333333333333314,4.073125,33,130.0,2931.6666666666665,173.33333333333334,22.333333333333332,135.0,180.0,10.0,2395.0,13.333333333333343,140.0
2018-05-15 19:54:18,2018-05-15,Leg press (hinge ),5,52,28200.0,590.0,546.0,786.6666666666666,12,550.0,21000.0,40.0,733.3333333333333,4.0,540.0,32400.0,720.0,450.0,22950.0,630.0,40.0,7200.0,12.0,53.33333333333337,50.0,-4200.0,66.66666666666663,4.073125,74,513.3333333333334,25450.0,694.4444444444443,58.333333333333336,550.0,733.3333333333333,100.0,-1950.0,103.33333333333326,590.0
2018-05-15 19:54:18,2018-05-15,Squat (Barbell),7,31,10025.0,345.0,315.0,402.5,5,405.0,6325.0,17.0,445.50000000000006,6.0,385.0,8410.0,425.83333333333337,345.0,8225.0,402.5,-60.0,3700.0,14.0,-43.00000000000006,-40.0,1615.0,-23.33333333333337,4.073125,141,378.3333333333333,7653.333333333333,424.61111111111114,23.333333333333332,405.0,445.50000000000006,60.0,-1900.0,43.00000000000006,345.0
2018-05-16 08:49:31,2018-05-16,Bench Press (Barbell),6,28,7865.0,310.0,278.3333333333333,361.6666666666667,6,305.0,11890.0,48.0,355.83333333333337,9.0,305.0,10125.0,355.83333333333337,295.0,8175.0,344.1666666666667,5.0,-4025.0,-20.0,5.833333333333314,5.0,-2260.0,5.833333333333314,7.552731481481482,38,301.6666666666667,10063.333333333334,351.9444444444445,39.0,305.0,355.83333333333337,10.0,3715.0,11.666666666666686,310.0
2018-05-16 08:49:31,2018-05-16,Seated Shoulder Press (Barbell),4,21,4845.0,245.0,230.0,294.0,6,245.0,6800.0,32.0,294.0,5.0,245.0,5550.0,294.0,240.0,6240.0,296.0,0.0,-1955.0,-11.0,0.0,0.0,-705.0,0.0,7.552731481481482,91,243.33333333333334,6196.666666666667,294.6666666666667,27.0,245.0,296.0,5.0,560.0,-2.0,245.0
2018-05-16 08:49:31,2018-05-16,Tricep pushdown,3,36,4440.0,130.0,123.33333333333333,182.0,12,110.0,1650.0,15.0,165.0,1.0,130.0,3120.0,182.0,90.0,3240.0,126.0,20.0,2790.0,21.0,17.0,0.0,1320.0,0.0,3.774814814814815,26,110.0,2670.0,157.66666666666666,25.0,130.0,182.0,20.0,-1590.0,39.0,130.0
2018-05-17 14:49:43,2018-05-17,Hammer High Row - 1 Arm,1,10,2000.0,200.0,200.0,266.66666666666663,10,90.0,2160.0,24.0,126.0,2.0,80.0,2080.0,114.66666666666669,75.0,2550.0,107.5,110.0,-160.0,-14.0,140.66666666666663,120.0,-80.0,151.99999999999994,11.86212962962963,7,81.66666666666667,2263.3333333333335,116.05555555555556,28.0,90.0,126.0,15.0,-390.0,18.5,200.0
2018-05-17 14:49:43,2018-05-17,Hammer Row - Wide Grip,3,31,7130.0,230.0,230.0,314.3333333333333,11,220.0,2640.0,12.0,308.0,1.0,220.0,2640.0,308.0,230.0,1840.0,291.3333333333333,10.0,4490.0,19.0,6.333333333333314,10.0,4490.0,6.333333333333314,50.771643518518516,17,223.33333333333334,2373.3333333333335,302.4444444444444,10.666666666666666,230.0,308.0,-10.0,800.0,16.666666666666686,230.0
2018-05-17 14:49:43,2018-05-17,Hammer seated row (CLOSE GRIP),1,10,2300.0,230.0,230.0,306.66666666666663,10,110.0,2520.0,24.0,154.0,2.0,240.0,5160.0,322.0,230.0,7360.0,322.0,120.0,-220.0,-14.0,152.66666666666663,-10.0,-2860.0,-15.333333333333371,7.792210648148148,74,193.33333333333334,5013.333333333333,266.0,26.0,240.0,322.0,-120.0,-4840.0,-168.0,230.0
2018-05-17 14:49:43,2018-05-17,Neutral Chin,2,20,0.0,0.0,0.0,0.0,10,25.0,525.0,32.0,34.166666666666664,3.0,10.0,80.0,12.666666666666666,25.0,475.0,33.33333333333333,-25.0,-525.0,-12.0,-34.166666666666664,-10.0,-80.0,-12.666666666666666,4.010555555555555,13,20.0,360.0,26.722222222222218,19.666666666666668,25.0,34.166666666666664,0.0,50.0,0.8333333333333357,0.0
2018-05-19 14:50:13,2018-05-19,Leg curl,3,31,4395.0,145.0,141.66666666666666,198.16666666666663,11,140.0,4200.0,30.0,186.66666666666663,3.0,135.0,3645.0,180.0,130.0,3900.0,173.33333333333331,5.0,195.0,1.0,11.5,10.0,750.0,18.16666666666663,3.7888310185185183,34,135.0,3915.0,180.0,29.0,140.0,186.66666666666663,10.0,300.0,13.333333333333314,145.0
2018-05-19 14:50:13,2018-05-19,Leg outward fly,5,65,8050.0,130.0,120.0,195.0,15,130.0,4800.0,39.0,182.0,3.0,140.0,7140.0,210.0,140.0,8100.0,210.0,0.0,3250.0,26.0,13.0,-10.0,910.0,-15.0,7.861956018518518,35,136.66666666666666,6680.0,200.66666666666666,51.0,140.0,210.0,-10.0,-3300.0,-28.0,130.0
2018-05-19 14:50:13,2018-05-19,Leg press (hinge ),5,54,29880.0,600.0,558.0,800.0,12,590.0,28200.0,52.0,786.6666666666666,5.0,550.0,21000.0,733.3333333333333,540.0,32400.0,720.0,10.0,1680.0,2.0,13.333333333333371,50.0,8880.0,66.66666666666674,3.7888310185185183,75,560.0,27200.0,746.6666666666666,52.666666666666664,590.0,786.6666666666666,50.0,-4200.0,66.66666666666663,600.0
2018-05-19 14:50:13,2018-05-19,Squat (Barbell),10,34,11130.0,420.0,332.5,451.00000000000006,8,345.0,10025.0,31.0,402.5,7.0,405.0,6325.0,445.50000000000006,385.0,8410.0,425.83333333333337,75.0,1105.0,3.0,48.50000000000006,15.0,4805.0,5.5,3.7888310185185183,142,378.3333333333333,8253.333333333334,424.61111111111114,24.666666666666668,405.0,445.50000000000006,-40.0,1615.0,-23.33333333333337,420.0
2018-05-20 10:03:19,2018-05-20,Incline Bench Press (Barbell),6,29,7605.0,275.0,260.0,320.83333333333337,8,275.0,8944.0,36.0,320.83333333333337,7.0,275.0,7265.0,320.83333333333337,270.0,7625.0,315.0,0.0,-1339.0,-7.0,0.0,0.0,340.0,0.0,7.826064814814814,101,273.3333333333333,7944.666666666667,318.8888888888889,31.333333333333332,275.0,320.83333333333337,5.0,1319.0,5.833333333333371,275.0
2018-05-20 10:03:19,2018-05-20,Incline Press (Dumbbell),2,20,3400.0,170.0,170.0,226.66666666666663,10,140.0,1400.0,10.0,186.66666666666663,1.0,150.0,1800.0,210.0,190.0,3800.0,253.3333333333333,30.0,2000.0,10.0,40.0,20.0,1600.0,16.66666666666663,7.826064814814814,45,160.0,2333.3333333333335,216.66666666666663,14.0,190.0,253.3333333333333,-50.0,-2400.0,-66.66666666666666,170.0
2018-05-20 10:03:19,2018-05-20,Lateral Raise (Dumbbells),3,36,1800.0,50.0,50.0,70.0,12,50.0,1800.0,36.0,70.0,3.0,40.0,1800.0,60.0,50.0,1350.0,75.0,0.0,0.0,0.0,0.0,10.0,0.0,10.0,7.826064814814814,56,46.666666666666664,1650.0,68.33333333333333,36.0,50.0,75.0,0.0,450.0,-5.0,50.0
2018-05-20 10:03:19,2018-05-20,Tricep pushdown,2,25,2800.0,130.0,115.0,173.33333333333331,15,130.0,4440.0,36.0,182.0,3.0,110.0,1650.0,165.0,130.0,3120.0,182.0,0.0,-1640.0,-11.0,-8.666666666666686,20.0,1150.0,8.333333333333314,4.05125,27,123.33333333333333,3070.0,176.33333333333334,25.0,130.0,182.0,0.0,1320.0,0.0,130.0
2018-05-21 18:57:18,2018-05-21,Bent Over Row (Dumbbell),3,30,6600.0,220.0,220.0,293.3333333333333,10,190.0,5700.0,30.0,253.3333333333333,3.0,210.0,6300.0,280.0,200.0,4400.0,280.0,30.0,900.0,0.0,40.00000000000003,10.0,300.0,13.333333333333314,8.182488425925927,38,200.0,5466.666666666667,271.1111111111111,27.333333333333332,210.0,280.0,-10.0,1300.0,-26.666666666666714,220.0
2018-05-21 18:57:18,2018-05-21,Face pull,5,62,4340.0,70.0,70.0,105.0,15,70.0,3150.0,45.0,105.0,3.0,90.0,4050.0,135.0,90.0,5100.0,135.0,0.0,1190.0,17.0,0.0,-20.0,290.0,-30.0,8.182488425925927,21,83.33333333333333,4100.0,125.0,50.0,90.0,135.0,-20.0,-1950.0,-30.0,70.0
2018-05-21 18:57:18,2018-05-21,Lat Pulldown,2,24,2640.0,110.0,110.0,154.0,12,130.0,2600.0,20.0,173.33333333333331,2.0,150.0,2540.0,200.0,170.0,4570.0,215.3333333333333,-20.0,40.0,4.0,-19.333333333333314,-40.0,100.0,-46.0,62.97896990740741,33,150.0,3236.6666666666665,196.2222222222222,23.0,170.0,215.3333333333333,-40.0,-1970.0,-41.99999999999997,110.0
2018-05-21 18:57:18,2018-05-21,T-bar Row,3,32,3510.0,117.5,109.16666666666667,164.5,12,115.0,4350.0,40.0,153.33333333333331,4.0,100.0,2100.0,136.66666666666666,115.0,5040.0,161.0,2.5,-840.0,-8.0,11.166666666666686,17.5,1410.0,27.833333333333343,11.964143518518519,27,110.0,3830.0,150.33333333333334,35.666666666666664,115.0,161.0,0.0,-690.0,-7.666666666666686,117.5
2018-05-23 19:57:24,2018-05-23,Squat (Barbell),10,56,16325.0,350.0,296.0,420.0,8,420.0,11130.0,34.0,451.00000000000006,10.0,345.0,10025.0,402.5,405.0,6325.0,445.50000000000006,-70.0,5195.0,22.0,-31.000000000000057,5.0,6300.0,17.5,4.21332175925926,143,390.0,9160.0,433.00000000000006,27.333333333333332,420.0,451.00000000000006,15.0,4805.0,5.5,350.0
2018-05-24 18:00:30,2018-05-24,Bench Press (Barbell),6,31,8580.0,310.0,272.5,361.6666666666667,6,310.0,7865.0,28.0,361.6666666666667,6.0,305.0,11890.0,355.83333333333337,305.0,10125.0,355.83333333333337,0.0,715.0,3.0,0.0,5.0,-3310.0,5.833333333333314,8.382627314814815,39,306.6666666666667,9960.0,357.7777777777778,38.333333333333336,310.0,361.6666666666667,5.0,-2260.0,5.833333333333314,310.0
2018-05-24 18:00:30,2018-05-24,Seated Shoulder Press (Barbell),4,31,7050.0,230.0,227.5,291.3333333333333,8,245.0,4845.0,21.0,294.0,4.0,245.0,6800.0,294.0,245.0,5550.0,294.0,-15.0,2205.0,10.0,-2.6666666666666856,-15.0,250.0,-2.6666666666666856,8.382627314814815,92,245.0,5731.666666666667,294.0,25.333333333333332,245.0,294.0,0.0,-705.0,0.0,230.0
2018-05-26 17:40:31,2018-05-26,Face pull,4,60,5100.0,90.0,85.0,135.0,15,70.0,4340.0,62.0,105.0,5.0,70.0,3150.0,105.0,90.0,4050.0,135.0,20.0,760.0,-2.0,30.0,20.0,1950.0,30.0,4.946678240740741,22,76.66666666666667,3846.6666666666665,115.0,50.666666666666664,90.0,135.0,-20.0,290.0,-30.0,90.0
2018-05-26 17:40:31,2018-05-26,Lat Pulldown,4,38,5800.0,175.0,153.75,226.66666666666663,10,110.0,2640.0,24.0,154.0,2.0,130.0,2600.0,173.33333333333331,150.0,2540.0,200.0,65.0,3160.0,14.0,72.66666666666663,45.0,3200.0,53.333333333333314,4.946678240740741,34,130.0,2593.3333333333335,175.7777777777778,20.666666666666668,150.0,200.0,-40.0,100.0,-46.0,175.0
2018-05-26 17:40:31,2018-05-26,T-bar Row,5,50,5450.0,120.0,110.0,160.0,12,117.5,3510.0,32.0,164.5,3.0,115.0,4350.0,153.33333333333331,100.0,2100.0,136.66666666666666,2.5,1940.0,18.0,-4.5,5.0,1100.0,6.666666666666686,4.946678240740741,28,110.83333333333333,3320.0,151.5,31.0,117.5,164.5,17.5,1410.0,27.833333333333343,120.0
2018-05-27 14:22:21,2018-05-27,Deadlift - Trap Bar,4,23,5775.0,275.0,250.0,330.0,6,225.0,2700.0,12.0,270.0,2.0,325.0,6900.0,390.0,0.0,0.0,0.0,50.0,3075.0,11.0,60.0,-50.0,-1125.0,-60.0,105.90327546296297,2,275.0,4800.0,330.0,18.0,325.0,390.0,0.0,0.0,0.0,275.0
2018-05-27 14:22:21,2018-05-27,Romanian Deadlift (Barbell),2,16,2320.0,155.0,145.0,196.3333333333333,8,135.0,1620.0,12.0,189.0,1.0,150.0,3480.0,190.0,145.0,3400.0,183.66666666666663,20.0,700.0,4.0,7.333333333333286,5.0,-1160.0,6.333333333333286,58.20111111111111,34,143.33333333333334,2833.3333333333335,187.55555555555557,20.0,150.0,190.0,-10.0,-1780.0,5.333333333333371,155.0
2018-05-27 14:22:21,2018-05-27,Squat (Barbell),9,47,14060.0,355.0,303.3333333333333,414.1666666666667,8,350.0,16325.0,56.0,420.0,10.0,420.0,11130.0,451.00000000000006,345.0,10025.0,402.5,5.0,-2265.0,-9.0,-5.833333333333314,-65.0,2930.0,-36.83333333333337,3.767326388888889,144,371.6666666666667,12493.333333333334,424.5,40.333333333333336,420.0,451.00000000000006,5.0,6300.0,17.5,355.0
2018-05-28 12:04:29,2018-05-28,Incline Bench Press (Barbell),6,32,8405.0,280.0,264.1666666666667,326.6666666666667,6,275.0,7605.0,29.0,320.83333333333337,6.0,275.0,8944.0,320.83333333333337,275.0,7265.0,320.83333333333337,5.0,800.0,3.0,5.833333333333314,5.0,-539.0,5.833333333333314,8.084143518518518,102,275.0,7938.0,320.83333333333337,31.0,275.0,320.83333333333337,0.0,340.0,0.0,280.0
2018-05-28 12:04:29,2018-05-28,Incline Press (Dumbbell),3,33,5420.0,180.0,166.66666666666666,240.0,13,170.0,3400.0,20.0,226.66666666666663,2.0,140.0,1400.0,186.66666666666663,150.0,1800.0,210.0,10.0,2020.0,13.0,13.333333333333371,40.0,4020.0,53.33333333333337,8.084143518518518,46,153.33333333333334,2200.0,207.77777777777774,14.0,170.0,226.66666666666663,20.0,1600.0,16.66666666666663,180.0
2018-05-28 12:04:29,2018-05-28,Lateral Raise (Dumbbells),3,34,1700.0,50.0,50.0,70.0,12,50.0,1800.0,36.0,70.0,3.0,50.0,1800.0,70.0,40.0,1800.0,60.0,0.0,-100.0,-2.0,0.0,0.0,-100.0,0.0,8.084143518518518,57,46.666666666666664,1800.0,66.66666666666667,39.0,50.0,70.0,10.0,0.0,10.0,50.0
2018-05-30 20:20:21,2018-05-30,Bent Over Row (Dumbbell),4,36,7160.0,220.0,202.5,278.66666666666663,12,220.0,6600.0,30.0,293.3333333333333,3.0,190.0,5700.0,253.3333333333333,210.0,6300.0,280.0,0.0,560.0,6.0,-14.666666666666686,30.0,1460.0,25.333333333333343,9.057673611111111,39,206.66666666666666,6200.0,275.5555555555555,30.0,220.0,293.3333333333333,10.0,300.0,13.333333333333314,220.0
2018-05-30 20:20:21,2018-05-30,Face pull,2,24,1920.0,80.0,80.0,112.0,12,90.0,5100.0,60.0,135.0,4.0,70.0,4340.0,105.0,70.0,3150.0,105.0,-10.0,-3180.0,-36.0,-23.0,10.0,-2420.0,7.0,4.110995370370371,23,76.66666666666667,4196.666666666667,115.0,55.666666666666664,90.0,135.0,20.0,1950.0,30.0,80.0
2018-05-30 20:20:21,2018-05-30,Hammer seated row (CLOSE GRIP),3,36,6840.0,190.0,190.0,266.0,12,230.0,2300.0,10.0,306.66666666666663,1.0,110.0,2520.0,154.0,240.0,5160.0,322.0,-40.0,4540.0,26.0,-40.66666666666663,80.0,4320.0,112.0,13.22960648148148,75,193.33333333333334,3326.6666666666665,260.88888888888886,18.666666666666668,240.0,322.0,-10.0,-2860.0,-15.333333333333371,190.0
2018-05-31 19:56:01,2018-05-31,Romanian Deadlift (Barbell),5,35,5415.0,185.0,157.0,222.0,8,155.0,2320.0,16.0,196.3333333333333,2.0,135.0,1620.0,189.0,150.0,3480.0,190.0,30.0,3095.0,19.0,25.666666666666714,50.0,3795.0,33.0,4.231712962962963,35,146.66666666666666,2473.3333333333335,191.7777777777778,17.333333333333332,155.0,196.3333333333333,5.0,-1160.0,6.333333333333286,185.0
2018-05-31 19:56:01,2018-05-31,Squat (Barbell),9,44,13780.0,365.0,309.44444444444446,438.0,6,355.0,14060.0,47.0,414.1666666666667,9.0,350.0,16325.0,420.0,420.0,11130.0,451.00000000000006,10.0,-280.0,-3.0,23.833333333333314,15.0,-2545.0,18.0,4.231712962962963,145,375.0,13838.333333333334,428.3888888888889,45.666666666666664,420.0,451.00000000000006,-65.0,2930.0,-36.83333333333337,365.0
2018-06-01 15:35:08,2018-06-01,Bench Press (Barbell),6,33,8995.0,290.0,270.0,348.0,6,310.0,8580.0,31.0,361.6666666666667,6.0,310.0,7865.0,361.6666666666667,305.0,11890.0,355.83333333333337,-20.0,415.0,2.0,-13.666666666666686,-20.0,1130.0,-13.666666666666686,7.899050925925926,40,308.3333333333333,9445.0,359.72222222222223,35.666666666666664,310.0,361.6666666666667,5.0,-3310.0,5.833333333333314,290.0
2018-06-01 15:35:08,2018-06-01,Lateral Raise (Dumbbells),1,16,800.0,50.0,50.0,76.66666666666666,16,50.0,1700.0,34.0,70.0,3.0,50.0,1800.0,70.0,50.0,1800.0,70.0,0.0,-900.0,-18.0,6.666666666666657,0.0,-1000.0,6.666666666666657,4.146284722222222,58,50.0,1766.6666666666667,70.0,35.333333333333336,50.0,70.0,0.0,-100.0,0.0,50.0
2018-06-01 15:35:08,2018-06-01,Seated Shoulder Press (Barbell),4,24,5720.0,245.0,240.0,294.0,8,230.0,7050.0,31.0,291.3333333333333,4.0,245.0,4845.0,294.0,245.0,6800.0,294.0,15.0,-1330.0,-7.0,2.6666666666666856,0.0,875.0,0.0,7.899050925925926,93,240.0,6231.666666666667,293.1111111111111,28.0,245.0,294.0,-15.0,250.0,-2.6666666666666856,245.0
2018-06-03 11:48:55,2018-06-03,Face pull,4,54,4320.0,80.0,80.0,120.0,15,80.0,1920.0,24.0,112.0,2.0,90.0,5100.0,135.0,70.0,4340.0,105.0,0.0,2400.0,30.0,8.0,-10.0,-780.0,-15.0,3.644837962962963,24,80.0,3786.6666666666665,117.33333333333333,48.666666666666664,90.0,135.0,10.0,-2420.0,7.0,80.0
2018-06-03 11:48:55,2018-06-03,T-bar Row,5,48,5280.0,125.0,113.0,158.33333333333331,12,120.0,5450.0,50.0,160.0,5.0,117.5,3510.0,164.5,115.0,4350.0,153.33333333333331,5.0,-170.0,-2.0,-1.6666666666666856,7.5,1770.0,-6.166666666666686,7.755833333333333,29,117.5,4436.666666666667,159.2777777777778,40.666666666666664,120.0,164.5,5.0,1100.0,6.666666666666686,125.0
2018-06-05 20:43:01,2018-06-05,Leg press (hinge ),3,30,16740.0,630.0,570.0,819.0,12,600.0,29880.0,54.0,800.0,5.0,590.0,28200.0,786.6666666666666,550.0,21000.0,733.3333333333333,30.0,-13140.0,-24.0,19.0,40.0,-11460.0,32.33333333333337,17.245,76,580.0,26360.0,773.3333333333334,48.666666666666664,600.0,800.0,50.0,8880.0,66.66666666666674,630.0
2018-06-05 20:43:01,2018-06-05,Romanian Deadlift (Barbell),5,30,5010.0,195.0,167.0,234.0,6,185.0,5415.0,35.0,222.0,5.0,155.0,2320.0,196.3333333333333,135.0,1620.0,189.0,10.0,-405.0,-5.0,12.0,40.0,2690.0,37.666666666666714,5.032638888888889,36,158.33333333333334,3118.3333333333335,202.44444444444446,21.0,185.0,222.0,50.0,3795.0,33.0,195.0
2018-06-05 20:43:01,2018-06-05,Squat (Barbell),7,33,11000.0,370.0,330.0,431.6666666666667,5,365.0,13780.0,44.0,438.0,9.0,355.0,14060.0,414.1666666666667,350.0,16325.0,420.0,5.0,-2780.0,-11.0,-6.333333333333314,15.0,-3060.0,17.5,5.032638888888889,146,356.6666666666667,14721.666666666666,424.0555555555556,49.0,365.0,438.0,15.0,-2545.0,18.0,370.0
2018-06-06 19:03:23,2018-06-06,Incline Bench Press (Barbell),6,27,7080.0,285.0,263.3333333333333,326.6666666666667,8,280.0,8405.0,32.0,326.6666666666667,6.0,275.0,7605.0,320.83333333333337,275.0,8944.0,320.83333333333337,5.0,-1325.0,-5.0,0.0,10.0,-525.0,5.833333333333314,9.290902777777777,103,276.6666666666667,8318.0,322.7777777777778,32.333333333333336,280.0,326.6666666666667,5.0,-539.0,5.833333333333314,285.0
2018-06-06 19:03:23,2018-06-06,Incline Press (Dumbbell),3,28,5480.0,200.0,196.66666666666666,266.0,12,180.0,5420.0,33.0,240.0,3.0,170.0,3400.0,226.66666666666663,140.0,1400.0,186.66666666666663,20.0,60.0,-5.0,26.0,30.0,2080.0,39.33333333333337,9.290902777777777,47,163.33333333333334,3406.6666666666665,217.77777777777774,21.0,180.0,240.0,40.0,4020.0,53.33333333333337,200.0
2018-06-06 19:03:23,2018-06-06,Lateral Raise (Dumbbells),3,36,1800.0,50.0,50.0,70.0,12,50.0,800.0,16.0,76.66666666666666,1.0,50.0,1700.0,70.0,50.0,1800.0,70.0,0.0,1000.0,20.0,-6.666666666666657,0.0,100.0,0.0,5.144618055555555,59,50.0,1433.3333333333333,72.22222222222221,28.666666666666668,50.0,76.66666666666666,0.0,-1000.0,6.666666666666657,50.0
2018-06-07 19:33:02,2018-06-07,Bent Over Row (Dumbbell),3,30,6000.0,200.0,200.0,266.66666666666663,10,220.0,7160.0,36.0,278.66666666666663,4.0,220.0,6600.0,293.3333333333333,190.0,5700.0,253.3333333333333,-20.0,-1160.0,-6.0,-12.0,-20.0,-600.0,-26.666666666666686,7.9671412037037035,40,210.0,6486.666666666667,275.11111111111103,32.0,220.0,293.3333333333333,30.0,1460.0,25.333333333333343,200.0
2018-06-07 19:33:02,2018-06-07,Hammer High Row - 1 Arm,2,20,3650.0,185.0,182.5,246.66666666666663,10,200.0,2000.0,10.0,266.66666666666663,1.0,90.0,2160.0,126.0,80.0,2080.0,114.66666666666669,-15.0,1650.0,10.0,-20.0,95.0,1490.0,120.66666666666663,21.196747685185183,8,123.33333333333333,2080.0,169.11111111111111,20.0,200.0,266.66666666666663,120.0,-80.0,151.99999999999994,185.0
2018-06-07 19:33:02,2018-06-07,Hammer seated row (CLOSE GRIP),4,42,9180.0,240.0,217.5,336.0,12,190.0,6840.0,36.0,266.0,3.0,230.0,2300.0,306.66666666666663,110.0,2520.0,154.0,50.0,2340.0,6.0,70.0,10.0,6880.0,29.33333333333337,7.9671412037037035,76,176.66666666666666,3886.6666666666665,242.2222222222222,23.333333333333332,230.0,306.66666666666663,80.0,4320.0,112.0,240.0
2018-06-09 12:35:35,2018-06-09,Hack Squat,5,48,10640.0,260.0,222.0,346.66666666666663,10,200.0,5800.0,30.0,266.66666666666663,3.0,200.0,10370.0,266.66666666666663,290.0,11970.0,386.6666666666666,60.0,4840.0,18.0,80.0,60.0,270.0,80.0,71.12696759259259,10,230.0,9380.0,306.6666666666666,44.333333333333336,290.0,386.6666666666666,-90.0,-6170.0,-119.99999999999994,260.0
2018-06-09 12:35:35,2018-06-09,Romanian Deadlift (Barbell),5,34,5810.0,195.0,168.0,247.0,8,195.0,5010.0,30.0,234.0,5.0,185.0,5415.0,222.0,155.0,2320.0,196.3333333333333,0.0,800.0,4.0,13.0,10.0,395.0,25.0,3.6615046296296296,37,178.33333333333334,4248.333333333333,217.44444444444446,27.0,195.0,234.0,40.0,2690.0,37.666666666666714,195.0
2018-06-09 12:35:35,2018-06-09,Squat (Barbell),8,39,12390.0,410.0,336.875,478.33333333333337,10,370.0,11000.0,33.0,431.6666666666667,7.0,365.0,13780.0,438.0,355.0,14060.0,414.1666666666667,40.0,1390.0,6.0,46.666666666666686,45.0,-1390.0,40.33333333333337,3.6615046296296296,147,363.3333333333333,12946.666666666666,427.9444444444445,41.333333333333336,370.0,438.0,15.0,-3060.0,17.5,410.0
2018-06-10 13:03:34,2018-06-10,Bench Press (Barbell),6,34,9200.0,295.0,270.0,354.0,7,290.0,8995.0,33.0,348.0,6.0,310.0,8580.0,361.6666666666667,310.0,7865.0,361.6666666666667,5.0,205.0,1.0,6.0,-15.0,620.0,-7.666666666666686,8.894745370370371,41,303.3333333333333,8480.0,357.11111111111114,30.666666666666668,310.0,361.6666666666667,-20.0,1130.0,-13.666666666666686,295.0
2018-06-10 13:03:34,2018-06-10,Lateral Raise (Dumbbells),2,27,1350.0,50.0,50.0,75.0,15,50.0,1800.0,36.0,70.0,3.0,50.0,800.0,76.66666666666666,50.0,1700.0,70.0,0.0,-450.0,-9.0,5.0,0.0,550.0,-1.6666666666666572,3.7501273148148146,60,50.0,1433.3333333333333,72.22222222222221,28.666666666666668,50.0,76.66666666666666,0.0,100.0,0.0,50.0
2018-06-10 13:03:34,2018-06-10,Seated Shoulder Press (Barbell),5,34,7980.0,245.0,235.0,297.66666666666663,8,245.0,5720.0,24.0,294.0,4.0,230.0,7050.0,291.3333333333333,245.0,4845.0,294.0,0.0,2260.0,10.0,3.6666666666666288,15.0,930.0,6.333333333333314,8.894745370370371,94,240.0,5871.666666666667,293.1111111111111,25.333333333333332,245.0,294.0,0.0,875.0,0.0,245.0
2018-06-11 18:39:36,2018-06-11,Seated Cable Row (close Grip),3,36,4680.0,130.0,130.0,182.0,12,135.0,3240.0,24.0,189.0,2.0,170.0,8160.0,238.0,150.0,3600.0,210.0,-5.0,1440.0,12.0,-7.0,-40.0,-3480.0,-56.0,29.17019675925926,59,151.66666666666666,5000.0,212.33333333333334,32.0,170.0,238.0,-15.0,-360.0,-21.0,130.0
2018-06-11 18:39:36,2018-06-11,T-bar Row,3,24,2820.0,122.5,117.5,155.16666666666666,8,125.0,5280.0,48.0,158.33333333333331,5.0,120.0,5450.0,160.0,117.5,3510.0,164.5,-2.5,-2460.0,-24.0,-3.166666666666657,2.5,-2630.0,-4.833333333333343,8.285196759259259,30,120.83333333333333,4746.666666666667,160.94444444444443,43.333333333333336,125.0,164.5,7.5,1770.0,-6.166666666666686,122.5
2018-06-13 19:02:33,2018-06-13,Hack Squat,5,42,9920.0,280.0,234.0,373.3333333333333,10,260.0,10640.0,48.0,346.66666666666663,5.0,200.0,5800.0,266.66666666666663,200.0,10370.0,266.66666666666663,20.0,-720.0,-6.0,26.666666666666686,80.0,4120.0,106.66666666666669,4.268726851851852,11,220.0,8936.666666666666,293.3333333333333,45.333333333333336,260.0,346.66666666666663,60.0,270.0,80.0,280.0
2018-06-13 19:02:33,2018-06-13,Leg outward fly,3,36,4680.0,130.0,130.0,182.0,12,130.0,8050.0,65.0,195.0,5.0,130.0,4800.0,182.0,140.0,7140.0,210.0,0.0,-3370.0,-29.0,-13.0,0.0,-120.0,0.0,25.175231481481482,36,133.33333333333334,6663.333333333333,195.66666666666666,52.666666666666664,140.0,210.0,-10.0,910.0,-15.0,130.0
2018-06-13 19:02:33,2018-06-13,Romanian Deadlift (Barbell),3,20,3840.0,195.0,191.66666666666666,240.5,7,195.0,5810.0,34.0,247.0,5.0,195.0,5010.0,234.0,185.0,5415.0,222.0,0.0,-1970.0,-14.0,-6.5,0.0,-1170.0,6.5,4.268726851851852,38,191.66666666666666,5411.666666666667,234.33333333333334,33.0,195.0,247.0,10.0,395.0,25.0,195.0
2018-06-13 19:02:33,2018-06-13,Squat (Barbell),9,49,14960.0,370.0,307.22222222222223,431.6666666666667,10,410.0,12390.0,39.0,478.33333333333337,8.0,370.0,11000.0,431.6666666666667,365.0,13780.0,438.0,-40.0,2570.0,10.0,-46.666666666666686,0.0,3960.0,0.0,4.268726851851852,148,381.6666666666667,12390.0,449.3333333333333,38.666666666666664,410.0,478.33333333333337,45.0,-1390.0,40.33333333333337,370.0
2018-06-14 19:58:39,2018-06-14,Incline Bench Press (Barbell),5,38,9150.0,245.0,241.0,310.3333333333333,8,285.0,7080.0,27.0,326.6666666666667,6.0,280.0,8405.0,326.6666666666667,275.0,7605.0,320.83333333333337,-40.0,2070.0,11.0,-16.33333333333337,-35.0,745.0,-16.33333333333337,8.03837962962963,104,280.0,7696.666666666667,324.72222222222223,29.333333333333332,285.0,326.6666666666667,10.0,-525.0,5.833333333333314,245.0
2018-06-14 19:58:39,2018-06-14,Lateral Raise (Dumbbells),3,48,1920.0,40.0,40.0,61.33333333333333,16,50.0,1350.0,27.0,75.0,2.0,50.0,1800.0,70.0,50.0,800.0,76.66666666666666,-10.0,570.0,21.0,-13.666666666666671,-10.0,120.0,-8.666666666666671,4.288252314814815,61,50.0,1316.6666666666667,73.88888888888889,26.333333333333332,50.0,76.66666666666666,0.0,550.0,-1.6666666666666572,40.0
2018-06-15 20:34:44,2018-06-15,Face pull,3,36,2520.0,70.0,70.0,98.0,12,80.0,4320.0,54.0,120.0,4.0,80.0,1920.0,112.0,90.0,5100.0,135.0,-10.0,-1800.0,-18.0,-22.0,-10.0,600.0,-14.0,12.365150462962964,25,83.33333333333333,3780.0,122.33333333333333,46.0,90.0,135.0,-10.0,-780.0,-15.0,70.0
2018-06-15 20:34:44,2018-06-15,Hammer lat pulldown,4,44,8420.0,205.0,192.5,273.3333333333333,12,160.0,3600.0,24.0,224.0,2.0,180.0,6120.0,252.0,100.0,2400.0,140.0,45.0,4820.0,20.0,49.333333333333314,25.0,2300.0,21.333333333333314,80.01123842592592,8,146.66666666666666,4040.0,205.33333333333334,27.333333333333332,180.0,252.0,60.0,1200.0,84.0,205.0
2018-06-15 20:34:44,2018-06-15,Hammer seated row (CLOSE GRIP),3,30,6300.0,210.0,210.0,280.0,10,240.0,9180.0,42.0,336.0,4.0,190.0,6840.0,266.0,230.0,2300.0,306.66666666666663,-30.0,-2880.0,-12.0,-56.0,20.0,-540.0,14.0,8.042847222222223,77,220.0,6106.666666666667,302.88888888888886,29.333333333333332,240.0,336.0,10.0,6880.0,29.33333333333337,210.0
2018-06-15 20:34:44,2018-06-15,Neutral Chin,5,48,1060.0,26.5,21.2,35.33333333333333,10,0.0,0.0,20.0,0.0,2.0,25.0,525.0,34.166666666666664,10.0,80.0,12.666666666666666,26.5,1060.0,28.0,35.33333333333333,1.5,535.0,1.1666666666666643,29.239594907407408,14,11.666666666666666,201.66666666666666,15.611111111111109,20.0,25.0,34.166666666666664,-10.0,-80.0,-12.666666666666666,26.5
2018-06-15 20:34:44,2018-06-15,T-bar Row,3,24,3120.0,130.0,130.0,164.66666666666666,8,122.5,2820.0,24.0,155.16666666666666,3.0,125.0,5280.0,158.33333333333331,120.0,5450.0,160.0,7.5,300.0,0.0,9.5,5.0,-2160.0,6.333333333333343,4.079953703703704,31,122.5,4516.666666666667,157.83333333333331,40.666666666666664,125.0,160.0,2.5,-2630.0,-4.833333333333343,130.0
2018-06-17 16:08:39,2018-06-17,Squat (Barbell),7,27,8785.0,385.0,323.57142857142856,425.83333333333337,5,370.0,14960.0,49.0,431.6666666666667,9.0,410.0,12390.0,478.33333333333337,370.0,11000.0,431.6666666666667,15.0,-6175.0,-22.0,-5.833333333333314,-25.0,-3605.0,-52.5,3.879236111111111,149,383.3333333333333,12783.333333333334,447.22222222222223,40.333333333333336,410.0,478.33333333333337,0.0,3960.0,0.0,385.0
2018-06-20 19:19:34,2018-06-20,Incline Bench Press (Barbell),6,48,11470.0,255.0,240.83333333333334,321.1666666666667,11,245.0,9150.0,38.0,310.3333333333333,5.0,285.0,7080.0,326.6666666666667,280.0,8405.0,326.6666666666667,10.0,2320.0,10.0,10.833333333333371,-30.0,4390.0,-5.5,5.972858796296296,105,270.0,8211.666666666666,321.22222222222223,32.333333333333336,285.0,326.6666666666667,-35.0,745.0,-16.33333333333337,255.0
2018-06-22 17:32:35,2018-06-22,Face pull,5,55,4470.0,90.0,82.0,123.0,12,70.0,2520.0,36.0,98.0,3.0,80.0,4320.0,120.0,80.0,1920.0,112.0,20.0,1950.0,19.0,25.0,10.0,150.0,3.0,6.873506944444444,26,76.66666666666667,2920.0,110.0,38.0,80.0,120.0,-10.0,600.0,-14.0,90.0
2018-06-22 17:32:35,2018-06-22,Lat Pulldown,4,36,4640.0,140.0,130.0,177.33333333333331,10,175.0,5800.0,38.0,226.66666666666663,4.0,110.0,2640.0,154.0,130.0,2600.0,173.33333333333331,-35.0,-1160.0,-2.0,-49.333333333333314,30.0,2000.0,23.333333333333314,26.99449074074074,35,138.33333333333334,3680.0,184.66666666666666,27.333333333333332,175.0,226.66666666666663,45.0,3200.0,53.333333333333314,140.0
2018-06-22 17:32:35,2018-06-22,T-bar Row,6,60,6680.0,135.0,113.33333333333333,171.0,12,130.0,3120.0,24.0,164.66666666666666,3.0,122.5,2820.0,155.16666666666666,125.0,5280.0,158.33333333333331,5.0,3560.0,36.0,6.333333333333343,12.5,3860.0,15.833333333333343,6.873506944444444,32,125.83333333333333,3740.0,159.38888888888889,32.0,130.0,164.66666666666666,5.0,-2160.0,6.333333333333343,135.0
2018-06-23 20:45:42,2018-06-23,Squat (Barbell),7,32,10330.0,375.0,313.57142857142856,437.5,6,385.0,8785.0,27.0,425.83333333333337,7.0,370.0,14960.0,431.6666666666667,410.0,12390.0,478.33333333333337,-10.0,1545.0,5.0,11.666666666666629,5.0,-4630.0,5.833333333333314,6.192395833333333,150,388.3333333333333,12045.0,445.2777777777778,38.333333333333336,410.0,478.33333333333337,-25.0,-3605.0,-52.5,375.0
2018-06-24 18:24:02,2018-06-24,Bench Press (Barbell),5,37,9165.0,270.0,243.0,342.0,8,295.0,9200.0,34.0,354.0,6.0,290.0,8995.0,348.0,310.0,8580.0,361.6666666666667,-25.0,-35.0,3.0,-12.0,-20.0,170.0,-6.0,14.222546296296295,42,298.3333333333333,8925.0,354.5555555555555,32.666666666666664,310.0,361.6666666666667,-15.0,620.0,-7.666666666666686,270.0
2018-06-24 18:24:02,2018-06-24,Lateral Raise (Dumbbells),3,45,2250.0,50.0,50.0,75.0,15,40.0,1920.0,48.0,61.33333333333333,3.0,50.0,1350.0,75.0,50.0,1800.0,70.0,10.0,330.0,-3.0,13.666666666666671,0.0,900.0,0.0,9.934293981481481,62,46.666666666666664,1690.0,68.77777777777777,37.0,50.0,75.0,-10.0,120.0,-8.666666666666671,50.0
2018-06-24 18:24:02,2018-06-24,Seated Shoulder Press (Barbell),5,31,7470.0,245.0,241.0,296.0,7,245.0,7980.0,34.0,297.66666666666663,5.0,245.0,5720.0,294.0,230.0,7050.0,291.3333333333333,0.0,-510.0,-3.0,-1.6666666666666288,0.0,1750.0,2.0,14.222546296296295,95,240.0,6916.666666666667,294.3333333333333,29.666666666666668,245.0,297.66666666666663,15.0,930.0,6.333333333333314,245.0
2018-06-26 21:24:09,2018-06-26,Romanian Deadlift (Barbell),2,13,2535.0,195.0,195.0,240.5,7,195.0,3840.0,20.0,240.5,3.0,195.0,5810.0,247.0,195.0,5010.0,234.0,0.0,-1305.0,-7.0,0.0,0.0,-3275.0,-6.5,13.098333333333333,39,195.0,4886.666666666667,240.5,28.0,195.0,247.0,0.0,-1170.0,6.5,195.0
2018-06-26 21:24:09,2018-06-26,Squat (Barbell),5,28,7630.0,285.0,271.0,342.0,6,375.0,10330.0,32.0,437.5,7.0,385.0,8785.0,425.83333333333337,370.0,14960.0,431.6666666666667,-90.0,-2700.0,-4.0,-95.5,-100.0,-1155.0,-83.83333333333337,3.0267013888888887,151,376.6666666666667,11358.333333333334,431.6666666666667,36.0,385.0,437.5,5.0,-4630.0,5.833333333333314,285.0
2018-06-28 19:51:45,2018-06-28,Face pull,3,45,3600.0,80.0,80.0,120.0,15,90.0,4470.0,55.0,123.0,5.0,70.0,2520.0,98.0,80.0,4320.0,120.0,-10.0,-870.0,-10.0,-3.0,10.0,1080.0,22.0,6.096643518518518,27,80.0,3770.0,113.66666666666667,48.333333333333336,90.0,123.0,10.0,150.0,3.0,80.0
2018-06-28 19:51:45,2018-06-28,T-bar Row,3,22,3025.0,137.5,137.5,174.16666666666666,8,135.0,6680.0,60.0,171.0,6.0,130.0,3120.0,164.66666666666666,122.5,2820.0,155.16666666666666,2.5,-3655.0,-38.0,3.166666666666657,7.5,-95.0,9.5,6.096643518518518,33,129.16666666666666,4206.666666666667,163.6111111111111,36.0,135.0,171.0,12.5,3860.0,15.833333333333343,137.5
2018-06-29 18:57:11,2018-06-29,Incline Bench Press (Barbell),6,46,10880.0,260.0,237.5,316.66666666666663,8,255.0,11470.0,48.0,321.1666666666667,6.0,245.0,9150.0,310.3333333333333,285.0,7080.0,326.6666666666667,5.0,-590.0,-2.0,-4.500000000000057,15.0,1730.0,6.333333333333314,8.984456018518518,106,261.6666666666667,9233.333333333334,319.3888888888889,37.666666666666664,285.0,326.6666666666667,-30.0,4390.0,-5.5,260.0
2018-06-29 18:57:11,2018-06-29,Incline Press (Dumbbell),3,30,4800.0,160.0,160.0,213.3333333333333,10,200.0,5480.0,28.0,266.0,3.0,180.0,5420.0,240.0,170.0,3400.0,226.66666666666663,-40.0,-680.0,2.0,-52.666666666666714,-20.0,-620.0,-26.666666666666714,22.995694444444446,48,183.33333333333334,4766.666666666667,244.2222222222222,27.0,200.0,266.0,30.0,2080.0,39.33333333333337,160.0
2018-06-29 18:57:11,2018-06-29,Lateral Raise (Dumbbells),3,37,1850.0,50.0,50.0,75.0,15,50.0,2250.0,45.0,75.0,3.0,40.0,1920.0,61.33333333333333,50.0,1350.0,75.0,0.0,-400.0,-8.0,0.0,10.0,-70.0,13.666666666666671,5.023020833333334,63,46.666666666666664,1840.0,70.44444444444444,40.0,50.0,75.0,0.0,900.0,0.0,50.0
2018-06-30 15:32:38,2018-06-30,Romanian Deadlift (Barbell),6,50,10030.0,215.0,195.83333333333334,286.66666666666663,10,195.0,2535.0,13.0,240.5,2.0,195.0,3840.0,240.5,195.0,5810.0,247.0,20.0,7495.0,37.0,46.16666666666663,20.0,6190.0,46.16666666666663,3.7558912037037038,40,195.0,4061.6666666666665,242.66666666666666,22.333333333333332,195.0,247.0,0.0,-3275.0,-6.5,215.0
2018-06-30 15:32:38,2018-06-30,Squat (Barbell),8,45,14365.0,370.0,316.25,444.0,6,285.0,7630.0,28.0,342.0,5.0,375.0,10330.0,437.5,385.0,8785.0,425.83333333333337,85.0,6735.0,17.0,102.0,-5.0,4035.0,6.5,3.7558912037037038,152,348.3333333333333,8915.0,401.7777777777778,29.0,385.0,437.5,-100.0,-1155.0,-83.83333333333337,370.0
2018-07-02 17:20:15,2018-07-02,Hammer Curl (Dumbbell ),2,30,1500.0,50.0,50.0,75.0,15,50.0,600.0,12.0,70.0,1.0,50.0,1350.0,75.0,50.0,1350.0,75.0,0.0,900.0,18.0,5.0,0.0,150.0,0.0,93.3244212962963,34,50.0,1100.0,73.33333333333333,22.0,50.0,75.0,0.0,-750.0,-5.0,50.0
2018-07-02 17:20:15,2018-07-02,Hammer Row - Wide Grip,3,45,8475.0,190.0,188.33333333333334,285.0,15,230.0,7130.0,31.0,314.3333333333333,3.0,220.0,2640.0,308.0,220.0,2640.0,308.0,-40.0,1345.0,14.0,-29.333333333333314,-30.0,5835.0,-23.0,46.10453703703703,18,223.33333333333334,4136.666666666667,310.11111111111114,18.333333333333332,230.0,314.3333333333333,10.0,4490.0,6.333333333333314,190.0
2018-07-02 17:20:15,2018-07-02,Hammer seated row (CLOSE GRIP),4,38,8260.0,230.0,220.0,306.66666666666663,12,210.0,6300.0,30.0,280.0,3.0,240.0,9180.0,336.0,190.0,6840.0,266.0,20.0,1960.0,8.0,26.66666666666663,-10.0,-920.0,-29.33333333333337,16.86494212962963,78,213.33333333333334,7440.0,294.0,36.0,240.0,336.0,20.0,-540.0,14.0,230.0
2018-07-03 18:15:15,2018-07-03,Bench Press (Barbell),4,28,7260.0,275.0,261.25,342.0,8,270.0,9165.0,37.0,342.0,5.0,295.0,9200.0,354.0,290.0,8995.0,348.0,5.0,-1905.0,-9.0,0.0,-20.0,-1940.0,-12.0,8.993900462962962,43,285.0,9120.0,348.0,34.666666666666664,295.0,354.0,-20.0,170.0,-6.0,275.0
2018-07-03 18:15:15,2018-07-03,Seated Shoulder Press (Barbell),4,34,7810.0,235.0,230.0,300.0,10,245.0,7470.0,31.0,296.0,5.0,245.0,7980.0,297.66666666666663,245.0,5720.0,294.0,-10.0,340.0,3.0,4.0,-10.0,-170.0,2.3333333333333712,8.993900462962962,96,245.0,7056.666666666667,295.8888888888889,29.666666666666668,245.0,297.66666666666663,0.0,1750.0,2.0,235.0
2018-07-04 17:00:43,2018-07-04,Leg press (hinge ),3,30,13500.0,450.0,450.0,600.0,10,630.0,16740.0,30.0,819.0,3.0,600.0,29880.0,800.0,590.0,28200.0,786.6666666666666,-180.0,-3240.0,0.0,-219.0,-150.0,-16380.0,-200.0,28.845625,77,606.6666666666666,24940.0,801.8888888888888,45.333333333333336,630.0,819.0,40.0,-11460.0,32.33333333333337,450.0
2018-07-04 17:00:43,2018-07-04,Romanian Deadlift (Barbell),6,44,8100.0,215.0,180.0,272.3333333333333,8,215.0,10030.0,50.0,286.66666666666663,6.0,195.0,2535.0,240.5,195.0,3840.0,240.5,0.0,-1930.0,-6.0,-14.333333333333314,20.0,5565.0,31.833333333333314,4.061168981481481,41,201.66666666666666,5468.333333333333,255.8888888888889,27.666666666666668,215.0,286.66666666666663,20.0,6190.0,46.16666666666663,215.0
2018-07-04 17:00:43,2018-07-04,Squat (Barbell),6,36,10890.0,325.0,298.3333333333333,411.6666666666666,8,370.0,14365.0,45.0,444.0,8.0,285.0,7630.0,342.0,375.0,10330.0,437.5,-45.0,-3475.0,-9.0,-32.33333333333343,40.0,3260.0,69.66666666666657,4.061168981481481,153,343.3333333333333,10775.0,407.8333333333333,35.0,375.0,444.0,-5.0,4035.0,6.5,325.0
2018-07-06 17:34:29,2018-07-06,Hammer Curl (Dumbbell ),2,20,1200.0,60.0,60.0,80.0,10,50.0,1500.0,30.0,75.0,2.0,50.0,600.0,70.0,50.0,1350.0,75.0,10.0,-300.0,-10.0,5.0,10.0,600.0,10.0,4.009884259259259,35,50.0,1150.0,73.33333333333333,23.0,50.0,75.0,0.0,150.0,0.0,60.0
2018-07-06 17:34:29,2018-07-06,Hammer Row - Wide Grip,3,45,9225.0,205.0,205.0,307.5,15,190.0,8475.0,45.0,285.0,3.0,230.0,7130.0,314.3333333333333,220.0,2640.0,308.0,15.0,750.0,0.0,22.5,-25.0,2095.0,-6.833333333333314,4.009884259259259,19,213.33333333333334,6081.666666666667,302.4444444444444,29.333333333333332,230.0,314.3333333333333,-30.0,5835.0,-23.0,205.0
2018-07-06 17:34:29,2018-07-06,T-bar Row,4,35,4465.0,140.0,128.75,177.33333333333331,10,137.5,3025.0,22.0,174.16666666666666,3.0,135.0,6680.0,171.0,130.0,3120.0,164.66666666666666,2.5,1440.0,13.0,3.166666666666657,5.0,-2215.0,6.333333333333314,7.904675925925926,34,134.16666666666666,4275.0,169.94444444444443,35.333333333333336,137.5,174.16666666666666,7.5,-95.0,9.5,140.0
2018-07-07 16:35:28,2018-07-07,Incline Bench Press (Barbell),5,38,9590.0,265.0,253.0,318.0,8,260.0,10880.0,46.0,316.66666666666663,6.0,255.0,11470.0,321.1666666666667,245.0,9150.0,310.3333333333333,5.0,-1290.0,-8.0,1.3333333333333712,10.0,-1880.0,-3.1666666666666856,7.901585648148148,107,253.33333333333334,10500.0,316.0555555555555,44.0,260.0,321.1666666666667,15.0,1730.0,6.333333333333314,265.0
2018-07-07 16:35:28,2018-07-07,Incline Press (Dumbbell),2,21,3780.0,180.0,180.0,246.0,11,160.0,4800.0,30.0,213.3333333333333,3.0,200.0,5480.0,266.0,180.0,5420.0,240.0,20.0,-1020.0,-9.0,32.666666666666714,-20.0,-1700.0,-20.0,7.901585648148148,49,180.0,5233.333333333333,239.77777777777774,30.333333333333332,200.0,266.0,-20.0,-620.0,-26.666666666666714,180.0
2018-07-07 16:35:28,2018-07-07,Lateral Raise (Dumbbells),3,40,2080.0,60.0,53.333333333333336,84.0,16,50.0,1850.0,37.0,75.0,3.0,50.0,2250.0,75.0,40.0,1920.0,61.33333333333333,10.0,230.0,3.0,9.0,10.0,-170.0,9.0,7.901585648148148,64,46.666666666666664,2006.6666666666667,70.44444444444444,43.333333333333336,50.0,75.0,10.0,-70.0,13.666666666666671,60.0
2018-07-07 16:35:28,2018-07-07,Overhead Press (Dumbbell),2,20,2000.0,100.0,100.0,133.33333333333331,10,100.0,1000.0,10.0,133.33333333333331,1.0,130.0,1430.0,177.66666666666666,130.0,2600.0,173.33333333333331,0.0,1000.0,10.0,0.0,-30.0,570.0,-44.33333333333334,164.33966435185187,12,120.0,1676.6666666666667,161.44444444444443,13.666666666666666,130.0,177.66666666666666,-30.0,-1600.0,-40.0,100.0
2018-07-08 08:16:18,2018-07-08,Hack Squat,2,16,4320.0,270.0,270.0,342.0,8,280.0,9920.0,42.0,373.3333333333333,5.0,260.0,10640.0,346.66666666666663,200.0,5800.0,266.66666666666663,-10.0,-5600.0,-26.0,-31.333333333333314,10.0,-6320.0,-4.666666666666629,24.55121527777778,12,246.66666666666666,8786.666666666666,328.88888888888886,40.0,280.0,373.3333333333333,80.0,4120.0,106.66666666666669,270.0
2018-07-08 08:16:18,2018-07-08,Romanian Deadlift (Barbell),4,29,5585.0,215.0,190.0,272.3333333333333,8,215.0,8100.0,44.0,272.3333333333333,6.0,215.0,10030.0,286.66666666666663,195.0,2535.0,240.5,0.0,-2515.0,-15.0,0.0,0.0,-4445.0,-14.333333333333314,3.6358217592592594,42,208.33333333333334,6888.333333333333,266.5,35.666666666666664,215.0,286.66666666666663,20.0,5565.0,31.833333333333314,215.0
2018-07-08 08:16:18,2018-07-08,Squat (Barbell),8,44,14310.0,375.0,321.25,450.0,8,325.0,10890.0,36.0,411.6666666666666,6.0,370.0,14365.0,444.0,285.0,7630.0,342.0,50.0,3420.0,8.0,38.33333333333343,5.0,-55.0,6.0,3.6358217592592594,154,326.6666666666667,10961.666666666666,399.2222222222222,36.333333333333336,370.0,444.0,40.0,3260.0,69.66666666666657,375.0
2018-07-10 06:43:29,2018-07-10,Bicep Curl (Barbell),3,39,2730.0,70.0,70.0,102.66666666666669,14,70.0,3150.0,45.0,105.0,3.0,60.0,2340.0,86.0,40.0,1800.0,60.0,0.0,-420.0,-6.0,-2.3333333333333144,10.0,390.0,16.666666666666686,91.4572800925926,75,56.666666666666664,2430.0,83.66666666666667,43.0,70.0,105.0,30.0,1350.0,45.0,70.0
2018-07-10 06:43:29,2018-07-10,Hammer seated row (CLOSE GRIP),3,34,7020.0,210.0,206.66666666666666,294.0,12,230.0,8260.0,38.0,306.66666666666663,4.0,210.0,6300.0,280.0,240.0,9180.0,336.0,-20.0,-1240.0,-4.0,-12.666666666666629,0.0,720.0,14.0,7.557800925925926,79,226.66666666666666,7913.333333333333,307.55555555555554,36.666666666666664,240.0,336.0,-10.0,-920.0,-29.33333333333337,210.0
2018-07-10 06:43:29,2018-07-10,Neutral Chin,6,62,1660.0,40.0,26.666666666666668,53.33333333333333,11,26.5,1060.0,48.0,35.33333333333333,5.0,0.0,0.0,0.0,25.0,525.0,34.166666666666664,13.5,600.0,14.0,18.0,40.0,1660.0,53.33333333333333,24.422743055555557,15,17.166666666666668,528.3333333333334,23.166666666666668,33.333333333333336,26.5,35.33333333333333,1.5,535.0,1.1666666666666643,40.0
2018-07-10 06:43:29,2018-07-10,T-bar Row,4,36,4540.0,140.0,127.5,177.33333333333331,10,140.0,4465.0,35.0,177.33333333333331,4.0,137.5,3025.0,174.16666666666666,135.0,6680.0,171.0,0.0,75.0,1.0,0.0,2.5,1515.0,3.166666666666657,3.5479166666666666,35,137.5,4723.333333333333,174.16666666666666,39.0,140.0,177.33333333333331,5.0,-2215.0,6.333333333333314,140.0
2018-07-11 07:00:24,2018-07-11,Bench Press (Barbell),5,43,10100.0,250.0,234.0,325.0,9,275.0,7260.0,28.0,342.0,4.0,270.0,9165.0,342.0,295.0,9200.0,354.0,-25.0,2840.0,15.0,-17.0,-20.0,935.0,-17.0,7.531354166666667,44,280.0,8541.666666666666,346.0,33.0,295.0,354.0,-20.0,-1940.0,-12.0,250.0
2018-07-11 07:00:24,2018-07-11,Lateral Raise (Dumbbells),2,26,1300.0,50.0,50.0,71.66666666666667,13,60.0,2080.0,40.0,84.0,3.0,50.0,1850.0,75.0,50.0,2250.0,75.0,-10.0,-780.0,-14.0,-12.333333333333329,0.0,-550.0,-3.3333333333333286,3.600648148148148,65,53.333333333333336,2060.0,78.0,40.666666666666664,60.0,84.0,10.0,-170.0,9.0,50.0
2018-07-11 07:00:24,2018-07-11,Seated Shoulder Press (Barbell),5,46,9740.0,220.0,211.0,293.3333333333333,10,235.0,7810.0,34.0,300.0,4.0,245.0,7470.0,296.0,245.0,7980.0,297.66666666666663,-15.0,1930.0,12.0,-6.666666666666686,-25.0,2270.0,-2.6666666666666856,7.531354166666667,97,241.66666666666666,7753.333333333333,297.8888888888889,33.0,245.0,300.0,-10.0,-170.0,2.3333333333333712,220.0
2018-07-14 15:01:35,2018-07-14,Romanian Deadlift (Barbell),3,15,3375.0,225.0,225.0,262.5,5,215.0,5585.0,29.0,272.3333333333333,4.0,215.0,8100.0,272.3333333333333,215.0,10030.0,286.66666666666663,10.0,-2210.0,-14.0,-9.833333333333314,10.0,-4725.0,-9.833333333333314,6.281446759259259,43,215.0,7905.0,277.1111111111111,41.0,215.0,286.66666666666663,0.0,-4445.0,-14.333333333333314,225.0
2018-07-14 15:01:35,2018-07-14,Squat (Barbell),7,37,12380.0,380.0,335.0,456.0,6,375.0,14310.0,44.0,450.0,8.0,325.0,10890.0,411.6666666666666,370.0,14365.0,444.0,5.0,-1930.0,-7.0,6.0,55.0,1490.0,44.33333333333343,6.281446759259259,155,356.6666666666667,13188.333333333334,435.2222222222222,41.666666666666664,375.0,450.0,5.0,-55.0,6.0,380.0
2018-07-15 12:54:41,2018-07-15,Bench Press (Barbell),2,11,2595.0,245.0,235.0,294.0,6,250.0,10100.0,43.0,325.0,5.0,275.0,7260.0,342.0,270.0,9165.0,342.0,-5.0,-7505.0,-32.0,-31.0,-30.0,-4665.0,-48.0,4.2460300925925925,45,265.0,8841.666666666666,336.3333333333333,36.0,275.0,342.0,-20.0,935.0,-17.0,245.0
2018-07-15 12:54:41,2018-07-15,Incline Bench Press (Barbell),4,31,7705.0,255.0,248.75,316.66666666666663,8,265.0,9590.0,38.0,318.0,5.0,260.0,10880.0,316.66666666666663,255.0,11470.0,321.1666666666667,-10.0,-1885.0,-7.0,-1.3333333333333712,-5.0,-3175.0,0.0,7.846678240740741,108,260.0,10646.666666666666,318.6111111111111,44.0,265.0,321.1666666666667,10.0,-1880.0,-3.1666666666666856,255.0
2018-07-15 12:54:41,2018-07-15,Incline Press (Dumbbell),4,42,7700.0,200.0,185.0,253.3333333333333,12,180.0,3780.0,21.0,246.0,2.0,160.0,4800.0,213.3333333333333,200.0,5480.0,266.0,20.0,3920.0,21.0,7.333333333333286,40.0,2900.0,40.0,7.846678240740741,50,180.0,4686.666666666667,241.77777777777774,26.333333333333332,200.0,266.0,-20.0,-1700.0,-20.0,200.0
2018-07-17 19:42:11,2018-07-17,Hammer Row - Wide Grip,2,22,5060.0,230.0,230.0,322.0,12,205.0,9225.0,45.0,307.5,3.0,190.0,8475.0,285.0,230.0,7130.0,314.3333333333333,25.0,-4165.0,-23.0,14.5,40.0,-3415.0,37.0,11.088680555555555,20,208.33333333333334,8276.666666666666,302.27777777777777,40.333333333333336,230.0,314.3333333333333,-25.0,2095.0,-6.833333333333314,230.0
2018-07-17 19:42:11,2018-07-17,Hammer seated row (CLOSE GRIP),2,20,4600.0,230.0,230.0,306.66666666666663,10,210.0,7020.0,34.0,294.0,3.0,230.0,8260.0,306.66666666666663,210.0,6300.0,280.0,20.0,-2420.0,-14.0,12.666666666666629,0.0,-3660.0,0.0,7.540763888888889,80,216.66666666666666,7193.333333333333,293.55555555555554,34.0,230.0,306.66666666666663,0.0,720.0,14.0,230.0
2018-07-17 19:42:11,2018-07-17,Neutral Chin,6,49,2686.0,62.0,54.666666666666664,80.60000000000001,9,40.0,1660.0,62.0,53.33333333333333,6.0,26.5,1060.0,35.33333333333333,0.0,0.0,0.0,22.0,1026.0,-13.0,27.26666666666668,35.5,1626.0,45.26666666666668,7.540763888888889,16,22.166666666666668,906.6666666666666,29.555555555555554,43.333333333333336,40.0,53.33333333333333,40.0,1660.0,53.33333333333333,62.0
2018-07-17 19:42:11,2018-07-17,Seated Cable Row (close Grip),2,23,3450.0,150.0,150.0,210.0,12,130.0,4680.0,36.0,182.0,3.0,135.0,3240.0,189.0,170.0,8160.0,238.0,20.0,-1230.0,-13.0,28.0,15.0,210.0,21.0,36.04346064814815,60,145.0,5360.0,203.0,36.0,170.0,238.0,-40.0,-3480.0,-56.0,150.0
2018-07-18 20:03:34,2018-07-18,Leg press (hinge ),3,39,19500.0,500.0,500.0,750.0,15,450.0,13500.0,30.0,600.0,3.0,630.0,16740.0,819.0,600.0,29880.0,800.0,50.0,6000.0,9.0,150.0,-130.0,2760.0,-69.0,14.126979166666667,78,560.0,20040.0,739.6666666666666,38.0,630.0,819.0,-150.0,-16380.0,-200.0,500.0
2018-07-18 20:03:34,2018-07-18,Romanian Deadlift (Barbell),4,25,5575.0,235.0,222.5,297.66666666666663,8,225.0,3375.0,15.0,262.5,3.0,215.0,5585.0,272.3333333333333,215.0,8100.0,272.3333333333333,10.0,2200.0,10.0,35.16666666666663,20.0,-10.0,25.333333333333314,4.209710648148148,44,218.33333333333334,5686.666666666667,269.0555555555556,29.333333333333332,225.0,272.3333333333333,10.0,-4725.0,-9.833333333333314,235.0
2018-07-18 20:03:34,2018-07-18,Squat (Barbell),7,47,14215.0,330.0,299.2857142857143,418.0,8,380.0,12380.0,37.0,456.0,7.0,375.0,14310.0,450.0,325.0,10890.0,411.6666666666666,-50.0,1835.0,10.0,-38.0,-45.0,-95.0,-32.0,4.209710648148148,156,360.0,12526.666666666666,439.2222222222222,39.0,380.0,456.0,55.0,1490.0,44.33333333333343,330.0
2018-07-19 07:14:12,2018-07-19,Bench Press (Barbell),9,64,16030.0,285.0,252.77777777777777,339.1666666666667,13,245.0,2595.0,11.0,294.0,2.0,250.0,10100.0,325.0,275.0,7260.0,342.0,40.0,13435.0,53.0,45.166666666666686,35.0,5930.0,14.166666666666686,3.7635532407407406,46,256.6666666666667,6651.666666666667,320.3333333333333,27.333333333333332,275.0,342.0,-30.0,-4665.0,-48.0,285.0
2018-07-21 08:11:10,2018-07-21,Bicep Curl (Barbell),3,28,2420.0,95.0,88.33333333333333,120.33333333333331,12,70.0,2730.0,39.0,102.66666666666669,3.0,70.0,3150.0,105.0,60.0,2340.0,86.0,25.0,-310.0,-11.0,17.66666666666663,25.0,-730.0,15.333333333333314,11.060891203703704,76,66.66666666666667,2740.0,97.8888888888889,41.0,70.0,105.0,10.0,390.0,16.666666666666686,95.0
2018-07-21 08:11:10,2018-07-21,Hammer High Row - 1 Arm,2,20,3650.0,185.0,182.5,246.66666666666663,10,185.0,3650.0,20.0,246.66666666666663,2.0,200.0,2000.0,266.66666666666663,90.0,2160.0,126.0,0.0,0.0,0.0,0.0,-15.0,1650.0,-20.0,43.52648148148148,9,158.33333333333334,2603.3333333333335,213.1111111111111,18.0,200.0,266.66666666666663,95.0,1490.0,120.66666666666663,185.0
2018-07-21 08:11:10,2018-07-21,Hammer Row - Wide Grip,5,64,12160.0,190.0,190.0,285.0,15,230.0,5060.0,22.0,322.0,2.0,205.0,9225.0,307.5,190.0,8475.0,285.0,-40.0,7100.0,42.0,-37.0,-15.0,2935.0,-22.5,3.5201273148148147,21,208.33333333333334,7586.666666666667,304.8333333333333,37.333333333333336,230.0,322.0,40.0,-3415.0,37.0,190.0
2018-07-22 08:27:15,2018-07-22,Leg press (hinge ),2,20,8300.0,470.0,415.0,626.6666666666666,10,500.0,19500.0,39.0,750.0,3.0,450.0,13500.0,600.0,630.0,16740.0,819.0,-30.0,-11200.0,-19.0,-123.33333333333337,20.0,-5200.0,26.66666666666663,3.516446759259259,79,526.6666666666666,16580.0,723.0,33.0,630.0,819.0,-130.0,2760.0,-69.0,470.0
2018-07-22 08:27:15,2018-07-22,Romanian Deadlift (Barbell),3,20,3980.0,205.0,198.33333333333334,259.66666666666663,8,235.0,5575.0,25.0,297.66666666666663,4.0,225.0,3375.0,262.5,215.0,5585.0,272.3333333333333,-30.0,-1595.0,-5.0,-38.0,-20.0,605.0,-2.8333333333333712,3.516446759259259,45,225.0,4845.0,277.5,23.0,235.0,297.66666666666663,20.0,-10.0,25.333333333333314,205.0
2018-07-22 08:27:15,2018-07-22,Squat (Barbell),8,44,13465.0,340.0,307.5,408.0,8,330.0,14215.0,47.0,418.0,7.0,380.0,12380.0,456.0,375.0,14310.0,450.0,10.0,-750.0,-3.0,-10.0,-40.0,1085.0,-48.0,3.516446759259259,157,361.6666666666667,13635.0,441.3333333333333,42.666666666666664,380.0,456.0,-45.0,-95.0,-32.0,340.0
2018-07-23 07:03:14,2018-07-23,Incline Bench Press (Barbell),6,37,9005.0,265.0,243.33333333333334,318.0,8,255.0,7705.0,31.0,316.66666666666663,4.0,265.0,9590.0,318.0,260.0,10880.0,316.66666666666663,10.0,1300.0,6.0,1.3333333333333712,0.0,-585.0,0.0,7.7559375,109,260.0,9391.666666666666,317.1111111111111,38.333333333333336,265.0,318.0,-5.0,-3175.0,0.0,265.0
2018-07-23 07:03:14,2018-07-23,Incline Press (Dumbbell),3,34,5760.0,180.0,170.0,252.0,12,200.0,7700.0,42.0,253.3333333333333,4.0,180.0,3780.0,246.0,160.0,4800.0,213.3333333333333,-20.0,-1940.0,-8.0,-1.333333333333286,0.0,1980.0,6.0,7.7559375,51,180.0,5426.666666666667,237.55555555555551,31.0,200.0,253.3333333333333,40.0,2900.0,40.0,180.0
2018-07-25 07:39:28,2018-07-25,Bicep Curl (Barbell),1,12,840.0,70.0,70.0,98.0,12,95.0,2420.0,28.0,120.33333333333331,3.0,70.0,2730.0,102.66666666666669,70.0,3150.0,105.0,-25.0,-1580.0,-16.0,-22.333333333333314,0.0,-1890.0,-4.666666666666686,3.977986111111111,77,78.33333333333333,2766.6666666666665,109.33333333333333,37.333333333333336,95.0,120.33333333333331,25.0,-730.0,15.333333333333314,70.0
2018-07-25 07:39:28,2018-07-25,Neutral Chin,2,21,273.0,13.0,13.0,18.633333333333333,13,62.0,2686.0,49.0,80.60000000000001,6.0,40.0,1660.0,53.33333333333333,26.5,1060.0,35.33333333333333,-49.0,-2413.0,-28.0,-61.966666666666676,-27.0,-1387.0,-34.699999999999996,7.498113425925926,17,42.833333333333336,1802.0,56.42222222222222,53.0,62.0,80.60000000000001,35.5,1626.0,45.26666666666668,13.0
2018-07-25 07:39:28,2018-07-25,Seated Cable Row (close Grip),5,54,7130.0,140.0,132.0,191.33333333333331,11,150.0,3450.0,23.0,210.0,2.0,130.0,4680.0,182.0,135.0,3240.0,189.0,-10.0,3680.0,31.0,-18.666666666666686,10.0,2450.0,9.333333333333314,7.498113425925926,61,138.33333333333334,3790.0,193.66666666666666,27.666666666666668,150.0,210.0,15.0,210.0,21.0,140.0
2018-07-25 07:39:28,2018-07-25,T-bar Row,1,9,1035.0,115.0,115.0,149.5,9,140.0,4540.0,36.0,177.33333333333331,4.0,140.0,4465.0,177.33333333333331,137.5,3025.0,174.16666666666666,-25.0,-3505.0,-27.0,-27.833333333333314,-25.0,-3430.0,-27.833333333333314,15.038877314814815,36,139.16666666666666,4010.0,176.27777777777774,31.0,140.0,177.33333333333331,2.5,1515.0,3.166666666666657,115.0
2018-07-26 07:13:40,2018-07-26,Leg press (hinge ),3,32,17800.0,590.0,560.0,786.6666666666666,12,470.0,8300.0,20.0,626.6666666666666,2.0,500.0,19500.0,750.0,450.0,13500.0,600.0,120.0,9500.0,12.0,160.0,90.0,-1700.0,36.66666666666663,3.948900462962963,80,473.3333333333333,13766.666666666666,658.8888888888889,29.666666666666668,500.0,750.0,20.0,-5200.0,26.66666666666663,590.0
2018-07-26 07:13:40,2018-07-26,Romanian Deadlift (Barbell),3,23,4955.0,235.0,218.33333333333334,297.66666666666663,9,205.0,3980.0,20.0,259.66666666666663,3.0,235.0,5575.0,297.66666666666663,225.0,3375.0,262.5,30.0,975.0,3.0,38.0,0.0,-620.0,0.0,3.948900462962963,46,221.66666666666666,4310.0,273.27777777777777,20.0,235.0,297.66666666666663,-20.0,605.0,-2.8333333333333712,235.0
2018-07-26 07:13:40,2018-07-26,Squat (Barbell),8,42,13810.0,385.0,328.75,449.1666666666667,6,340.0,13465.0,44.0,408.0,8.0,330.0,14215.0,418.0,380.0,12380.0,456.0,45.0,345.0,-2.0,41.166666666666686,55.0,-405.0,31.166666666666686,3.948900462962963,158,350.0,13353.333333333334,427.3333333333333,42.666666666666664,380.0,456.0,-40.0,1085.0,-48.0,385.0
2018-07-27 07:37:04,2018-07-27,Bench Press (Barbell),6,34,9010.0,290.0,261.6666666666667,357.6666666666667,7,285.0,16030.0,64.0,339.1666666666667,9.0,245.0,2595.0,294.0,250.0,10100.0,325.0,5.0,-7020.0,-30.0,18.5,45.0,6415.0,63.666666666666686,8.01587962962963,47,260.0,9575.0,319.3888888888889,39.333333333333336,285.0,339.1666666666667,35.0,5930.0,14.166666666666686,290.0
2018-07-27 07:37:04,2018-07-27,Seated Shoulder Press (Dumbbell),4,42,7140.0,170.0,170.0,238.0,12,120.0,1200.0,10.0,160.0,1.0,55.0,1550.0,73.33333333333333,170.0,5580.0,215.3333333333333,50.0,5940.0,32.0,78.0,115.0,5590.0,164.66666666666669,99.49378472222222,14,115.0,2776.6666666666665,149.55555555555554,24.666666666666668,170.0,215.3333333333333,-50.0,-4380.0,-55.333333333333286,170.0
2018-07-29 09:06:38,2018-07-29,Bicep Curl (Barbell),2,22,1640.0,80.0,75.0,106.66666666666666,12,70.0,840.0,12.0,98.0,1.0,95.0,2420.0,120.33333333333331,70.0,2730.0,102.66666666666669,10.0,800.0,10.0,8.666666666666657,-15.0,-780.0,-13.666666666666657,4.060532407407408,78,78.33333333333333,1996.6666666666667,107.0,26.333333333333332,95.0,120.33333333333331,0.0,-1890.0,-4.666666666666686,80.0
2018-07-29 09:06:38,2018-07-29,Face pull,3,45,3600.0,80.0,80.0,120.0,15,80.0,3600.0,45.0,120.0,3.0,90.0,4470.0,123.0,70.0,2520.0,98.0,0.0,0.0,0.0,0.0,-10.0,-870.0,-3.0,30.552002314814814,28,80.0,3530.0,113.66666666666667,45.333333333333336,90.0,123.0,10.0,1080.0,22.0,80.0
2018-07-29 09:06:38,2018-07-29,Hammer Row - Wide Grip,3,32,7520.0,235.0,235.0,329.0,12,190.0,12160.0,64.0,285.0,5.0,230.0,5060.0,322.0,205.0,9225.0,307.5,45.0,-4640.0,-32.0,44.0,5.0,2460.0,7.0,8.038518518518519,22,208.33333333333334,8815.0,304.8333333333333,43.666666666666664,230.0,322.0,-15.0,2935.0,-22.5,235.0
2018-07-29 09:06:38,2018-07-29,Hammer seated row (CLOSE GRIP),2,25,5400.0,240.0,220.0,320.0,15,230.0,4600.0,20.0,306.66666666666663,2.0,210.0,7020.0,294.0,230.0,8260.0,306.66666666666663,10.0,800.0,5.0,13.333333333333371,30.0,-1620.0,26.0,11.558645833333333,81,223.33333333333334,6626.666666666667,302.4444444444444,30.666666666666668,230.0,306.66666666666663,0.0,-3660.0,0.0,240.0
2018-07-29 09:06:38,2018-07-29,Neutral Chin,4,37,1305.0,45.0,33.75,61.5,11,13.0,273.0,21.0,18.633333333333333,2.0,62.0,2686.0,80.60000000000001,40.0,1660.0,53.33333333333333,32.0,1032.0,16.0,42.86666666666667,-17.0,-1381.0,-19.10000000000001,4.060532407407408,18,38.333333333333336,1539.6666666666667,50.85555555555556,44.0,62.0,80.60000000000001,-27.0,-1387.0,-34.699999999999996,45.0
2018-07-30 06:34:37,2018-07-30,Romanian Deadlift (Barbell),4,25,5745.0,235.0,230.0,282.0,7,235.0,4955.0,23.0,297.66666666666663,3.0,205.0,3980.0,259.66666666666663,235.0,5575.0,297.66666666666663,0.0,790.0,2.0,-15.666666666666629,30.0,1765.0,22.33333333333337,3.9728819444444445,47,225.0,4836.666666666667,285.0,22.666666666666668,235.0,297.66666666666663,0.0,-620.0,0.0,235.0
2018-07-30 06:34:37,2018-07-30,Squat (Barbell),8,43,13125.0,340.0,305.0,408.0,6,385.0,13810.0,42.0,449.1666666666667,8.0,340.0,13465.0,408.0,330.0,14215.0,418.0,-45.0,-685.0,1.0,-41.166666666666686,0.0,-340.0,0.0,3.9728819444444445,159,351.6666666666667,13830.0,425.0555555555556,44.333333333333336,385.0,449.1666666666667,55.0,-405.0,31.166666666666686,340.0
2018-07-31 19:23:16,2018-07-31,Incline Bench Press (Barbell),5,39,9640.0,270.0,252.0,318.0,12,265.0,9005.0,37.0,318.0,6.0,255.0,7705.0,316.66666666666663,265.0,9590.0,318.0,5.0,635.0,2.0,0.0,15.0,1935.0,1.3333333333333712,8.513912037037038,110,261.6666666666667,8766.666666666666,317.5555555555556,35.333333333333336,265.0,318.0,0.0,-585.0,0.0,270.0
2018-07-31 19:23:16,2018-07-31,Incline Press (Dumbbell),2,18,3500.0,200.0,195.0,253.3333333333333,10,180.0,5760.0,34.0,252.0,3.0,200.0,7700.0,253.3333333333333,180.0,3780.0,246.0,20.0,-2260.0,-16.0,1.333333333333286,0.0,-4200.0,0.0,8.513912037037038,52,186.66666666666666,5746.666666666667,250.44444444444443,32.333333333333336,200.0,253.3333333333333,0.0,1980.0,6.0,200.0
2018-08-02 22:26:58,2018-08-02,Bicep Curl (Barbell),3,30,2400.0,90.0,80.0,120.0,10,80.0,1640.0,22.0,106.66666666666666,2.0,70.0,840.0,98.0,95.0,2420.0,120.33333333333331,10.0,760.0,8.0,13.333333333333343,20.0,1560.0,22.0,4.555787037037037,79,81.66666666666667,1633.3333333333333,108.33333333333333,20.666666666666668,95.0,120.33333333333331,-15.0,-780.0,-13.666666666666657,90.0
2018-08-02 22:26:58,2018-08-02,Hammer Row - Wide Grip,3,30,7500.0,250.0,250.0,333.3333333333333,10,235.0,7520.0,32.0,329.0,3.0,190.0,12160.0,285.0,230.0,5060.0,322.0,15.0,-20.0,-2.0,4.333333333333314,60.0,-4660.0,48.333333333333314,4.555787037037037,23,218.33333333333334,8246.666666666666,312.0,39.333333333333336,235.0,329.0,5.0,2460.0,7.0,250.0
2018-08-02 22:26:58,2018-08-02,Hammer seated row (CLOSE GRIP),3,30,7500.0,250.0,250.0,333.3333333333333,10,240.0,5400.0,25.0,320.0,2.0,230.0,4600.0,306.66666666666663,210.0,7020.0,294.0,10.0,2100.0,5.0,13.333333333333314,20.0,2900.0,26.666666666666686,4.555787037037037,82,226.66666666666666,5673.333333333333,306.88888888888886,26.333333333333332,240.0,320.0,30.0,-1620.0,26.0,250.0
2018-08-03 19:18:56,2018-08-03,Leg press (hinge ),3,32,18280.0,590.0,573.3333333333334,786.6666666666666,12,590.0,17800.0,32.0,786.6666666666666,3.0,470.0,8300.0,626.6666666666666,500.0,19500.0,750.0,0.0,480.0,0.0,0.0,120.0,9980.0,160.0,8.503657407407408,81,520.0,15200.0,721.111111111111,30.333333333333332,590.0,786.6666666666666,90.0,-1700.0,36.66666666666663,590.0
2018-08-03 19:18:56,2018-08-03,Romanian Deadlift (Barbell),4,32,7120.0,235.0,222.5,297.66666666666663,8,235.0,5745.0,25.0,282.0,4.0,235.0,4955.0,297.66666666666663,205.0,3980.0,259.66666666666663,0.0,1375.0,7.0,15.666666666666629,0.0,2165.0,0.0,4.530775462962963,48,225.0,4893.333333333333,279.77777777777777,22.666666666666668,235.0,297.66666666666663,30.0,1765.0,22.33333333333337,235.0
2018-08-03 19:18:56,2018-08-03,Squat (Barbell),9,49,15215.0,395.0,319.44444444444446,460.83333333333337,8,340.0,13125.0,43.0,408.0,8.0,385.0,13810.0,449.1666666666667,340.0,13465.0,408.0,55.0,2090.0,6.0,52.83333333333337,10.0,1405.0,11.666666666666686,4.530775462962963,160,355.0,13466.666666666666,421.72222222222223,43.0,385.0,449.1666666666667,0.0,-340.0,0.0,395.0
2018-08-04 12:07:03,2018-08-04,Bench Press (Barbell),6,28,7975.0,300.0,280.8333333333333,350.0,5,290.0,9010.0,34.0,357.6666666666667,6.0,285.0,16030.0,339.1666666666667,245.0,2595.0,294.0,10.0,-1035.0,-6.0,-7.666666666666686,15.0,-8055.0,10.833333333333314,8.187488425925926,48,273.3333333333333,9211.666666666666,330.27777777777777,36.333333333333336,290.0,357.6666666666667,45.0,6415.0,63.666666666666686,300.0
2018-08-04 12:07:03,2018-08-04,Lateral Raise (Dumbbells),2,28,1400.0,50.0,50.0,75.0,15,50.0,1300.0,26.0,71.66666666666667,2.0,60.0,2080.0,84.0,50.0,1850.0,75.0,0.0,100.0,2.0,3.3333333333333286,-10.0,-680.0,-9.0,24.21295138888889,66,53.333333333333336,1743.3333333333333,76.8888888888889,34.333333333333336,60.0,84.0,0.0,-550.0,-3.3333333333333286,50.0
2018-08-04 12:07:03,2018-08-04,Seated Shoulder Press (Barbell),5,42,8180.0,225.0,197.6,285.0,10,220.0,9740.0,46.0,293.3333333333333,5.0,235.0,7810.0,300.0,245.0,7470.0,296.0,5.0,-1560.0,-4.0,-8.333333333333314,-10.0,370.0,-15.0,24.21295138888889,98,233.33333333333334,8340.0,296.4444444444444,37.0,245.0,300.0,-25.0,2270.0,-2.6666666666666856,225.0
2018-08-06 06:51:28,2018-08-06,Bicep Curl (Barbell),2,20,1800.0,95.0,90.0,126.66666666666666,10,90.0,2400.0,30.0,120.0,3.0,80.0,1640.0,106.66666666666666,70.0,840.0,98.0,5.0,-600.0,-10.0,6.666666666666657,15.0,160.0,20.0,3.350347222222222,80,80.0,1626.6666666666667,108.22222222222221,21.333333333333332,90.0,120.0,20.0,1560.0,22.0,95.0
2018-08-06 06:51:28,2018-08-06,Hammer Curl (Dumbbell ),1,8,560.0,70.0,70.0,88.66666666666666,8,60.0,1200.0,20.0,80.0,2.0,50.0,1500.0,75.0,50.0,600.0,70.0,10.0,-640.0,-12.0,8.666666666666657,20.0,-940.0,13.666666666666657,30.55346064814815,36,53.333333333333336,1100.0,75.0,20.666666666666668,60.0,80.0,10.0,600.0,10.0,70.0
2018-08-06 06:51:28,2018-08-06,Hammer Row - Wide Grip,3,30,6800.0,250.0,226.66666666666666,333.3333333333333,10,250.0,7500.0,30.0,333.3333333333333,3.0,235.0,7520.0,329.0,190.0,12160.0,285.0,0.0,-700.0,0.0,0.0,15.0,-720.0,4.333333333333314,3.350347222222222,24,225.0,9060.0,315.77777777777777,42.0,250.0,333.3333333333333,60.0,-4660.0,48.333333333333314,250.0
2018-08-06 06:51:28,2018-08-06,Hammer seated row (CLOSE GRIP),3,28,6500.0,250.0,233.33333333333334,333.3333333333333,10,250.0,7500.0,30.0,333.3333333333333,3.0,240.0,5400.0,320.0,230.0,4600.0,306.66666666666663,0.0,-1000.0,-2.0,0.0,10.0,1100.0,13.333333333333314,3.350347222222222,83,240.0,5833.333333333333,320.0,25.0,250.0,333.3333333333333,20.0,2900.0,26.666666666666686,250.0
2018-08-06 06:51:28,2018-08-06,Neutral Chin,7,51,2670.0,70.0,51.57142857142857,86.33333333333334,9,45.0,1305.0,37.0,61.5,4.0,13.0,273.0,18.633333333333333,62.0,2686.0,80.60000000000001,25.0,1365.0,14.0,24.833333333333343,57.0,2397.0,67.70000000000002,7.906134259259259,19,40.0,1421.3333333333333,53.57777777777778,35.666666666666664,62.0,80.60000000000001,-17.0,-1381.0,-19.10000000000001,70.0
2018-08-08 20:25:00,2018-08-08,Incline Bench Press (Barbell),6,41,10195.0,275.0,250.0,323.0,8,270.0,9640.0,39.0,318.0,5.0,265.0,9005.0,318.0,255.0,7705.0,316.66666666666663,5.0,555.0,2.0,5.0,10.0,1190.0,5.0,8.04287037037037,111,263.3333333333333,8783.333333333334,317.5555555555556,35.666666666666664,270.0,318.0,15.0,1935.0,1.3333333333333712,275.0
2018-08-08 20:25:00,2018-08-08,Seated Shoulder Press (Barbell),2,16,3120.0,195.0,195.0,247.0,8,225.0,8180.0,42.0,285.0,5.0,220.0,9740.0,293.3333333333333,235.0,7810.0,300.0,-30.0,-5060.0,-26.0,-38.0,-25.0,-6620.0,-46.333333333333314,4.345798611111111,99,226.66666666666666,8576.666666666666,292.77777777777777,40.666666666666664,235.0,300.0,-10.0,370.0,-15.0,195.0
2018-08-10 17:55:03,2018-08-10,Leg outward fly,4,44,5480.0,130.0,125.0,182.0,12,130.0,4680.0,36.0,182.0,3.0,130.0,8050.0,195.0,130.0,4800.0,182.0,0.0,800.0,8.0,0.0,0.0,-2570.0,-13.0,57.953125,37,130.0,5843.333333333333,186.33333333333334,46.666666666666664,130.0,195.0,0.0,-120.0,0.0,130.0
2018-08-10 17:55:03,2018-08-10,Romanian Deadlift (Barbell),3,21,4935.0,235.0,235.0,289.83333333333337,7,235.0,7120.0,32.0,297.66666666666663,4.0,235.0,5745.0,282.0,235.0,4955.0,297.66666666666663,0.0,-2185.0,-11.0,-7.8333333333332575,0.0,-810.0,7.833333333333371,6.941747685185185,49,235.0,5940.0,292.4444444444444,26.666666666666668,235.0,297.66666666666663,0.0,2165.0,0.0,235.0
2018-08-10 17:55:03,2018-08-10,Squat (Barbell),10,61,18495.0,365.0,308.0,425.83333333333337,9,395.0,15215.0,49.0,460.83333333333337,9.0,340.0,13125.0,408.0,385.0,13810.0,449.1666666666667,-30.0,3280.0,12.0,-35.0,25.0,5370.0,17.83333333333337,6.941747685185185,161,373.3333333333333,14050.0,439.3333333333333,44.666666666666664,395.0,460.83333333333337,10.0,1405.0,11.666666666666686,365.0
2018-08-11 15:16:13,2018-08-11,Bicep Curl (Barbell),2,22,1760.0,80.0,80.0,112.0,12,95.0,1800.0,20.0,126.66666666666666,2.0,90.0,2400.0,120.0,80.0,1640.0,106.66666666666666,-15.0,-40.0,2.0,-14.666666666666657,-10.0,-640.0,-8.0,5.350520833333333,81,88.33333333333333,1946.6666666666667,117.77777777777777,24.0,95.0,126.66666666666666,15.0,160.0,20.0,80.0
2018-08-11 15:16:13,2018-08-11,Hammer Row - Wide Grip,4,40,10000.0,250.0,250.0,333.3333333333333,10,250.0,6800.0,30.0,333.3333333333333,3.0,250.0,7500.0,333.3333333333333,235.0,7520.0,329.0,0.0,3200.0,10.0,0.0,0.0,2500.0,0.0,5.350520833333333,25,245.0,7273.333333333333,331.88888888888886,30.666666666666668,250.0,333.3333333333333,15.0,-720.0,4.333333333333314,250.0
2018-08-11 15:16:13,2018-08-11,Neutral Chin,2,18,630.0,35.0,35.0,46.66666666666666,10,70.0,2670.0,51.0,86.33333333333334,7.0,45.0,1305.0,61.5,13.0,273.0,18.633333333333333,-35.0,-2040.0,-33.0,-39.666666666666686,-10.0,-675.0,-14.833333333333343,5.350520833333333,20,42.666666666666664,1416.0,55.4888888888889,36.333333333333336,70.0,86.33333333333334,57.0,2397.0,67.70000000000002,35.0
2018-08-12 13:39:51,2018-08-12,Bench Press (Barbell),5,32,8490.0,290.0,268.0,348.0,8,300.0,7975.0,28.0,350.0,6.0,290.0,9010.0,357.6666666666667,285.0,16030.0,339.1666666666667,-10.0,515.0,4.0,-2.0,0.0,-520.0,-9.666666666666686,8.064444444444444,49,291.6666666666667,11005.0,348.9444444444445,42.0,300.0,357.6666666666667,15.0,-8055.0,10.833333333333314,290.0
2018-08-12 13:39:51,2018-08-12,Seated Shoulder Press (Barbell),5,37,8245.0,230.0,220.0,291.3333333333333,8,195.0,3120.0,16.0,247.0,2.0,225.0,8180.0,285.0,220.0,9740.0,293.3333333333333,35.0,5125.0,21.0,44.333333333333314,5.0,65.0,6.333333333333314,3.7186458333333334,100,213.33333333333334,7013.333333333333,275.1111111111111,34.666666666666664,225.0,293.3333333333333,-25.0,-6620.0,-46.333333333333314,230.0
2018-08-12 13:39:51,2018-08-12,Tricep pushdown,2,20,2700.0,140.0,135.0,186.66666666666663,10,130.0,2800.0,25.0,173.33333333333331,2.0,130.0,4440.0,182.0,110.0,1650.0,165.0,10.0,-100.0,-5.0,13.333333333333314,10.0,-1740.0,4.666666666666629,84.15037037037037,28,123.33333333333333,2963.3333333333335,173.44444444444443,25.333333333333332,130.0,182.0,20.0,1150.0,8.333333333333314,140.0
2018-08-14 07:00:58,2018-08-14,Romanian Deadlift (Barbell),4,33,6525.0,245.0,200.0,302.1666666666667,10,235.0,4935.0,21.0,289.83333333333337,3.0,235.0,7120.0,297.66666666666663,235.0,5745.0,282.0,10.0,1590.0,12.0,12.333333333333314,10.0,-595.0,4.500000000000057,3.545775462962963,50,235.0,5933.333333333333,289.8333333333333,26.0,235.0,297.66666666666663,0.0,-810.0,7.833333333333371,245.0
2018-08-14 07:00:58,2018-08-14,Squat (Barbell),8,42,12660.0,395.0,310.0,460.83333333333337,8,365.0,18495.0,61.0,425.83333333333337,10.0,395.0,15215.0,460.83333333333337,340.0,13125.0,408.0,30.0,-5835.0,-19.0,35.0,0.0,-2555.0,0.0,3.545775462962963,162,366.6666666666667,15611.666666666666,431.5555555555556,51.0,395.0,460.83333333333337,25.0,5370.0,17.83333333333337,395.0
2018-08-15 07:22:28,2018-08-15,Bicep Curl (Barbell),2,22,1870.0,85.0,85.0,119.0,12,80.0,1760.0,22.0,112.0,2.0,95.0,1800.0,126.66666666666666,90.0,2400.0,120.0,5.0,110.0,0.0,7.0,-10.0,70.0,-7.666666666666657,3.6710069444444446,82,88.33333333333333,1986.6666666666667,119.55555555555554,24.0,95.0,126.66666666666666,-10.0,-640.0,-8.0,85.0
2018-08-15 07:22:28,2018-08-15,Hammer Row - Wide Grip,3,30,7100.0,240.0,236.66666666666666,320.0,10,250.0,10000.0,40.0,333.3333333333333,4.0,250.0,6800.0,333.3333333333333,250.0,7500.0,333.3333333333333,-10.0,-2900.0,-10.0,-13.333333333333314,-10.0,300.0,-13.333333333333314,3.6710069444444446,26,250.0,8100.0,333.3333333333333,33.333333333333336,250.0,333.3333333333333,0.0,2500.0,0.0,240.0
2018-08-15 07:22:28,2018-08-15,Hammer seated row (CLOSE GRIP),3,22,5620.0,270.0,256.6666666666667,342.0,8,250.0,6500.0,28.0,333.3333333333333,3.0,250.0,7500.0,333.3333333333333,240.0,5400.0,320.0,20.0,-880.0,-6.0,8.666666666666686,20.0,-1880.0,8.666666666666686,9.021527777777777,84,246.66666666666666,6466.666666666667,328.88888888888886,27.666666666666668,250.0,333.3333333333333,10.0,1100.0,13.333333333333314,270.0
2018-08-15 07:22:28,2018-08-15,Neutral Chin,6,59,2592.0,63.5,43.833333333333336,82.55,12,35.0,630.0,18.0,46.66666666666666,2.0,70.0,2670.0,86.33333333333334,45.0,1305.0,61.5,28.5,1962.0,41.0,35.88333333333334,-6.5,-78.0,-3.7833333333333456,3.6710069444444446,21,50.0,1535.0,64.83333333333333,35.333333333333336,70.0,86.33333333333334,-10.0,-675.0,-14.833333333333343,63.5
2018-08-16 11:44:33,2018-08-16,Incline Bench Press (Barbell),6,40,9980.0,275.0,255.0,320.83333333333337,10,275.0,10195.0,41.0,323.0,6.0,270.0,9640.0,318.0,265.0,9005.0,318.0,0.0,-215.0,-1.0,-2.1666666666666288,5.0,340.0,2.8333333333333712,7.638576388888889,112,270.0,9613.333333333334,319.6666666666667,39.0,275.0,323.0,10.0,1190.0,5.0,275.0
2018-08-18 09:49:55,2018-08-18,Hammer Row - Wide Grip,2,22,5060.0,230.0,230.0,322.0,12,240.0,7100.0,30.0,320.0,3.0,250.0,10000.0,333.3333333333333,250.0,6800.0,333.3333333333333,-10.0,-2040.0,-8.0,2.0,-20.0,-4940.0,-11.333333333333314,3.1023958333333335,27,246.66666666666666,7966.666666666667,328.8888888888889,33.333333333333336,250.0,333.3333333333333,-10.0,300.0,-13.333333333333314,230.0
2018-08-18 09:49:55,2018-08-18,Neutral Chin,1,10,575.0,57.5,57.5,76.66666666666666,10,63.5,2592.0,59.0,82.55,6.0,35.0,630.0,46.66666666666666,70.0,2670.0,86.33333333333334,-6.0,-2017.0,-49.0,-5.88333333333334,22.5,-55.0,30.0,3.1023958333333335,22,56.166666666666664,1964.0,71.85000000000001,42.666666666666664,70.0,86.33333333333334,-6.5,-78.0,-3.7833333333333456,57.5
2018-08-19 14:10:34,2018-08-19,Deadlift - Trap Bar,4,24,7670.0,365.0,317.5,462.3333333333333,8,275.0,5775.0,23.0,330.0,4.0,225.0,2700.0,270.0,325.0,6900.0,390.0,90.0,1895.0,1.0,132.33333333333331,140.0,4970.0,192.33333333333331,83.99181712962962,3,275.0,5125.0,330.0,19.666666666666668,325.0,390.0,-50.0,-1125.0,-60.0,365.0
2018-08-19 14:10:34,2018-08-19,Squat (Barbell),8,42,12000.0,335.0,283.75,402.0,6,395.0,12660.0,42.0,460.83333333333337,8.0,365.0,18495.0,425.83333333333337,395.0,15215.0,460.83333333333337,-60.0,-660.0,0.0,-58.83333333333337,-30.0,-6495.0,-23.83333333333337,5.298333333333333,163,385.0,15456.666666666666,449.1666666666667,50.666666666666664,395.0,460.83333333333337,0.0,-2555.0,0.0,335.0
2018-08-21 07:01:53,2018-08-21,Bench Press (Barbell),6,35,9260.0,300.0,270.0,350.0,12,290.0,8490.0,32.0,348.0,5.0,300.0,7975.0,350.0,290.0,9010.0,357.6666666666667,10.0,770.0,3.0,2.0,0.0,1285.0,0.0,8.72363425925926,50,293.3333333333333,8491.666666666666,351.88888888888886,31.333333333333332,300.0,357.6666666666667,0.0,-520.0,-9.666666666666686,300.0
2018-08-21 07:01:53,2018-08-21,Seated Shoulder Press (Barbell),5,42,8950.0,230.0,214.0,291.3333333333333,10,230.0,8245.0,37.0,291.3333333333333,5.0,195.0,3120.0,247.0,225.0,8180.0,285.0,0.0,705.0,5.0,0.0,35.0,5830.0,44.333333333333314,8.72363425925926,101,216.66666666666666,6515.0,274.4444444444444,31.666666666666668,230.0,291.3333333333333,5.0,65.0,6.333333333333314,230.0
2018-08-22 07:36:34,2018-08-22,Hammer High Row - 1 Arm,2,20,3700.0,190.0,185.0,253.3333333333333,10,185.0,3650.0,20.0,246.66666666666663,2.0,185.0,3650.0,246.66666666666663,200.0,2000.0,266.66666666666663,5.0,50.0,0.0,6.666666666666657,5.0,50.0,6.666666666666657,31.97597222222222,10,190.0,3100.0,253.3333333333333,16.666666666666668,200.0,266.66666666666663,-15.0,1650.0,-20.0,190.0
2018-08-22 07:36:34,2018-08-22,Lat Pulldown,3,30,5100.0,170.0,170.0,226.66666666666663,10,140.0,4640.0,36.0,177.33333333333331,4.0,175.0,5800.0,226.66666666666663,110.0,2640.0,154.0,30.0,460.0,-6.0,49.333333333333314,-5.0,-700.0,0.0,60.586099537037036,36,141.66666666666666,4360.0,185.99999999999997,32.666666666666664,175.0,226.66666666666663,30.0,2000.0,23.333333333333314,170.0
2018-08-22 07:36:34,2018-08-22,T-bar Row,4,32,4400.0,140.0,137.5,177.33333333333331,8,115.0,1035.0,9.0,149.5,1.0,140.0,4540.0,177.33333333333331,140.0,4465.0,177.33333333333331,25.0,3365.0,23.0,27.833333333333314,0.0,-140.0,0.0,27.99798611111111,37,131.66666666666666,3346.6666666666665,168.05555555555554,26.666666666666668,140.0,177.33333333333331,-25.0,-3430.0,-27.833333333333314,140.0
2018-08-24 18:45:40,2018-08-24,Romanian Deadlift (Barbell),6,42,9280.0,245.0,213.33333333333334,310.3333333333333,8,245.0,6525.0,33.0,302.1666666666667,4.0,235.0,4935.0,289.83333333333337,235.0,7120.0,297.66666666666663,0.0,2755.0,9.0,8.166666666666629,10.0,4345.0,20.499999999999943,10.489375,51,238.33333333333334,6193.333333333333,296.5555555555556,28.666666666666668,245.0,302.1666666666667,10.0,-595.0,4.500000000000057,245.0
2018-08-24 18:45:40,2018-08-24,Squat (Barbell),10,33,11345.0,425.0,355.0,456.50000000000006,5,335.0,12000.0,42.0,402.0,8.0,395.0,12660.0,460.83333333333337,365.0,18495.0,425.83333333333337,90.0,-655.0,-9.0,54.50000000000006,30.0,-1315.0,-4.333333333333314,5.191041666666667,164,365.0,14385.0,429.5555555555556,48.333333333333336,395.0,460.83333333333337,-30.0,-6495.0,-23.83333333333337,425.0
2018-08-25 21:49:39,2018-08-25,Incline Bench Press (Barbell),6,29,7550.0,270.0,259.1666666666667,315.0,5,275.0,9980.0,40.0,320.83333333333337,6.0,275.0,10195.0,323.0,270.0,9640.0,318.0,-5.0,-2430.0,-11.0,-5.833333333333371,-5.0,-2645.0,-8.0,9.420208333333333,113,273.3333333333333,9938.333333333334,320.6111111111111,40.0,275.0,323.0,5.0,340.0,2.8333333333333712,270.0
2018-08-25 21:49:39,2018-08-25,Lateral Raise (Dumbbells),2,27,1200.0,50.0,45.0,70.0,15,50.0,1400.0,28.0,75.0,2.0,50.0,1300.0,71.66666666666667,60.0,2080.0,84.0,0.0,-200.0,-1.0,-5.0,0.0,-100.0,-1.6666666666666714,21.404583333333335,67,53.333333333333336,1593.3333333333333,76.8888888888889,31.333333333333332,60.0,84.0,-10.0,-680.0,-9.0,50.0
2018-08-25 21:49:39,2018-08-25,Low Incline Dumbbell Bench,3,30,6080.0,210.0,203.33333333333334,280.0,12,200.0,4000.0,20.0,266.66666666666663,2.0,200.0,4000.0,266.66666666666663,190.0,1900.0,253.3333333333333,10.0,2080.0,10.0,13.333333333333371,10.0,2080.0,13.333333333333371,105.31657407407407,9,196.66666666666666,3300.0,262.2222222222222,16.666666666666668,200.0,266.66666666666663,10.0,2100.0,13.333333333333343,210.0
2018-08-26 13:22:48,2018-08-26,Bicep Curl (Barbell),3,36,3060.0,85.0,85.0,119.0,12,85.0,1870.0,22.0,119.0,2.0,80.0,1760.0,112.0,95.0,1800.0,126.66666666666666,0.0,1190.0,14.0,0.0,5.0,1300.0,7.0,11.250231481481482,83,86.66666666666667,1810.0,119.22222222222221,21.333333333333332,95.0,126.66666666666666,-10.0,70.0,-7.666666666666657,85.0
2018-08-26 13:22:48,2018-08-26,Hammer High Row - 1 Arm,2,20,4100.0,210.0,205.0,280.0,10,190.0,3700.0,20.0,253.3333333333333,2.0,185.0,3650.0,246.66666666666663,185.0,3650.0,246.66666666666663,20.0,400.0,0.0,26.666666666666714,25.0,450.0,33.33333333333337,4.240439814814815,11,186.66666666666666,3666.6666666666665,248.88888888888883,20.0,190.0,253.3333333333333,5.0,50.0,6.666666666666657,210.0
2018-08-26 13:22:48,2018-08-26,Hammer Row - Wide Grip,2,20,5000.0,250.0,250.0,333.3333333333333,10,230.0,5060.0,22.0,322.0,2.0,240.0,7100.0,320.0,250.0,10000.0,333.3333333333333,20.0,-60.0,-2.0,11.333333333333314,10.0,-2100.0,13.333333333333314,8.147835648148147,28,240.0,7386.666666666667,325.1111111111111,30.666666666666668,250.0,333.3333333333333,-20.0,-4940.0,-11.333333333333314,250.0
2018-08-26 13:22:48,2018-08-26,Hammer seated row (CLOSE GRIP),2,20,5000.0,250.0,250.0,333.3333333333333,10,270.0,5620.0,22.0,342.0,3.0,250.0,6500.0,333.3333333333333,250.0,7500.0,333.3333333333333,-20.0,-620.0,-2.0,-8.666666666666686,0.0,-1500.0,0.0,11.250231481481482,85,256.6666666666667,6540.0,336.22222222222223,26.666666666666668,270.0,342.0,20.0,-1880.0,8.666666666666686,250.0
2018-08-26 13:22:48,2018-08-26,Neutral Chin,5,44,2090.0,65.0,49.0,86.66666666666666,10,57.5,575.0,10.0,76.66666666666666,1.0,63.5,2592.0,82.55,35.0,630.0,46.66666666666666,7.5,1515.0,34.0,10.0,1.5,-502.0,4.11666666666666,8.147835648148147,23,52.0,1265.6666666666667,68.62777777777778,29.0,63.5,82.55,22.5,-55.0,30.0,65.0
2018-08-28 07:16:13,2018-08-28,Leg press (hinge ),4,40,24000.0,650.0,600.0,866.6666666666666,10,590.0,18280.0,32.0,786.6666666666666,3.0,590.0,17800.0,786.6666666666666,470.0,8300.0,626.6666666666666,60.0,5720.0,8.0,80.0,60.0,6200.0,80.0,24.498113425925926,82,550.0,14793.333333333334,733.3333333333334,28.0,590.0,786.6666666666666,120.0,9980.0,160.0,650.0
2018-08-28 07:16:13,2018-08-28,Squat (Barbell),7,34,10765.0,370.0,314.2857142857143,431.6666666666667,6,425.0,11345.0,33.0,456.50000000000006,10.0,335.0,12000.0,402.0,395.0,12660.0,460.83333333333337,-55.0,-580.0,1.0,-24.83333333333337,35.0,-1235.0,29.666666666666686,3.521215277777778,165,385.0,12001.666666666666,439.7777777777778,39.0,425.0,460.83333333333337,30.0,-1315.0,-4.333333333333314,370.0
2018-08-29 07:32:34,2018-08-29,Bench Press (Barbell),6,36,9385.0,300.0,265.8333333333333,350.0,10,300.0,9260.0,35.0,350.0,6.0,290.0,8490.0,348.0,300.0,7975.0,350.0,0.0,125.0,1.0,0.0,10.0,895.0,2.0,8.02130787037037,51,296.6666666666667,8575.0,349.3333333333333,31.666666666666668,300.0,350.0,0.0,1285.0,0.0,300.0
2018-08-29 07:32:34,2018-08-29,Seated Shoulder Press (Barbell),5,40,8810.0,235.0,220.0,297.66666666666663,10,230.0,8950.0,42.0,291.3333333333333,5.0,230.0,8245.0,291.3333333333333,195.0,3120.0,247.0,5.0,-140.0,-2.0,6.333333333333314,5.0,565.0,6.333333333333314,8.02130787037037,102,218.33333333333334,6771.666666666667,276.55555555555554,31.666666666666668,230.0,291.3333333333333,35.0,5830.0,44.333333333333314,235.0
2018-08-30 18:46:18,2018-08-30,Bent Over Row (Dumbbell),3,30,6300.0,210.0,210.0,280.0,10,200.0,6000.0,30.0,266.66666666666663,3.0,220.0,7160.0,278.66666666666663,220.0,6600.0,293.3333333333333,10.0,300.0,0.0,13.333333333333371,-10.0,-860.0,1.3333333333333712,83.96754629629629,41,213.33333333333334,6586.666666666667,279.5555555555555,32.0,220.0,293.3333333333333,-20.0,-600.0,-26.666666666666686,210.0
2018-08-30 18:46:18,2018-08-30,Bicep Curl (Barbell),4,48,4080.0,85.0,85.0,119.0,12,85.0,3060.0,36.0,119.0,3.0,85.0,1870.0,119.0,80.0,1760.0,112.0,0.0,1020.0,12.0,0.0,0.0,2210.0,0.0,4.224652777777778,84,83.33333333333333,2230.0,116.66666666666667,26.666666666666668,85.0,119.0,5.0,1300.0,7.0,85.0
2018-08-30 18:46:18,2018-08-30,Hammer High Row - 1 Arm,4,45,9345.0,215.0,207.5,301.0,12,210.0,4100.0,20.0,280.0,2.0,190.0,3700.0,253.3333333333333,185.0,3650.0,246.66666666666663,5.0,5245.0,25.0,21.0,25.0,5645.0,47.666666666666714,4.224652777777778,12,195.0,3816.6666666666665,259.99999999999994,20.0,210.0,280.0,25.0,450.0,33.33333333333337,215.0
2018-09-01 11:44:54,2018-09-01,Romanian Deadlift (Barbell),5,34,6790.0,235.0,205.0,282.0,8,245.0,9280.0,42.0,310.3333333333333,6.0,245.0,6525.0,302.1666666666667,235.0,4935.0,289.83333333333337,-10.0,-2490.0,-8.0,-28.333333333333314,-10.0,265.0,-20.166666666666686,7.707800925925926,52,241.66666666666666,6913.333333333333,300.7777777777778,32.0,245.0,310.3333333333333,10.0,4345.0,20.499999999999943,235.0
2018-09-01 11:44:54,2018-09-01,Squat (Barbell),8,39,12335.0,355.0,313.75,414.1666666666667,6,370.0,10765.0,34.0,431.6666666666667,7.0,425.0,11345.0,456.50000000000006,335.0,12000.0,402.0,-15.0,1570.0,5.0,-17.5,-70.0,990.0,-42.33333333333337,4.1865856481481485,166,376.6666666666667,11370.0,430.0555555555556,36.333333333333336,425.0,456.50000000000006,35.0,-1235.0,29.666666666666686,355.0
2018-09-02 14:57:32,2018-09-02,Incline Bench Press (Barbell),6,31,8145.0,270.0,262.5,324.0,6,270.0,7550.0,29.0,315.0,6.0,275.0,9980.0,320.83333333333337,275.0,10195.0,323.0,0.0,595.0,2.0,9.0,-5.0,-1835.0,3.1666666666666288,7.7138078703703705,114,273.3333333333333,9241.666666666666,319.6111111111111,36.666666666666664,275.0,323.0,-5.0,-2645.0,-8.0,270.0
2018-09-02 14:57:32,2018-09-02,Incline Press (Dumbbell),2,20,3490.0,180.0,175.0,234.0,11,200.0,3500.0,18.0,253.3333333333333,2.0,180.0,5760.0,252.0,200.0,7700.0,253.3333333333333,-20.0,-10.0,2.0,-19.333333333333286,0.0,-2270.0,-18.0,32.81546296296296,53,193.33333333333334,5653.333333333333,252.88888888888889,31.333333333333332,200.0,253.3333333333333,0.0,-4200.0,0.0,180.0
2018-09-02 14:57:32,2018-09-02,Lateral Raise (Dumbbells),3,36,1800.0,50.0,50.0,70.0,12,50.0,1200.0,27.0,70.0,2.0,50.0,1400.0,75.0,50.0,1300.0,71.66666666666667,0.0,600.0,9.0,0.0,0.0,400.0,-5.0,7.7138078703703705,68,50.0,1300.0,72.22222222222223,27.0,50.0,75.0,0.0,-100.0,-1.6666666666666714,50.0
2018-09-02 14:57:32,2018-09-02,Low Incline Dumbbell Bench,2,21,3990.0,190.0,190.0,259.6666666666667,11,210.0,6080.0,30.0,280.0,3.0,200.0,4000.0,266.66666666666663,200.0,4000.0,266.66666666666663,-20.0,-2090.0,-9.0,-20.333333333333314,-10.0,-10.0,-6.999999999999943,7.7138078703703705,10,203.33333333333334,4693.333333333333,271.1111111111111,23.333333333333332,210.0,280.0,10.0,2080.0,13.333333333333371,190.0
2018-09-03 09:44:05,2018-09-03,Bicep Curl (Barbell),2,22,1760.0,80.0,80.0,109.33333333333334,11,85.0,4080.0,48.0,119.0,4.0,85.0,3060.0,119.0,85.0,1870.0,119.0,-5.0,-2320.0,-26.0,-9.666666666666657,-5.0,-1300.0,-9.666666666666657,3.623460648148148,85,85.0,3003.3333333333335,119.0,35.333333333333336,85.0,119.0,0.0,2210.0,0.0,80.0
2018-09-03 09:44:05,2018-09-03,Face pull,2,30,2700.0,90.0,90.0,135.0,15,80.0,3600.0,45.0,120.0,3.0,80.0,3600.0,120.0,90.0,4470.0,123.0,10.0,-900.0,-15.0,15.0,10.0,-900.0,15.0,36.02600694444445,29,83.33333333333333,3890.0,121.0,48.333333333333336,90.0,123.0,-10.0,-870.0,-3.0,90.0
2018-09-03 09:44:05,2018-09-03,Hammer High Row - 1 Arm,2,20,4400.0,220.0,220.0,293.3333333333333,10,215.0,9345.0,45.0,301.0,4.0,210.0,4100.0,280.0,190.0,3700.0,253.3333333333333,5.0,-4945.0,-25.0,-7.666666666666686,10.0,300.0,13.333333333333314,3.623460648148148,13,205.0,5715.0,278.1111111111111,28.333333333333332,215.0,301.0,25.0,5645.0,47.666666666666714,220.0
2018-09-03 09:44:05,2018-09-03,Hammer Row - Wide Grip,3,30,7400.0,255.0,246.66666666666666,340.0,10,250.0,5000.0,20.0,333.3333333333333,2.0,230.0,5060.0,322.0,240.0,7100.0,320.0,5.0,2400.0,10.0,6.666666666666686,25.0,2340.0,18.0,7.848113425925926,29,240.0,5720.0,325.11111111111114,24.0,250.0,333.3333333333333,10.0,-2100.0,13.333333333333314,255.0
2018-09-03 09:44:05,2018-09-03,Hammer seated row (CLOSE GRIP),1,10,2550.0,255.0,255.0,340.0,10,250.0,5000.0,20.0,333.3333333333333,2.0,270.0,5620.0,342.0,250.0,6500.0,333.3333333333333,5.0,-2450.0,-10.0,6.666666666666686,-15.0,-3070.0,-2.0,7.848113425925926,86,256.6666666666667,5706.666666666667,336.2222222222222,23.333333333333332,270.0,342.0,0.0,-1500.0,0.0,255.0
2018-09-03 09:44:05,2018-09-03,Neutral Chin,7,60,2760.0,65.0,45.714285714285715,82.33333333333333,12,65.0,2090.0,44.0,86.66666666666666,5.0,57.5,575.0,76.66666666666666,63.5,2592.0,82.55,0.0,670.0,16.0,-4.333333333333329,7.5,2185.0,5.666666666666671,7.848113425925926,24,62.0,1752.3333333333333,81.96111111111111,37.666666666666664,65.0,86.66666666666666,1.5,-502.0,4.11666666666666,65.0
2018-09-06 21:59:51,2018-09-06,Deadlift (Barbell),3,17,5695.0,335.0,335.0,402.0,6,450.0,8145.0,23.0,495.00000000000006,7.0,445.0,6660.0,489.50000000000006,435.0,8910.0,478.50000000000006,-115.0,-2450.0,-6.0,-93.00000000000006,-110.0,-965.0,-87.50000000000006,163.0703472222222,30,443.3333333333333,7905.0,487.66666666666674,22.333333333333332,450.0,495.00000000000006,15.0,-765.0,16.5,335.0
2018-09-06 21:59:51,2018-09-06,Hack Squat,1,5,1425.0,285.0,285.0,332.5,5,270.0,4320.0,16.0,342.0,2.0,280.0,9920.0,373.3333333333333,260.0,10640.0,346.66666666666663,15.0,-2895.0,-11.0,-9.5,5.0,-8495.0,-40.833333333333314,60.57190972222222,13,270.0,8293.333333333334,354.0,35.333333333333336,280.0,373.3333333333333,10.0,-6320.0,-4.666666666666629,285.0
2018-09-06 21:59:51,2018-09-06,Leg outward fly,3,36,4220.0,120.0,116.66666666666667,172.0,13,130.0,5480.0,44.0,182.0,4.0,130.0,4680.0,182.0,130.0,8050.0,195.0,-10.0,-1260.0,-8.0,-10.0,-10.0,-460.0,-10.0,27.17,38,130.0,6070.0,186.33333333333334,48.333333333333336,130.0,195.0,0.0,-2570.0,-13.0,120.0
2018-09-06 21:59:51,2018-09-06,Romanian Deadlift (Barbell),2,16,3360.0,235.0,210.0,297.66666666666663,8,235.0,6790.0,34.0,282.0,5.0,245.0,9280.0,310.3333333333333,245.0,6525.0,302.1666666666667,0.0,-3430.0,-18.0,15.666666666666629,-10.0,-5920.0,-12.666666666666686,5.427048611111111,53,241.66666666666666,7531.666666666667,298.1666666666667,36.333333333333336,245.0,310.3333333333333,-10.0,265.0,-20.166666666666686,235.0
2018-09-06 21:59:51,2018-09-06,Squat (Barbell),10,54,16140.0,405.0,312.0,449.1666666666667,8,355.0,12335.0,39.0,414.1666666666667,8.0,370.0,10765.0,431.6666666666667,425.0,11345.0,456.50000000000006,50.0,3805.0,15.0,35.0,35.0,5375.0,17.5,5.427048611111111,167,383.3333333333333,11481.666666666666,434.11111111111114,35.333333333333336,425.0,456.50000000000006,-70.0,990.0,-42.33333333333337,405.0
2018-09-07 21:00:21,2018-09-07,Bench Press (Barbell),6,31,8330.0,280.0,268.3333333333333,336.0,6,300.0,9385.0,36.0,350.0,6.0,300.0,9260.0,350.0,290.0,8490.0,348.0,-20.0,-1055.0,-5.0,-14.0,-20.0,-930.0,-14.0,9.560960648148148,52,296.6666666666667,9045.0,349.3333333333333,34.333333333333336,300.0,350.0,10.0,895.0,2.0,280.0
2018-09-07 21:00:21,2018-09-07,Lateral Raise (Dumbbells),3,36,1800.0,50.0,50.0,70.0,12,50.0,1800.0,36.0,70.0,3.0,50.0,1200.0,70.0,50.0,1400.0,75.0,0.0,0.0,0.0,0.0,0.0,600.0,0.0,5.251956018518518,69,50.0,1466.6666666666667,71.66666666666667,30.333333333333332,50.0,75.0,0.0,400.0,-5.0,50.0
2018-09-07 21:00:21,2018-09-07,Seated Shoulder Press (Barbell),6,41,9005.0,235.0,221.66666666666666,285.0,8,235.0,8810.0,40.0,297.66666666666663,5.0,230.0,8950.0,291.3333333333333,230.0,8245.0,291.3333333333333,0.0,195.0,1.0,-12.666666666666629,5.0,55.0,-6.333333333333314,9.560960648148148,103,231.66666666666666,8668.333333333334,293.4444444444444,39.666666666666664,235.0,297.66666666666663,5.0,565.0,6.333333333333314,235.0
2018-09-08 13:08:31,2018-09-08,Hammer High Row - 1 Arm,2,20,4300.0,215.0,215.0,286.66666666666663,10,220.0,4400.0,20.0,293.3333333333333,2.0,215.0,9345.0,301.0,210.0,4100.0,280.0,-5.0,-100.0,0.0,-6.666666666666686,0.0,-5045.0,-14.333333333333371,5.141967592592593,14,215.0,5948.333333333333,291.4444444444444,28.333333333333332,220.0,301.0,10.0,300.0,13.333333333333314,215.0
2018-09-08 13:08:31,2018-09-08,Hammer Row - Wide Grip,1,12,2760.0,230.0,230.0,322.0,12,255.0,7400.0,30.0,340.0,3.0,250.0,5000.0,333.3333333333333,230.0,5060.0,322.0,-25.0,-4640.0,-18.0,-18.0,-20.0,-2240.0,-11.333333333333314,5.141967592592593,30,245.0,5820.0,331.77777777777777,24.0,255.0,340.0,25.0,2340.0,18.0,230.0
2018-09-08 13:08:31,2018-09-08,Hammer seated row (CLOSE GRIP),3,30,7650.0,255.0,255.0,340.0,10,255.0,2550.0,10.0,340.0,1.0,250.0,5000.0,333.3333333333333,270.0,5620.0,342.0,0.0,5100.0,20.0,0.0,5.0,2650.0,6.666666666666686,5.141967592592593,87,258.3333333333333,4390.0,338.4444444444444,17.333333333333332,270.0,342.0,-15.0,-3070.0,-2.0,255.0
2018-09-08 13:08:31,2018-09-08,Neutral Chin,1,8,0.0,0.0,0.0,0.0,8,65.0,2760.0,60.0,82.33333333333333,7.0,65.0,2090.0,86.66666666666666,57.5,575.0,76.66666666666666,-65.0,-2760.0,-52.0,-82.33333333333333,-65.0,-2090.0,-86.66666666666666,5.141967592592593,25,62.5,1808.3333333333333,81.88888888888887,38.0,65.0,86.66666666666666,7.5,2185.0,5.666666666666671,0.0
2018-09-08 13:08:31,2018-09-08,curl ez bar,3,34,2720.0,80.0,80.0,112.0,12,70.0,1820.0,26.0,100.33333333333331,2.0,70.0,2100.0,105.0,0.0,0.0,0.0,10.0,900.0,8.0,11.666666666666686,10.0,620.0,7.0,203.7659375,2,70.0,1960.0,102.66666666666666,28.0,70.0,105.0,0.0,0.0,0.0,80.0
2018-09-11 07:05:38,2018-09-11,Leg press (hinge ),3,30,18900.0,630.0,630.0,840.0,10,650.0,24000.0,40.0,866.6666666666666,4.0,590.0,18280.0,786.6666666666666,590.0,17800.0,786.6666666666666,-20.0,-5100.0,-10.0,-26.66666666666663,40.0,620.0,53.33333333333337,13.992650462962963,83,610.0,20026.666666666668,813.3333333333334,34.666666666666664,650.0,866.6666666666666,60.0,6200.0,80.0,630.0
2018-09-11 07:05:38,2018-09-11,Squat (Barbell),8,44,13875.0,375.0,320.625,450.0,8,405.0,16140.0,54.0,449.1666666666667,10.0,355.0,12335.0,414.1666666666667,370.0,10765.0,431.6666666666667,-30.0,-2265.0,-10.0,0.8333333333333144,20.0,1540.0,35.833333333333314,4.379016203703704,168,376.6666666666667,13080.0,431.6666666666667,42.333333333333336,405.0,449.1666666666667,35.0,5375.0,17.5,375.0
2018-09-12 07:14:15,2018-09-12,Incline Bench Press (Barbell),6,30,7875.0,275.0,262.5,320.83333333333337,5,270.0,8145.0,31.0,324.0,6.0,270.0,7550.0,315.0,275.0,9980.0,320.83333333333337,5.0,-270.0,-1.0,-3.1666666666666288,5.0,325.0,5.833333333333371,9.678275462962963,115,271.6666666666667,8558.333333333334,319.9444444444444,33.333333333333336,275.0,324.0,-5.0,-1835.0,3.1666666666666288,275.0
2018-09-12 07:14:15,2018-09-12,Low Incline Dumbbell Bench,3,27,5570.0,210.0,206.66666666666666,273.0,10,190.0,3990.0,21.0,259.6666666666667,2.0,210.0,6080.0,280.0,200.0,4000.0,266.66666666666663,20.0,1580.0,6.0,13.333333333333314,0.0,-510.0,-7.0,9.678275462962963,11,200.0,4690.0,268.77777777777777,23.666666666666668,210.0,280.0,-10.0,-10.0,-6.999999999999943,210.0
2018-09-13 20:03:20,2018-09-13,Bicep Curl (Barbell),3,30,2550.0,85.0,85.0,113.33333333333331,10,80.0,1760.0,22.0,109.33333333333334,2.0,85.0,4080.0,119.0,85.0,3060.0,119.0,5.0,790.0,8.0,3.9999999999999716,0.0,-1530.0,-5.666666666666686,10.430034722222222,86,83.33333333333333,2966.6666666666665,115.77777777777779,35.333333333333336,85.0,119.0,-5.0,-1300.0,-9.666666666666657,85.0
2018-09-13 20:03:20,2018-09-13,Hammer High Row - 1 Arm,2,20,4500.0,230.0,225.0,306.66666666666663,10,215.0,4300.0,20.0,286.66666666666663,2.0,220.0,4400.0,293.3333333333333,215.0,9345.0,301.0,15.0,200.0,0.0,20.0,10.0,100.0,13.333333333333314,5.2880671296296295,15,216.66666666666666,6015.0,293.6666666666667,28.333333333333332,220.0,301.0,0.0,-5045.0,-14.333333333333371,230.0
2018-09-13 20:03:20,2018-09-13,Hammer Row - Wide Grip,2,20,5100.0,255.0,255.0,340.0,10,230.0,2760.0,12.0,322.0,1.0,255.0,7400.0,340.0,250.0,5000.0,333.3333333333333,25.0,2340.0,8.0,18.0,0.0,-2300.0,0.0,5.2880671296296295,31,245.0,5053.333333333333,331.77777777777777,20.666666666666668,255.0,340.0,-20.0,-2240.0,-11.333333333333314,255.0
2018-09-13 20:03:20,2018-09-13,Hammer seated row (CLOSE GRIP),3,30,7650.0,255.0,255.0,340.0,10,255.0,7650.0,30.0,340.0,3.0,255.0,2550.0,340.0,250.0,5000.0,333.3333333333333,0.0,0.0,0.0,0.0,0.0,5100.0,0.0,5.2880671296296295,88,253.33333333333334,5066.666666666667,337.77777777777777,20.0,255.0,340.0,5.0,2650.0,6.666666666666686,255.0
2018-09-13 20:03:20,2018-09-13,Neutral Chin,6,50,2392.0,70.5,47.75,89.3,10,0.0,0.0,8.0,0.0,1.0,65.0,2760.0,82.33333333333333,65.0,2090.0,86.66666666666666,70.5,2392.0,42.0,89.3,5.5,-368.0,6.966666666666669,5.2880671296296295,26,43.333333333333336,1616.6666666666667,56.333333333333336,37.333333333333336,65.0,86.66666666666666,-65.0,-2090.0,-86.66666666666666,70.5
2018-09-15 23:00:27,2018-09-15,Deadlift (Barbell),5,25,7675.0,355.0,307.0,414.1666666666667,5,335.0,5695.0,17.0,402.0,3.0,450.0,8145.0,495.00000000000006,445.0,6660.0,489.50000000000006,20.0,1980.0,8.0,12.166666666666686,-95.0,-470.0,-80.83333333333337,9.042083333333334,31,410.0,6833.333333333333,462.16666666666674,19.333333333333332,450.0,495.00000000000006,-110.0,-965.0,-87.50000000000006,355.0
2018-09-15 23:00:27,2018-09-15,Squat (Barbell),9,51,14790.0,345.0,288.3333333333333,414.0,7,375.0,13875.0,44.0,450.0,8.0,405.0,16140.0,449.1666666666667,355.0,12335.0,414.1666666666667,-30.0,915.0,7.0,-36.0,-60.0,-1350.0,-35.166666666666686,4.6630671296296295,169,378.3333333333333,14116.666666666666,437.7777777777778,45.666666666666664,405.0,450.0,20.0,1540.0,35.833333333333314,345.0
2018-09-16 18:34:09,2018-09-16,Bench Press (Barbell),6,30,8250.0,295.0,275.0,344.1666666666667,5,280.0,8330.0,31.0,336.0,6.0,300.0,9385.0,350.0,300.0,9260.0,350.0,15.0,-80.0,-1.0,8.166666666666686,-5.0,-1135.0,-5.833333333333314,8.898472222222223,53,293.3333333333333,8991.666666666666,345.3333333333333,34.0,300.0,350.0,-20.0,-930.0,-14.0,295.0
2018-09-16 18:34:09,2018-09-16,Lateral Raise (Dumbbells),2,30,1500.0,50.0,50.0,75.0,15,50.0,1800.0,36.0,70.0,3.0,50.0,1800.0,70.0,50.0,1200.0,70.0,0.0,-300.0,-6.0,5.0,0.0,-300.0,5.0,8.898472222222223,70,50.0,1600.0,70.0,33.0,50.0,70.0,0.0,600.0,0.0,50.0
2018-09-16 18:34:09,2018-09-16,Seated Shoulder Press (Barbell),5,35,7855.0,235.0,222.0,291.3333333333333,8,235.0,9005.0,41.0,285.0,6.0,235.0,8810.0,297.66666666666663,230.0,8950.0,291.3333333333333,0.0,-1150.0,-6.0,6.333333333333314,0.0,-955.0,-6.333333333333314,8.898472222222223,104,233.33333333333334,8921.666666666666,291.3333333333333,41.0,235.0,297.66666666666663,5.0,55.0,-6.333333333333314,235.0
2018-09-17 07:29:40,2018-09-17,Hammer seated row (CLOSE GRIP),4,48,11280.0,240.0,235.0,336.0,12,255.0,7650.0,30.0,340.0,3.0,255.0,7650.0,340.0,255.0,2550.0,340.0,-15.0,3630.0,18.0,-4.0,-15.0,3630.0,-4.0,3.4766203703703704,89,255.0,5950.0,340.0,23.333333333333332,255.0,340.0,0.0,5100.0,0.0,240.0
2018-09-17 07:29:40,2018-09-17,Neutral Chin,2,24,840.0,35.0,35.0,49.0,12,70.5,2392.0,50.0,89.3,6.0,0.0,0.0,0.0,65.0,2760.0,82.33333333333333,-35.5,-1552.0,-26.0,-40.3,35.0,840.0,49.0,3.4766203703703704,27,45.166666666666664,1717.3333333333333,57.21111111111111,39.333333333333336,70.5,89.3,5.5,-368.0,6.966666666666669,35.0
2018-09-19 21:33:50,2018-09-19,Leg press (hinge ),3,30,19300.0,650.0,643.3333333333334,866.6666666666666,10,630.0,18900.0,30.0,840.0,3.0,650.0,24000.0,866.6666666666666,590.0,18280.0,786.6666666666666,20.0,400.0,0.0,26.66666666666663,0.0,-4700.0,0.0,8.602916666666667,84,623.3333333333334,20393.333333333332,831.1111111111112,34.0,650.0,866.6666666666666,40.0,620.0,53.33333333333337,650.0
2018-09-19 21:33:50,2018-09-19,Squat (Barbell),8,42,13215.0,380.0,316.875,443.33333333333337,6,345.0,14790.0,51.0,414.0,9.0,375.0,13875.0,450.0,405.0,16140.0,449.1666666666667,35.0,-1575.0,-9.0,29.33333333333337,5.0,-660.0,-6.666666666666629,3.939849537037037,170,375.0,14935.0,437.7222222222222,49.666666666666664,405.0,450.0,-60.0,-1350.0,-35.166666666666686,380.0
2018-09-20 18:45:46,2018-09-20,Incline Bench Press (Barbell),5,23,6100.0,275.0,262.0,320.83333333333337,5,275.0,7875.0,30.0,320.83333333333337,6.0,270.0,8145.0,324.0,270.0,7550.0,315.0,0.0,-1775.0,-7.0,0.0,5.0,-2045.0,-3.1666666666666288,8.480219907407408,116,271.6666666666667,7856.666666666667,319.9444444444445,30.0,275.0,324.0,5.0,325.0,5.833333333333371,275.0
2018-09-20 18:45:46,2018-09-20,Incline Press (Dumbbell),4,38,6640.0,180.0,175.0,240.0,10,180.0,3490.0,20.0,234.0,2.0,200.0,3500.0,253.3333333333333,180.0,5760.0,252.0,0.0,3150.0,18.0,6.0,-20.0,3140.0,-13.333333333333286,18.15849537037037,54,186.66666666666666,4250.0,246.44444444444443,24.0,200.0,253.3333333333333,0.0,-2270.0,-18.0,180.0
2018-09-21 20:54:39,2018-09-21,Bicep Curl (Barbell),2,27,2160.0,80.0,80.0,120.0,15,85.0,2550.0,30.0,113.33333333333331,3.0,80.0,1760.0,109.33333333333334,85.0,4080.0,119.0,-5.0,-390.0,-3.0,6.666666666666686,0.0,400.0,10.666666666666657,8.035636574074074,87,83.33333333333333,2796.6666666666665,113.88888888888887,33.333333333333336,85.0,119.0,0.0,-1530.0,-5.666666666666686,80.0
2018-09-21 20:54:39,2018-09-21,Hammer seated row (CLOSE GRIP),4,40,10400.0,260.0,260.0,346.66666666666663,10,240.0,11280.0,48.0,336.0,4.0,255.0,7650.0,340.0,255.0,7650.0,340.0,20.0,-880.0,-8.0,10.666666666666629,5.0,2750.0,6.666666666666629,4.559016203703703,90,250.0,8860.0,338.6666666666667,36.0,255.0,340.0,-15.0,3630.0,-4.0,260.0
2018-09-21 20:54:39,2018-09-21,Seated Cable Row (close Grip),2,24,3600.0,150.0,150.0,210.0,12,140.0,7130.0,54.0,191.33333333333331,5.0,150.0,3450.0,210.0,130.0,4680.0,182.0,10.0,-3530.0,-30.0,18.666666666666686,0.0,150.0,0.0,58.55221064814815,62,140.0,5086.666666666667,194.44444444444446,37.666666666666664,150.0,210.0,10.0,2450.0,9.333333333333314,150.0
2018-09-24 21:23:45,2018-09-24,Deadlift (Barbell),6,28,9000.0,375.0,325.0,437.5,5,355.0,7675.0,25.0,414.1666666666667,5.0,335.0,5695.0,402.0,450.0,8145.0,495.00000000000006,20.0,1325.0,3.0,23.333333333333314,40.0,3305.0,35.5,8.932847222222222,32,380.0,7171.666666666667,437.0555555555556,21.666666666666668,450.0,495.00000000000006,-95.0,-470.0,-80.83333333333337,375.0
2018-09-24 21:23:45,2018-09-24,Neutral Chin,2,20,0.0,0.0,0.0,0.0,10,35.0,840.0,24.0,49.0,2.0,70.5,2392.0,89.3,0.0,0.0,0.0,-35.0,-840.0,-4.0,-49.0,-70.5,-2392.0,-89.3,7.579224537037037,28,35.166666666666664,1077.3333333333333,46.1,27.333333333333332,70.5,89.3,35.0,840.0,49.0,0.0
2018-09-24 21:23:45,2018-09-24,Seated Cable Row (close Grip),2,24,4080.0,170.0,170.0,238.0,12,150.0,3600.0,24.0,210.0,2.0,140.0,7130.0,191.33333333333331,150.0,3450.0,210.0,20.0,480.0,0.0,28.0,30.0,-3050.0,46.666666666666686,3.020208333333333,63,146.66666666666666,4726.666666666667,203.7777777777778,33.666666666666664,150.0,210.0,0.0,150.0,0.0,170.0
2018-09-25 19:55:52,2018-09-25,Bench Press (Barbell),6,28,7840.0,305.0,281.6666666666667,344.1666666666667,5,295.0,8250.0,30.0,344.1666666666667,6.0,280.0,8330.0,336.0,300.0,9385.0,350.0,10.0,-410.0,-2.0,0.0,25.0,-490.0,8.166666666666686,9.056747685185185,54,291.6666666666667,8655.0,343.3888888888889,32.333333333333336,300.0,350.0,-5.0,-1135.0,-5.833333333333314,305.0
2018-09-25 19:55:52,2018-09-25,Lateral Raise (Dumbbells),2,30,1500.0,50.0,50.0,75.0,15,50.0,1500.0,30.0,75.0,2.0,50.0,1800.0,70.0,50.0,1800.0,70.0,0.0,0.0,0.0,0.0,0.0,-300.0,5.0,9.056747685185185,71,50.0,1700.0,71.66666666666667,34.0,50.0,75.0,0.0,-300.0,5.0,50.0
2018-09-25 19:55:52,2018-09-25,Low Incline Dumbbell Bench,2,20,3400.0,170.0,170.0,226.66666666666663,10,210.0,5570.0,27.0,273.0,3.0,190.0,3990.0,259.6666666666667,210.0,6080.0,280.0,-40.0,-2170.0,-7.0,-46.33333333333337,-20.0,-590.0,-33.00000000000006,13.528900462962962,12,203.33333333333334,5213.333333333333,270.8888888888889,26.0,210.0,280.0,0.0,-510.0,-7.0,170.0
2018-09-25 19:55:52,2018-09-25,Seated Shoulder Press (Barbell),5,39,8735.0,235.0,223.0,297.66666666666663,8,235.0,7855.0,35.0,291.3333333333333,5.0,235.0,9005.0,285.0,235.0,8810.0,297.66666666666663,0.0,880.0,4.0,6.333333333333314,0.0,-270.0,12.666666666666629,9.056747685185185,105,235.0,8556.666666666666,291.3333333333333,38.666666666666664,235.0,297.66666666666663,0.0,-955.0,-6.333333333333314,235.0
2018-09-27 19:58:23,2018-09-27,Leg curl,4,41,5170.0,135.0,126.25,180.0,11,145.0,4395.0,31.0,198.16666666666663,3.0,140.0,4200.0,186.66666666666663,135.0,3645.0,180.0,-10.0,775.0,10.0,-18.16666666666663,-5.0,970.0,-6.666666666666629,131.21400462962964,35,140.0,4080.0,188.27777777777774,29.333333333333332,145.0,198.16666666666663,10.0,750.0,18.16666666666663,135.0
2018-09-27 19:58:23,2018-09-27,Squat (Barbell),10,48,15080.0,380.0,321.0,425.83333333333337,6,380.0,13215.0,42.0,443.33333333333337,8.0,345.0,14790.0,414.0,375.0,13875.0,450.0,0.0,1865.0,6.0,-17.5,35.0,290.0,11.833333333333371,7.933715277777778,171,366.6666666666667,13960.0,435.7777777777778,45.666666666666664,380.0,450.0,5.0,-660.0,-6.666666666666629,380.0
2018-09-28 18:41:47,2018-09-28,Bicep Curl (Barbell),2,22,1870.0,85.0,85.0,119.0,12,80.0,2160.0,27.0,120.0,2.0,85.0,2550.0,113.33333333333331,80.0,1760.0,109.33333333333334,5.0,-290.0,-5.0,-1.0,0.0,-680.0,5.666666666666686,6.907731481481481,88,81.66666666666667,2156.6666666666665,114.22222222222221,26.333333333333332,85.0,120.0,0.0,400.0,10.666666666666657,85.0
2018-09-28 18:41:47,2018-09-28,Hammer Row - Wide Grip,2,20,5200.0,260.0,260.0,346.66666666666663,10,255.0,5100.0,20.0,340.0,2.0,230.0,2760.0,322.0,255.0,7400.0,340.0,5.0,100.0,0.0,6.666666666666629,30.0,2440.0,24.66666666666663,14.943368055555556,32,246.66666666666666,5086.666666666667,334.0,20.666666666666668,255.0,340.0,0.0,-2300.0,0.0,260.0
2018-09-28 18:41:47,2018-09-28,Hammer seated row (CLOSE GRIP),2,20,5200.0,260.0,260.0,346.66666666666663,10,260.0,10400.0,40.0,346.66666666666663,4.0,240.0,11280.0,336.0,255.0,7650.0,340.0,0.0,-5200.0,-20.0,0.0,20.0,-6080.0,10.666666666666629,6.907731481481481,91,251.66666666666666,9776.666666666666,340.8888888888889,39.333333333333336,260.0,346.66666666666663,5.0,2750.0,6.666666666666629,260.0
2018-09-28 18:41:47,2018-09-28,Neutral Chin,7,68,3330.0,65.0,46.42857142857143,91.0,12,0.0,0.0,20.0,0.0,2.0,35.0,840.0,49.0,70.5,2392.0,89.3,65.0,3330.0,48.0,91.0,30.0,2490.0,42.0,3.8875231481481483,29,35.166666666666664,1077.3333333333333,46.1,31.333333333333332,70.5,89.3,-70.5,-2392.0,-89.3,65.0
2018-09-29 14:35:32,2018-09-29,Incline Bench Press (Barbell),5,29,7710.0,270.0,266.0,318.0,6,275.0,6100.0,23.0,320.83333333333337,5.0,275.0,7875.0,320.83333333333337,270.0,8145.0,324.0,-5.0,1610.0,6.0,-2.8333333333333712,-5.0,-165.0,-2.8333333333333712,8.826226851851851,117,273.3333333333333,7373.333333333333,321.8888888888889,28.0,275.0,324.0,5.0,-2045.0,-3.1666666666666288,270.0
2018-09-29 14:35:32,2018-09-29,Lateral Raise (Dumbbells),3,45,2250.0,50.0,50.0,75.0,15,50.0,1500.0,30.0,75.0,2.0,50.0,1500.0,75.0,50.0,1800.0,70.0,0.0,750.0,15.0,0.0,0.0,750.0,0.0,3.7775462962962965,72,50.0,1600.0,73.33333333333333,32.0,50.0,75.0,0.0,-300.0,5.0,50.0
2018-09-29 14:35:32,2018-09-29,Low Incline Dumbbell Bench,3,39,6630.0,170.0,170.0,255.0,15,170.0,3400.0,20.0,226.66666666666663,2.0,210.0,5570.0,273.0,190.0,3990.0,259.6666666666667,0.0,3230.0,19.0,28.33333333333337,-40.0,1060.0,-18.0,3.7775462962962965,13,190.0,4320.0,253.1111111111111,22.666666666666668,210.0,273.0,-20.0,-590.0,-33.00000000000006,170.0
